Date,Close_Ratio_2,Trend_2,Close_Ratio_3,Trend_3,Close_Ratio_4,Trend_4,Close_Ratio_6,Trend_6,Close_Ratio_12,Trend_12
1986-01-01,1.0249341156706029,2.0,1.0632211399384208,3.0,1.1028357083540312,4.0,1.2104729636959517,5.0,1.1859018138207373,6.0
1986-02-01,1.0389584862244856,2.0,1.0695174589021916,3.0,1.108031216168356,4.0,1.2036084378043743,6.0,1.2806812978778948,7.0
1986-03-01,1.06103318932987,2.0,1.1096550400372565,3.0,1.1486653917140566,4.0,1.236098045851197,6.0,1.410295104444857,8.0
1986-04-01,1.0341896922656102,2.0,1.0868288610222314,3.0,1.134820063326139,4.0,1.220170425285015,6.0,1.4556420277680058,9.0
1986-05-01,1.1003716951797755,2.0,1.1623047315783022,3.0,1.2282176466410415,4.0,1.3403795957127103,6.0,1.650560317912879,10.0
1986-06-01,0.9845605216576736,1.0,1.0436334920280987,2.0,1.0922904702040799,3.0,1.1991613815247506,5.0,1.5006500051878595,9.0
1986-07-01,0.9310997645073057,0.0,0.9003601617212776,1.0,0.9302321260414423,2.0,0.9993338692883037,4.0,1.240694892555246,9.0
1986-08-01,1.0842500899631276,1.0,1.0660285910442562,1.0,1.0487172602694108,2.0,1.112086834397139,4.0,1.3693160593650806,10.0
1986-09-01,0.9503547449138489,1.0,0.9877157815505453,1.0,0.9736620149539847,1.0,0.9810872548381339,3.0,1.1754409654726823,9.0
1986-10-01,1.0165126893090037,1.0,0.988108066368048,2.0,1.0155810185675263,2.0,0.992830955814973,3.0,1.1606141025686567,9.0
1986-11-01,1.0720252526298448,2.0,1.1098236758245077,2.0,1.102494288497731,3.0,1.130738905700322,3.0,1.2702574990860473,9.0
1986-12-01,1.0062135613482932,2.0,1.0553768630981575,3.0,1.089993284309519,3.0,1.120462537106768,4.0,1.2261133199748886,9.0
1987-01-01,1.1562491264205879,2.0,1.2242651230245365,3.0,1.301099217367188,4.0,1.3810258106679656,5.0,1.5533524424603777,9.0
1987-02-01,1.1155375646271388,2.0,1.265059267078872,3.0,1.3592230901719367,4.0,1.5321468899696777,5.0,1.7730856899288407,9.0
1987-03-01,0.9591070391228266,1.0,1.0184198469794383,2.0,1.1193039967372675,3.0,1.2683308766351347,5.0,1.51764386949422,8.0
1987-04-01,1.1026099446001054,1.0,1.1122819084934972,2.0,1.177345589203071,3.0,1.3595438292989286,5.0,1.7012530499606586,8.0
1987-05-01,0.9984203555199855,1.0,1.0639740262277941,1.0,1.0794203665805167,2.0,1.2192934891988536,4.0,1.5773722739422134,7.0
1987-06-01,1.0124991545829574,1.0,1.0156729354967324,2.0,1.0666660512917214,2.0,1.132206647695805,4.0,1.5043514981440345,8.0
1987-07-01,1.0091751307756747,2.0,1.0206190973424787,2.0,1.0256414895482369,3.0,1.0849324732638037,4.0,1.4196101606534681,9.0
1987-08-01,1.1338578378173991,2.0,1.1933701196937756,3.0,1.2325246694863268,3.0,1.3110773478043716,4.0,1.6866762542724807,9.0
1987-09-01,1.0226239590066006,2.0,1.116967765780327,3.0,1.1755518441601933,4.0,1.249192665578708,5.0,1.5992910412088204,10.0
1987-10-01,0.8120895680289528,1.0,0.7770326760051409,2.0,0.8115558832137122,3.0,0.8571425185290239,4.0,1.0409878706153843,9.0
1987-11-01,0.9214663262741117,0.0,0.772683489467496,1.0,0.7247773548711656,2.0,0.7503556125149496,4.0,0.8641573404975311,8.0
1987-12-01,1.1199997365316374,1.0,1.1089107887090242,1.0,0.9875093283516201,2.0,0.9495994713157461,4.0,1.049999825283914,8.0
1988-01-01,0.9940123609506973,1.0,1.0686698956891942,1.0,1.0701052852775998,1.0,0.9374123988513816,3.0,1.0086081756106575,7.0
1988-02-01,1.017751670952883,1.0,1.0197633646051483,2.0,1.0783704790544073,2.0,1.0132557292119266,3.0,1.0284014858532349,7.0
1988-03-01,0.9638550660491604,1.0,0.9638550789696857,1.0,0.9609608123829444,2.0,1.0078739961018017,2.0,0.9421001204315147,7.0
1988-04-01,1.0123448538315456,1.0,0.9919341429527218,2.0,0.9909350603880226,2.0,1.0228674997176699,3.0,0.9630521859755694,7.0
1988-05-01,1.0060615957102865,2.0,1.0163273130144392,2.0,1.0030216196462152,3.0,1.0000004423668574,4.0,0.97099737777504,8.0
1988-06-01,1.0541301357933057,2.0,1.0776693101581933,3.0,1.096295442976001,3.0,1.095753869482213,4.0,1.0701360815684655,8.0
1988-07-01,0.9793104403357245,1.0,1.0075681352592192,2.0,1.0252704844431908,3.0,1.0395307214931846,4.0,1.0206028661084379,7.0
1988-08-01,0.946588286434641,0.0,0.9166676855031369,1.0,0.9273263302815906,2.0,0.9456530007778932,3.0,0.9426255686551493,6.0
1988-09-01,1.0406015620893556,1.0,1.0176476697249925,1.0,0.9956843718133636,2.0,1.0126838708628632,4.0,1.049811014519087,6.0
1988-10-01,0.9435109899240073,1.0,0.9517448159695225,1.0,0.9300223424135312,1.0,0.9128506690846777,3.0,0.9375471207890591,6.0
1988-11-01,0.98688609241327,0.0,0.9445614494738406,1.0,0.9443145195990532,1.0,0.9030012981204071,2.0,0.9048108039727457,6.0
1988-12-01,1.0337071119578114,1.0,1.0364802454922002,1.0,1.007824211723733,2.0,0.9897538256346409,2.0,0.9713421893619181,6.0
1989-01-01,0.9679493741088347,1.0,0.9794598453849771,1.0,0.9789309644849317,1.0,0.9541870406068713,2.0,0.9179341192604351,6.0
1989-02-01,0.9797295136468035,0.0,0.9518601158021898,1.0,0.9547324824316082,1.0,0.9304814543195564,2.0,0.8936831941236228,5.0
1989-03-01,0.9913033584564898,0.0,0.9749130337441769,0.0,0.9507910141602063,1.0,0.9452722096323791,1.0,0.8862389078654163,5.0
1989-04-01,1.0452262695588166,1.0,1.0552418977801317,1.0,1.0496205967817214,1.0,1.0331114298066575,2.0,0.9742379559495491,5.0
1989-05-01,1.100864627606505,2.0,1.1705824287804383,2.0,1.2040974484302223,2.0,1.2107758448680126,3.0,1.177497294867137,5.0
1989-06-01,0.9269672227828034,1.0,0.9667981453386856,2.0,1.0084049027892423,2.0,1.041558204077101,2.0,1.0277716004709796,4.0
1989-07-01,0.9814812823089595,0.0,0.9262139799016048,1.0,0.9478397083138376,2.0,0.995305920698437,2.0,1.00000045484451,4.0
1989-08-01,1.0563788659410904,1.0,1.0637435636831232,1.0,1.0274158824573865,2.0,1.0771549328658008,3.0,1.108744983898055,5.0
1989-09-01,1.0,1.0,1.0368925898352137,1.0,1.0470577653468,1.0,1.0399212745780497,3.0,1.1058750055524433,4.0
1989-10-01,1.0219791118915265,1.0,1.0295217699503603,2.0,1.0613421802538727,2.0,1.0558194798349545,3.0,1.1370362071222342,5.0
1989-11-01,0.9752057178875024,1.0,0.9815152348485608,1.0,0.9847007093146283,2.0,1.0182159475032115,2.0,1.0676042011183227,5.0
1989-12-01,0.8867925621514138,0.0,0.8392852942148844,1.0,0.8269792987617847,1.0,0.8302255150601209,2.0,0.8591009329793431,4.0
1990-01-01,0.9819489796139694,0.0,0.8986778886307738,0.0,0.849999023675616,1.0,0.8192764029718073,2.0,0.8349951811157391,4.0
1990-02-01,1.0,0.0,0.9878931393464906,0.0,0.9220334834549688,0.0,0.8553451979289299,1.0,0.8388580607692098,4.0
1990-03-01,1.0841758082886517,1.0,1.115474463142097,1.0,1.1219521329071382,1.0,1.0309502764219562,2.0,0.983707083048485,5.0
1990-04-01,0.9890117094773906,1.0,1.0396053931355622,1.0,1.0668943082261741,1.0,1.0401780349537473,1.0,0.961588948192482,4.0
1990-05-01,1.023255694568132,1.0,1.0237852319281233,2.0,1.0653761931296466,2.0,1.1042958578066315,2.0,1.0208829199324805,4.0
1990-06-01,1.0406976274828217,2.0,1.07078749200279,2.0,1.0807548971878589,3.0,1.1492786830696704,3.0,1.099566125677361,5.0
1990-07-01,0.9682991582825825,1.0,0.9843742372474025,2.0,1.003733194874671,2.0,1.0429379786839823,3.0,1.0272612353537494,5.0
1990-08-01,0.9367086232959111,0.0,0.8969690376939656,1.0,0.8969688260001291,2.0,0.9075105514525199,3.0,0.9190163993276429,4.0
1990-09-01,0.8787889561590999,0.0,0.8055566947888508,0.0,0.7594116952043902,1.0,0.7455818209793967,2.0,0.7441871779514333,4.0
1990-10-01,1.0292886543111115,1.0,0.9534891062170361,1.0,0.8864873951771209,1.0,0.8209127883869829,3.0,0.8165986670367693,4.0
1990-11-01,1.0888880889019348,2.0,1.142485872391906,2.0,1.1011229229615607,2.0,1.0011344777344708,3.0,0.9924047938711293,5.0
1990-12-01,1.0783704790544073,2.0,1.1674211129944077,3.0,1.2329750174238505,3.0,1.180778685174461,3.0,1.14127814360291,6.0
1991-01-01,1.1269032691313698,2.0,1.231053570907224,3.0,1.337349110996851,4.0,1.4353446448920748,4.0,1.406175781546682,7.0
1991-02-01,1.015521084650243,2.0,1.1027285844717034,3.0,1.1896104008698198,4.0,1.3617439745060482,5.0,1.3826413757491758,8.0
1991-03-01,1.0858281418192106,2.0,1.1286304336806277,3.0,1.2156420013991407,4.0,1.400857794560929,6.0,1.555395946342657,8.0
1991-04-01,0.8943083932877405,1.0,0.9153944589559314,2.0,0.9331909727341394,3.0,1.0459575821461709,5.0,1.2216549458870274,8.0
1991-05-01,0.9215692620424222,0.0,0.8294121621307204,1.0,0.8272829745925927,2.0,0.8656946124218403,4.0,1.0329669850011851,7.0
1991-06-01,0.9378533038083114,0.0,0.8675964867196433,0.0,0.7848705274926498,1.0,0.7679263811024521,3.0,0.9175498631825362,6.0
1991-07-01,1.0541301357933057,1.0,1.029683497044947,1.0,0.9749662713325817,1.0,0.8809514363606771,3.0,1.0146238381061932,7.0
1991-08-01,1.0680103092038078,2.0,1.1296622392673827,2.0,1.1291606299982242,2.0,1.023330256199804,3.0,1.129661542734582,8.0
1991-09-01,0.965853637250516,1.0,0.9983194450571651,2.0,1.040735648191043,2.0,1.0162529465978039,2.0,1.0179940842828972,8.0
1991-10-01,1.0198018215014744,1.0,1.0032465265096728,2.0,1.0287139545401918,3.0,1.0701292602584704,3.0,1.0227545512325702,8.0
1991-11-01,0.9926655181157916,1.0,1.0032954320122622,1.0,0.9914535409881786,2.0,1.0410261077264307,3.0,0.9850384657826076,7.0
1991-12-01,1.0525085321488428,1.0,1.0661938844692689,2.0,1.0834835605033302,2.0,1.100447524919428,4.0,1.0710466120609836,7.0
1992-01-01,1.0691436657171205,2.0,1.1301819812274254,2.0,1.1594855567999305,3.0,1.192175419585198,4.0,1.2124051767579533,7.0
1992-02-01,1.020794318032908,2.0,1.0735592957122293,3.0,1.1279380486535084,3.0,1.189865192989048,4.0,1.2440019187118017,7.0
1992-03-01,0.9264406852903402,1.0,0.9173222100774352,2.0,0.9437969367373167,3.0,1.001073679714406,4.0,1.0898456686520792,6.0
1992-04-01,1.015839470864178,1.0,0.9704097202952768,2.0,0.9596004683938811,3.0,1.0083852282404333,4.0,1.116008836487346,7.0
1992-05-01,0.996871946848602,1.0,1.006316049608693,1.0,0.9730279117580127,2.0,0.9775050487475099,4.0,1.0875996062939044,7.0
1992-06-01,0.8909508839557163,0.0,0.8577807271809328,1.0,0.8490875358758369,1.0,0.8036268537946406,3.0,0.8651891012973755,7.0
1992-07-01,0.9868082459779659,0.0,0.9077677983541473,0.0,0.8712880125627065,1.0,0.8240917765713983,2.0,0.8420270883220787,6.0
1992-08-01,0.9919130577231353,0.0,0.9804614762192502,0.0,0.9177053907506718,0.0,0.8655426985530674,1.0,0.837314796998731,5.0
1992-09-01,0.9903984271599016,0.0,0.9818679966684107,0.0,0.9710833800169907,0.0,0.885528104734708,1.0,0.8268759868510686,5.0
1992-10-01,1.0755439009609888,1.0,1.0966057987365423,1.0,1.1030858707729416,1.0,1.0566039121640136,1.0,0.9605490149689133,5.0
1992-11-01,1.0454546695898226,2.0,1.1120064427730727,2.0,1.1435676770218797,2.0,1.1660332845386208,2.0,1.0413133357798636,6.0
1992-12-01,1.019189521447936,2.0,1.05596440108781,3.0,1.1122741835956285,3.0,1.165379553915011,3.0,1.0765764221137282,6.0
1993-01-01,0.9979036836488612,1.0,1.00990099009901,2.0,1.0381679389312977,3.0,1.1143191821154332,3.0,1.080590342861285,5.0
1993-02-01,0.9422219218312106,0.0,0.9230766145194919,1.0,0.9227416830793278,2.0,0.9713625513835472,3.0,0.9841388932324839,4.0
1993-03-01,0.9856457529817415,0.0,0.9420727319671967,0.0,0.9206698988901696,1.0,0.9258420312988443,3.0,0.9663792951948211,4.0
1993-04-01,0.9975670797527649,0.0,0.9871590124281642,0.0,0.952380860816355,0.0,0.9248117692204542,2.0,0.9752226210982556,3.0
1993-05-01,1.0498261542296912,1.0,1.0658824237546831,1.0,1.0665097414191118,1.0,1.0245003735486302,2.0,1.0828680842630813,4.0
1993-06-01,0.8218474960791217,1.0,0.8040723733788954,1.0,0.7944701687510223,1.0,0.76114131173513,1.0,0.7657522697505521,4.0
1993-07-01,0.8252784808716109,0.0,0.6720486792066799,1.0,0.6338333611528059,1.0,0.5954408499282529,1.0,0.5550004065931482,4.0
1993-08-01,0.9769579364407447,0.0,0.8479990402633658,0.0,0.7049039315649827,1.0,0.628147945816688,1.0,0.5478033611548563,4.0
1993-09-01,0.9373427899563056,0.0,0.903380541342499,0.0,0.7982909701564835,0.0,0.6233324185368869,1.0,0.5020126763984475,4.0
1993-10-01,1.1362603077805615,1.0,1.1441879932659054,1.0,1.134949834854091,1.0,0.9022018587929106,2.0,0.6871520666770058,4.0
1993-11-01,1.0120473865300053,2.0,1.103649521333368,2.0,1.1237458910827822,2.0,1.0536581934669609,2.0,0.7397261844341133,4.0
1993-12-01,0.9629635083347284,1.0,0.9590165863045642,2.0,1.0184991187689239,2.0,1.0376948965685475,2.0,0.7304899663547478,3.0
1994-01-01,1.056451554725183,1.0,1.0508024460107743,2.0,1.0543260212459102,3.0,1.1285003741756734,3.0,0.8661166051842601,4.0
1994-02-01,1.0541513791979886,2.0,1.1116747439990493,2.0,1.123076761516695,3.0,1.1894093598482356,4.0,1.0017157058219779,5.0
1994-03-01,0.9534047767613405,1.0,0.9731702608726914,2.0,1.0094870412696821,2.0,1.0283498203724915,4.0,0.9522671465058854,5.0
1994-04-01,0.9486163075172166,0.0,0.9022551084819593,1.0,0.9056596263698543,2.0,0.9314351080310805,3.0,0.9050904160237895,5.0
1994-05-01,0.9873426121878454,0.0,0.9486495380943601,0.0,0.9069775102027879,1.0,0.918848710063638,2.0,0.9476887943020311,4.0
1994-06-01,0.9506718002840623,0.0,0.92711316180936,0.0,0.8907557780708394,0.0,0.8446207897992042,2.0,0.8898208587386571,4.0
1994-07-01,1.1194183903231354,1.0,1.1299782754963978,1.0,1.1282045019167461,1.0,1.0683837528654323,2.0,1.1126774563655666,5.0
1994-08-01,1.0357790843769827,2.0,1.1264603658312204,2.0,1.1522397475008002,2.0,1.1495709491402482,2.0,1.1642100022808406,6.0
1994-09-01,0.9642209156230173,1.0,0.9758593671690203,2.0,1.0360398003650557,2.0,1.067678356549576,2.0,1.0546213862861158,6.0
1994-10-01,1.1235780500786194,1.0,1.1459374853495865,2.0,1.1771729068151473,3.0,1.2796304981293771,3.0,1.3095396443490086,6.0
1994-11-01,0.9261840714317577,1.0,0.9791888295013716,1.0,0.991267237318459,2.0,1.061756944971849,3.0,1.1133238852094725,5.0
1994-12-01,1.0229508389045365,1.0,0.9795912532800815,2.0,1.0187750309622736,2.0,1.0493266966084251,4.0,1.137992974894183,6.0
1995-01-01,1.0173231555638276,2.0,1.0385856577279886,2.0,1.0105592841780082,3.0,1.0546937979977065,4.0,1.1566695400886595,6.0
1995-02-01,0.989046099636795,1.0,0.9968465894078357,2.0,1.0120110173236727,2.0,1.0171687068752573,3.0,1.1235569718605396,5.0
1995-03-01,0.9431429375576618,0.0,0.9185661176524618,1.0,0.9148414337165056,2.0,0.901678213107234,3.0,0.9979352592915015,5.0
1995-04-01,1.0408168066115606,1.0,1.0154867484058032,1.0,0.9975551963302113,2.0,0.9994561885850946,3.0,1.0621931044366124,6.0
1995-05-01,1.0415036143385148,2.0,1.0836506348467032,2.0,1.0756168200467293,2.0,1.065990363108042,4.0,1.1222057295563908,7.0
1995-06-01,1.0553979598106829,2.0,1.103465732549489,3.0,1.1501555173374778,3.0,1.154324887552372,4.0,1.2000011299305973,8.0
1995-07-01,0.9842786795523251,1.0,1.0150374739738104,2.0,1.0510948523822967,3.0,1.0975610421286381,3.0,1.1351995344921901,7.0
1995-08-01,0.9772729488195384,0.0,0.959553853028234,1.0,0.9772729673536147,2.0,1.034068666788756,3.0,1.0694309554199277,6.0
1995-09-01,0.9283479093458191,0.0,0.8922144503781788,0.0,0.8678545874141961,1.0,0.8886667159758347,3.0,0.9196337603286503,6.0
1995-10-01,0.9872565313050576,0.0,0.9345847821012819,0.0,0.8990331185809817,0.0,0.8730279001798381,2.0,0.9093521835535529,5.0
1995-11-01,1.0243492438448893,1.0,1.0240631616414604,1.0,0.9858587863821194,1.0,0.929405818007598,2.0,0.9530011544011343,6.0
1995-12-01,0.9107135772705078,1.0,0.8994699738503353,1.0,0.8881142741051169,1.0,0.8259100165824476,1.0,0.808773977911931,5.0
1996-01-01,0.9285722620346967,0.0,0.8489121980780222,1.0,0.8250120891857436,1.0,0.7738551281833708,1.0,0.7203588377983613,4.0
1996-02-01,0.9977325583894825,0.0,0.9482766155016381,0.0,0.8791215017608021,1.0,0.8304505765166443,1.0,0.7362994903740274,4.0
1996-03-01,0.9435767793797966,0.0,0.9247051307551241,0.0,0.8806719167159947,0.0,0.7923382540757745,1.0,0.6737138406701336,4.0
1996-04-01,0.996168836124881,0.0,0.9566638218541861,0.0,0.936936717898746,0.0,0.8402154447106741,1.0,0.6904690619824054,3.0
1996-05-01,1.034653453239802,1.0,1.0441300486528178,1.0,1.018890807087459,1.0,0.9672194889164797,1.0,0.7680292839079536,3.0
1996-06-01,0.8912465175146961,1.0,0.8811186636985395,1.0,0.8744305811284393,1.0,0.8334018419945469,1.0,0.6583929540106847,2.0
1996-07-01,1.023256902502651,1.0,0.9547933394281523,2.0,0.9411778607498217,2.0,0.9068283544741513,2.0,0.7338442123461855,3.0
1996-08-01,1.048647890670185,2.0,1.081784071379413,2.0,1.0388218297775604,3.0,1.0223980053416286,3.0,0.8533726721695364,4.0
1996-09-01,0.9555859345911683,1.0,0.9726028840386286,2.0,0.9923135534995542,2.0,0.9513182798144959,3.0,0.8168752151014321,4.0
1996-10-01,1.0179794887984972,1.0,0.9936981714112085,2.0,1.0061501259779808,3.0,0.9959391051866969,4.0,0.8828458124797256,5.0
1996-11-01,1.0238735397130376,2.0,1.0441843546452365,2.0,1.0313965207042715,3.0,1.059954482684216,4.0,0.9694437773229696,5.0
1996-12-01,0.9277774767524708,1.0,0.9209560325890905,2.0,0.9258487712934762,2.0,0.9180023487995317,4.0,0.8709254836461847,5.0
1997-01-01,0.88666814274,0.0,0.8093322044476806,1.0,0.7858217845775971,2.0,0.7610891342070987,3.0,0.7211948391830837,5.0
1997-02-01,0.9885904666522898,0.0,0.9069743937852127,0.0,0.8346686799680775,1.0,0.7922782857748637,2.0,0.7348073558079555,5.0
1997-03-01,1.0579706856836768,1.0,1.0709023178470156,1.0,1.0138864279892235,1.0,0.9192001469695248,3.0,0.8453532665281871,6.0
1997-04-01,0.9645412568455163,1.0,0.9902940446849147,1.0,0.9981668842134573,1.0,0.9016588147932252,2.0,0.8105300191444369,6.0
1997-05-01,0.9888483504711111,0.0,0.9614483090703535,1.0,0.9761499943250261,1.0,0.9443812564489783,1.0,0.8237441258702428,5.0
1997-06-01,0.9230746694266093,0.0,0.89294803435547,0.0,0.8620024911910813,1.0,0.8636349629005464,1.0,0.7263060781278389,5.0
1997-07-01,1.1023627593446332,1.0,1.0852704031831464,1.0,1.0707445068903696,1.0,1.051314217968313,2.0,0.9093364742939123,5.0
1997-08-01,1.1082791660339961,2.0,1.2196249376256145,2.0,1.2406391042453444,2.0,1.2384317068366406,3.0,1.1425416679908516,5.0
1997-09-01,0.9985612303545623,1.0,1.067691741147961,2.0,1.153781512940794,2.0,1.1958622153186342,2.0,1.1417581417381897,5.0
1997-10-01,0.8797435832779986,0.0,0.8449635747486035,1.0,0.873749704823227,2.0,0.9388476303867899,2.0,0.9207392177795712,4.0
1997-11-01,1.0206635593770117,1.0,0.9429991155386261,1.0,0.907710846021304,2.0,0.9684569121062423,3.0,0.9879684757501823,4.0
1997-12-01,0.8502049511023045,1.0,0.8219201210863287,1.0,0.7543810305008541,1.0,0.7235174468096787,3.0,0.7577839158752806,4.0
1998-01-01,1.1650065006641346,1.0,1.1168967404274264,2.0,1.1061787538755554,2.0,1.0019927333261684,3.0,1.0487670343189501,5.0
1998-02-01,1.126679167274545,2.0,1.2871753282992044,2.0,1.297856389176575,3.0,1.270946951011794,3.0,1.307019376946214,6.0
1998-03-01,1.0757940045411793,2.0,1.1881195557758228,3.0,1.332324042388724,3.0,1.4061255243760138,4.0,1.459169298085067,6.0
1998-04-01,0.9977222594463673,1.0,1.0461781766771514,2.0,1.1310530654425712,3.0,1.2863443403626305,4.0,1.3888243362753634,6.0
1998-05-01,0.9861099010513298,0.0,0.9800598606974597,1.0,1.0130777149424584,2.0,1.1697920265811386,3.0,1.2959804652309066,6.0
1998-06-01,1.0372878287513445,1.0,1.0408150747361011,1.0,1.0414050495040041,2.0,1.1314690152415843,4.0,1.3191214908400497,7.0
1998-07-01,1.0937819699878506,2.0,1.1549701248615447,2.0,1.180608233600963,2.0,1.2333954362431587,4.0,1.4941014736739957,7.0
1998-08-01,0.9477682365972042,1.0,0.9900799857245551,2.0,1.0299286170396051,2.0,1.0632106042648832,3.0,1.3015981148914688,6.0
1998-09-01,1.1000901829630143,1.0,1.10042090970023,2.0,1.1498591568011998,3.0,1.2257205562013918,3.0,1.505089177627409,7.0
1998-10-01,0.9867103044376817,1.0,1.0463878347028317,1.0,1.0527238219507833,2.0,1.1343087427248664,3.0,1.3747334988236817,7.0
1998-11-01,0.9248867942000429,0.0,0.893877026336552,1.0,0.9232151746473428,1.0,0.9501077912777439,3.0,1.1330364707556986,6.0
1998-12-01,1.1234990206720348,1.0,1.1164770360941638,1.0,1.1054845647922955,2.0,1.148114587591389,3.0,1.3419825626668933,7.0
1999-01-01,1.0030453068187162,2.0,1.0832892113875618,2.0,1.089708172419636,2.0,1.1207497006370908,3.0,1.2707710360115196,7.0
1999-02-01,0.9161179770933394,1.0,0.8931054600346141,2.0,0.9353488247267882,2.0,0.9319579745788268,3.0,1.0440490002068283,6.0
1999-03-01,1.0159015983688424,1.0,0.9631494660234445,2.0,0.940311621819785,3.0,0.9715586144576438,3.0,1.0555314163962846,6.0
1999-04-01,1.1228059698257926,2.0,1.1820117035778621,2.0,1.1650163830065619,3.0,1.195774897315028,4.0,1.292171780876005,7.0
1999-05-01,0.9784872870494994,1.0,1.0491066773732503,2.0,1.095996320004975,2.0,1.088242290393909,4.0,1.1892038772043119,7.0
1999-06-01,1.0248959316263888,1.0,1.0187897373922656,2.0,1.0750807362861052,3.0,1.119052311646706,4.0,1.2022701984156974,7.0
1999-07-01,1.0919124900506376,2.0,1.1437748741364924,2.0,1.1597796289272913,3.0,1.2713441794326026,4.0,1.3826463450356967,7.0
1999-08-01,1.079069324303315,2.0,1.1704034250110658,3.0,1.235137372596562,3.0,1.3350379472951257,5.0,1.5134084351696668,8.0
1999-09-01,0.9849295986081367,1.0,1.0308682287734472,2.0,1.0984006828412114,3.0,1.1847954166467956,4.0,1.4002993134924948,7.0
1999-10-01,1.1172116598529138,1.0,1.15184240950457,2.0,1.2122935827746992,3.0,1.3551804476303408,4.0,1.642011598348857,8.0
1999-11-01,1.0997190009899191,2.0,1.2167832846862796,2.0,1.2770644524080916,3.0,1.437356932566749,5.0,1.8027631458130768,9.0
1999-12-01,1.024603003661895,2.0,1.0983752931997066,3.0,1.1950601092158373,3.0,1.326434896868929,5.0,1.7294554176757315,9.0
2000-01-01,1.0045382780036154,2.0,1.0223769811278884,3.0,1.0791479409454698,4.0,1.2131543512083578,5.0,1.6045102323747005,9.0
2000-02-01,1.0498000585659701,2.0,1.0706366599835515,3.0,1.094109239324592,4.0,1.2226671119519947,5.0,1.6073627308964025,10.0
2000-03-01,1.084601889595581,2.0,1.1503442875720773,3.0,1.1887310301304699,4.0,1.283267908835374,6.0,1.705429008018559,10.0
2000-04-01,0.9547858026090572,1.0,0.9938248625212018,2.0,1.037637111700144,3.0,1.096382089860777,5.0,1.440232211695255,9.0
2000-05-01,0.8074496623838316,0.0,0.7328243136690928,1.0,0.7328242567631946,2.0,0.7578234008986802,4.0,0.9388752676774051,9.0
2000-06-01,1.109933842291383,1.0,1.0045954774702073,1.0,0.9339648793109577,2.0,0.9422788679973682,4.0,1.1103627674395424,9.0
2000-07-01,0.9848575421549687,1.0,1.0499353061508816,1.0,0.9808474104882889,1.0,0.9170894312515244,3.0,1.035229025612453,8.0
2000-08-01,1.0906042642940812,1.0,1.1138616362270142,2.0,1.1825351715276915,2.0,1.0879675099140824,3.0,1.1845705048316177,8.0
2000-09-01,0.5940874006294719,1.0,0.5618176700497196,1.0,0.5424616237939228,2.0,0.5256773196311129,2.0,0.5053917402955477,8.0
2000-10-01,0.8634482579796942,0.0,0.5523525007174437,1.0,0.49820889838324817,1.0,0.4668153788693045,2.0,0.39727072030034705,7.0
2000-11-01,0.915078751076735,0.0,0.8008097862523609,0.0,0.5376785505511623,1.0,0.4381745289295812,2.0,0.3545410414614113,6.0
2000-12-01,0.9482069047140944,0.0,0.8760738041570989,0.0,0.7758764800328843,0.0,0.4736318857403547,1.0,0.3419949542589201,5.0
2001-01-01,1.184931863559861,1.0,1.224056935301721,1.0,1.1920765911247357,1.0,0.8147572566701605,2.0,0.5277745737568001,5.0
2001-02-01,0.915360374824506,1.0,1.000000030482727,1.0,1.0245614153438383,1.0,0.9394107282162638,1.0,0.4838444322158879,4.0
2001-03-01,1.0947416618900168,1.0,1.0688507475293068,2.0,1.1491792622301076,2.0,1.1730777459003972,2.0,0.6510502245884778,4.0
2001-04-01,1.0719098048201743,2.0,1.1619821129619972,2.0,1.166123960051978,3.0,1.2872660606987116,3.0,0.8261507942201473,5.0
2001-05-01,0.8780804993154048,1.0,0.8865350825278417,2.0,0.9305034261026072,2.0,0.9790606545163066,3.0,0.6875407520548367,5.0
2001-06-01,1.0763894356477544,1.0,1.0154320160522337,2.0,1.024681103211545,3.0,1.0678614326920792,4.0,0.8744102216350389,5.0
2001-07-01,0.8939104596873594,1.0,0.9093404077183509,1.0,0.8591679145954102,2.0,0.8821599265890546,3.0,0.7855082370442904,5.0
2001-08-01,0.9935721639398102,0.0,0.9184677960073624,1.0,0.9212809153904697,1.0,0.8688520963588966,3.0,0.9098246152587037,4.0
2001-09-01,0.9107452290433548,0.0,0.8804153699959415,0.0,0.8152420061786796,1.0,0.7656727730431407,2.0,0.7939501069681939,4.0
2001-10-01,1.0619895456321193,1.0,1.0205340625418586,1.0,0.9975845423796371,1.0,0.9273818886056413,2.0,0.9066331143968356,5.0
2001-11-01,1.0962434011499564,2.0,1.175281058563626,2.0,1.1684040303725323,2.0,1.1116906523594718,3.0,1.077480245533189,6.0
2001-12-01,1.0138885218785305,2.0,1.0813032828593225,3.0,1.1485509977648745,3.0,1.1565875959317573,3.0,1.0759675511279223,7.0
2002-01-01,1.060490088373822,2.0,1.0918739730593077,3.0,1.156763355311362,4.0,1.2407579017321753,4.0,1.1993218182386323,7.0
2002-02-01,0.9349413489298521,1.0,0.952868847353136,2.0,0.968533886499969,3.0,1.0612115743290516,4.0,1.0383188429429935,7.0
2002-03-01,1.0434212923139945,1.0,1.0131263439205591,2.0,1.0292431161868214,3.0,1.0853661162151902,5.0,1.1254021435395862,7.0
2002-04-01,1.0125152959041617,2.0,1.0455196869429912,2.0,1.0288255145084961,3.0,1.0585927930113723,5.0,1.1595336575191608,7.0
2002-05-01,0.9796083131760055,1.0,0.981189211385194,2.0,1.002796382397778,2.0,1.0017186056345975,4.0,1.0985372836625165,7.0
2002-06-01,0.8639699517723146,0.0,0.8142144921751114,1.0,0.7967633574530786,2.0,0.7853456757346888,3.0,0.8540113302648765,6.0
2002-07-01,0.9254086978013153,0.0,0.8134328645897523,0.0,0.7577901420631247,1.0,0.7271281755455261,2.0,0.7460279380514011,6.0
2002-08-01,0.9830059484185655,0.0,0.9270898002288946,0.0,0.8306353397200347,0.0,0.7438852013314345,2.0,0.7324344605324307,6.0
2002-09-01,0.9914535473966176,0.0,0.9773093928481359,0.0,0.9320270867928915,0.0,0.7923507826997803,1.0,0.7230429013305868,6.0
2002-10-01,1.051356189534059,1.0,1.0637672811250822,1.0,1.0610748876075946,1.0,0.9490146390601809,1.0,0.8063211880613936,6.0
2002-11-01,0.9819458984365398,1.0,1.0093341211751246,1.0,1.0194020009038889,1.0,0.9914716303059579,1.0,0.7970523682444236,5.0
2002-12-01,0.9607774891669293,0.0,0.9366016480954295,1.0,0.9490066155080932,1.0,0.9510010594498233,1.0,0.7615927077832739,4.0
2003-01-01,1.0010462068588006,1.0,0.9748817417583683,1.0,0.9532038455496588,2.0,0.9625748810862556,2.0,0.7998895344342616,4.0
2003-02-01,1.022131164541677,2.0,1.0304347970546968,2.0,1.0141892168852915,2.0,1.0032307723312033,3.0,0.8628921135006462,5.0
2003-03-01,0.9701538220194443,1.0,0.974947391928055,2.0,0.9778691802856471,2.0,0.9488866407529993,3.0,0.8517640832488179,4.0
2003-04-01,1.002821701745849,1.0,0.9836299545618142,2.0,0.9852768324950532,3.0,0.9744181827958068,3.0,0.902094454895593,4.0
2003-05-01,1.1159461431679834,2.0,1.1628158297036868,2.0,1.1709066669395596,3.0,1.196533597944064,4.0,1.1718623351780773,5.0
2003-06-01,1.02999126664099,2.0,1.1161417592173555,3.0,1.166283206956471,3.0,1.207091710808988,5.0,1.2353214648486317,6.0
2003-07-01,1.050324624229986,2.0,1.0886561658299037,3.0,1.166090865844921,4.0,1.2466001660079256,5.0,1.3246064995712628,7.0
2003-08-01,1.0350189008422688,2.0,1.0809559065068548,3.0,1.120693500349255,4.0,1.243901824297562,5.0,1.3645819491517635,8.0
2003-09-01,0.9563812635814815,1.0,0.9650671900211026,2.0,0.9929314117867867,3.0,1.0750600357757587,5.0,1.2125817094684546,8.0
2003-10-01,1.0497592201975054,1.0,1.0369978756047793,2.0,1.048796958885279,3.0,1.104818313024823,5.0,1.2964546445568124,8.0
2003-11-01,0.9547947132572921,1.0,0.9722569125563535,1.0,0.9599451844735466,2.0,0.9857784552749844,4.0,1.1548231247654699,8.0
2003-12-01,1.0108794661444827,1.0,0.9837344749426169,2.0,0.9952260711396739,2.0,0.9895039928674182,4.0,1.1431873830607422,9.0
2004-01-01,1.027088571931785,2.0,1.0437998957767982,2.0,1.02861025387067,3.0,1.0328091089509845,4.0,1.1642862300969719,9.0
2004-02-01,1.0292602428156745,2.0,1.05762760767275,3.0,1.0779634202348367,3.0,1.084233964449962,4.0,1.188916188927512,9.0
2004-03-01,1.0612241556142352,2.0,1.1033729983478,3.0,1.1398459677023198,4.0,1.1698028550534583,5.0,1.2758221091634,10.0
2004-04-01,0.9761454149750656,1.0,1.0078184183043326,2.0,1.0384691461929003,3.0,1.0925269988483814,4.0,1.163488256552314,9.0
2004-05-01,1.0423473899858555,1.0,1.0408007797918715,2.0,1.0709917363571255,3.0,1.1319834823336128,5.0,1.2199990083168355,9.0
2004-06-01,1.0739274912656505,2.0,1.1301226457647502,2.0,1.147592859117768,3.0,1.2210127583021242,5.0,1.348900714687051,9.0
2004-07-01,0.9969177258339972,1.0,1.0438998150133536,2.0,1.0896231328660422,2.0,1.1435647100845339,4.0,1.2904172156770135,8.0
2004-08-01,1.0321713139649897,1.0,1.0412603509117024,2.0,1.0826342108060367,3.0,1.1480727615585502,4.0,1.323908177909812,8.0
2004-09-01,1.058164589611096,2.0,1.1010604108793005,2.0,1.1222123260881307,3.0,1.2111896947098482,4.0,1.406320557768915,9.0
2004-10-01,1.1497532307952587,2.0,1.2511937621003761,3.0,1.3267500416281806,3.0,1.438375023232403,5.0,1.7458906282709972,9.0
2004-11-01,1.1226454526427505,2.0,1.27149182290456,3.0,1.3918728552329591,4.0,1.561905438243448,5.0,1.9803100782574798,10.0
2004-12-01,0.9798403880480769,1.0,1.0508568707136583,2.0,1.1572329684633471,3.0,1.3350380260438934,4.0,1.7198944553114126,9.0
2005-01-01,1.088464169827319,1.0,1.1072713937887435,2.0,1.1796740189467092,3.0,1.3814784657313615,5.0,1.8321520658833712,9.0
2005-02-01,1.0769417043175908,2.0,1.1650941023151387,2.0,1.2040127337465336,3.0,1.383074220060652,5.0,1.890600646839405,9.0
2005-03-01,0.9631340227437388,1.0,1.0002399370907595,2.0,1.060440139293129,2.0,1.1526704684878601,4.0,1.598159093804486,8.0
2005-04-01,0.9278271502683944,0.0,0.8824536809608986,1.0,0.8956781009249256,2.0,0.954115528286463,3.0,1.2876465120140266,8.0
2005-05-01,1.0487998076702199,1.0,1.015235405241512,1.0,0.9796119549879218,2.0,1.0238626928613541,3.0,1.3187944504023708,8.0
2005-06-01,0.9614732407991544,1.0,0.9804671320802759,1.0,0.9542451395519782,1.0,0.9295064877911099,3.0,1.1553523690364296,7.0
2005-07-01,1.0734959360522094,1.0,1.0732258000302541,2.0,1.098660318140129,2.0,1.058268720180237,3.0,1.2519415109981995,8.0
2005-08-01,1.047353291928309,2.0,1.1133360811129323,2.0,1.1291314207213414,3.0,1.1537895425183562,3.0,1.2833392922395301,8.0
2005-09-01,1.0668656673192045,2.0,1.123506908041244,3.0,1.191598208016562,3.0,1.2575652060777553,4.0,1.360991145619168,8.0
2005-10-01,1.0357914008210534,2.0,1.0928585426932924,3.0,1.147554176248215,4.0,1.2460424766297145,5.0,1.3709867135783436,8.0
2005-11-01,1.08157238452698,2.0,1.136520999970727,3.0,1.2008321260291686,4.0,1.3325473835756176,5.0,1.5116741899388637,8.0
2005-12-01,1.0291317693739703,2.0,1.093106901584328,3.0,1.146068262938161,4.0,1.2669701744935518,6.0,1.4923710761948292,9.0
2006-01-01,1.0245590401746085,2.0,1.0525508991842856,3.0,1.107144162803676,4.0,1.2136294121359257,6.0,1.4730784841351343,9.0
2006-02-01,0.9512498548378461,1.0,0.951734501445767,2.0,0.9656337234111516,3.0,1.0405912715844363,5.0,1.286700307314623,8.0
2006-03-01,0.9560248012623478,0.0,0.9102167587581532,1.0,0.9004702116616191,2.0,0.9314390229926195,4.0,1.1407092914160706,8.0
2006-04-01,1.0576215771138413,1.0,1.0474703986769358,1.0,1.0160587314980094,2.0,1.0132432372178266,4.0,1.2168903227137375,9.0
2006-05-01,0.9184081014594468,1.0,0.9296453973858162,1.0,0.9147186897944516,1.0,0.8773149407014391,3.0,1.0043409473221814,8.0
2006-06-01,0.9786396919814528,0.0,0.9166620987689542,1.0,0.9157704282500349,1.0,0.8718000050099658,2.0,0.9355294428719512,8.0
2006-07-01,1.0853630186003804,1.0,1.1020541117978122,1.0,1.0644113247120122,2.0,1.0547336701066656,2.0,1.0731797737081088,8.0
2006-08-01,0.9991899280530274,1.0,1.0542261220858162,1.0,1.0733635119362854,1.0,1.054772349401335,2.0,1.042682991260139,7.0
2006-09-01,1.0630395329586209,1.0,1.0852954300258324,2.0,1.1401911630036063,2.0,1.154065315302918,3.0,1.1486124149367394,7.0
2006-10-01,1.0259394346696347,2.0,1.0767119214579957,2.0,1.1036171649903574,3.0,1.1839087897535436,3.0,1.175455657843618,7.0
2006-11-01,1.06124809701955,2.0,1.1011532058616098,3.0,1.1545170456540086,3.0,1.242005315881661,4.0,1.29163764848484,7.0
2006-12-01,0.9613598318217649,1.0,0.9881202597990006,2.0,1.0143472319255558,3.0,1.082211900909016,4.0,1.17762458424429,6.0
2007-01-01,1.0052178401288538,1.0,0.9807803253438022,2.0,0.998864110538466,3.0,1.0537551809520391,4.0,1.1760752789004356,6.0
2007-02-01,0.9934249216678718,1.0,0.9947096528821867,1.0,0.9757814210149262,2.0,1.0054665144406776,4.0,1.139707784562163,6.0
2007-03-01,1.0467552001856808,1.0,1.0588032930408084,2.0,1.0676547962457401,2.0,1.0703299700048243,4.0,1.210487904729989,7.0
2007-04-01,1.0357532955025197,2.0,1.0796192759708307,2.0,1.099573112483611,3.0,1.1098138221990494,4.0,1.2600215645022275,7.0
2007-05-01,1.0967916578118748,2.0,1.1582350943702069,3.0,1.216431166793466,3.0,1.2777464867245631,4.0,1.4372059699918627,8.0
2007-06-01,1.0034946051076468,2.0,1.0673118234746723,3.0,1.1197870703358679,4.0,1.207758691454009,5.0,1.3602191032608717,9.0
2007-07-01,1.038297909052803,2.0,1.0541081396578031,3.0,1.1100486568745698,4.0,1.211939111978042,5.0,1.3864001190946873,9.0
2007-08-01,1.0248667622637213,2.0,1.0590394545499966,3.0,1.0787777145371054,4.0,1.1765838474809347,6.0,1.3721306082847504,10.0
2007-09-01,1.0513443979945079,2.0,1.086615816007934,3.0,1.1248373576725967,4.0,1.2009546400405888,6.0,1.4303221698629358,10.0
2007-10-01,1.1062256738692728,2.0,1.1825068254011395,3.0,1.238144983035037,4.0,1.3300424636555017,6.0,1.6322936513824904,10.0
2007-11-01,0.9792298769197157,1.0,1.0399893227082648,2.0,1.097512480939437,3.0,1.1910841779607204,5.0,1.470504328627745,9.0
2007-12-01,1.0417039597711233,1.0,1.0420692936588234,2.0,1.094788088128584,3.0,1.1957021030802515,5.0,1.4853772653219564,10.0
2008-01-01,0.8119002232954592,1.0,0.7874956977297762,1.0,0.7673361194986901,2.0,0.8141466003575641,4.0,0.984514038138959,9.0
2008-02-01,0.9602887742329421,0.0,0.8180866198165466,1.0,0.7805456756144808,1.0,0.7622396252078013,3.0,0.887568959973471,9.0
2008-03-01,1.0688216722534678,1.0,1.0659106184112017,1.0,0.9535516901628438,2.0,0.883865579686502,3.0,0.9891605932665131,9.0
2008-04-01,1.0959206250248934,2.0,1.1794019929544877,2.0,1.2041603681164574,2.0,1.0893093777267104,3.0,1.1500699938795906,9.0
2008-05-01,1.040805050267971,2.0,1.1186289732272758,3.0,1.196096409574693,3.0,1.1739886996209983,4.0,1.2031360913752622,9.0
2008-06-01,0.9401723966021467,1.0,0.9475233032552769,2.0,0.9942402539033154,3.0,1.0756086446751523,3.0,1.0421684897654433,8.0
2008-07-01,0.9739881924492347,0.0,0.9256707268982487,1.0,0.922666157221062,2.0,0.995916950223796,3.0,0.9755673769757407,7.0
2008-08-01,1.0322089666169294,1.0,1.0255484941548008,1.0,0.9904333821302048,2.0,1.0150281776916128,4.0,1.0242370297075292,7.0
2008-09-01,0.8027119843348893,1.0,0.7712037222414981,1.0,0.745825035774206,1.0,0.7014029407306218,3.0,0.7007362790237991,6.0
2008-10-01,0.9725649183964525,0.0,0.8259634118002327,1.0,0.7828569970641429,1.0,0.7125794560978593,2.0,0.6926208859807389,5.0
2008-11-01,0.925496883786134,0.0,0.8856078012013489,0.0,0.766739065558842,1.0,0.6865800750894847,1.0,0.626677951348421,5.0
2008-12-01,0.9588809449658067,0.0,0.896502143191151,0.0,0.8550603804312769,0.0,0.7036756170452181,1.0,0.6163307001083135,4.0
2009-01-01,1.0272396997021604,1.0,1.0083536496956578,1.0,0.9594933886403848,1.0,0.8206942434663111,2.0,0.6690586916313009,5.0
2009-02-01,0.9954301603612478,1.0,1.011858447707889,1.0,0.9993845324542036,1.0,0.9259559862056884,1.0,0.6779476565489465,5.0
2009-03-01,1.081314648825651,1.0,1.1082372834531768,2.0,1.136708984666147,2.0,1.1061964595653828,2.0,0.8178158631571615,5.0
2009-04-01,1.0896730822466874,2.0,1.1786985714905993,2.0,1.2264431308847072,3.0,1.283084956111348,3.0,1.0104595795391356,5.0
2009-05-01,1.038143968163929,2.0,1.1108898855143885,3.0,1.1911328721792185,3.0,1.2902540682517238,4.0,1.1306585386394685,5.0
2009-06-01,1.023792426176597,2.0,1.0574652829349152,3.0,1.1188750524926812,4.0,1.2409856842001667,5.0,1.2067100360186664,6.0
2009-07-01,1.0685370441564987,2.0,1.1099110176063183,3.0,1.1517287439853698,4.0,1.2867211544235226,5.0,1.3799636460292157,7.0
2009-08-01,1.0145355953582729,2.0,1.0645528881435589,3.0,1.1033058060221643,4.0,1.2003710785345474,6.0,1.4219936545153355,7.0
2009-09-01,1.0484783470920458,2.0,1.075635965801511,3.0,1.1243896071619508,4.0,1.207465667430446,6.0,1.4915604670019795,8.0
2009-10-01,1.0084258175457956,2.0,1.0432424240319418,3.0,1.0688213033757388,4.0,1.1497524536116548,6.0,1.4388397399034851,9.0
2009-11-01,1.0293761930565775,2.0,1.045262838090381,3.0,1.07772552731008,4.0,1.1447523096281251,6.0,1.428489786956147,10.0
2009-12-01,1.0263490664266026,2.0,1.0551623471107536,3.0,1.0744814439590533,4.0,1.1328655578073195,6.0,1.4011923228361516,11.0
2010-01-01,0.9536483352713513,1.0,0.9559980210538059,2.0,0.9709807996432775,3.0,1.006638946375941,5.0,1.2087797919173169,10.0
2010-02-01,1.0316627854548597,1.0,1.0106188585400786,2.0,1.0138235004800313,3.0,1.0394100511973823,5.0,1.2143860018196286,11.0
2010-03-01,1.0691051111795524,2.0,1.116071382524273,2.0,1.1158461637481842,3.0,1.1455776832453002,5.0,1.3105062651949075,11.0
2010-04-01,1.0525913109193625,2.0,1.1178234005933123,3.0,1.1697974164872083,3.0,1.2018781933887952,5.0,1.369892037863193,11.0
2010-05-01,0.9918721107472791,1.0,1.0234670933812835,2.0,1.0730271050318292,3.0,1.1329775821561674,4.0,1.2800425370811463,10.0
2010-06-01,0.9894769925647806,0.0,0.980623772344186,1.0,1.0016127529875327,2.0,1.077077902364626,3.0,1.1990608913607992,9.0
2010-07-01,1.0112425751343266,1.0,1.007953912263568,1.0,1.0021913656759418,2.0,1.0525992778984643,4.0,1.182246759333151,9.0
2010-08-01,0.9717198165258355,1.0,0.9699686354447389,1.0,0.9639557703564992,1.0,0.9692660729613517,3.0,1.0860678981298655,8.0
2010-09-01,1.0771566990953205,1.0,1.0856396196223972,2.0,1.0959512969666423,2.0,1.0958419580003709,3.0,1.2228759280099002,8.0
2010-10-01,1.0294665570779826,2.0,1.090731149516032,2.0,1.1095218477070081,3.0,1.1332860303126766,3.0,1.2467672198944195,8.0
2010-11-01,1.0166141272560014,2.0,1.0419364100781225,3.0,1.0927320798842288,3.0,1.1329926632063574,4.0,1.2412321348299915,8.0
2010-12-01,1.018005092471116,2.0,1.0352951461203417,3.0,1.0589278194485217,4.0,1.1260014453942344,5.0,1.2406273443343185,8.0
2011-01-01,1.0253217846777478,2.0,1.0461753213714704,3.0,1.0653605301783884,4.0,1.1305264857634485,5.0,1.2462666849942163,9.0
2011-02-01,1.0200569084107731,2.0,1.0438778867430534,3.0,1.0652973856530246,4.0,1.1089969997564424,6.0,1.2408499333717862,9.0
2011-03-01,0.9933021708400603,1.0,1.0043130036031345,2.0,1.0223232633943458,3.0,1.0583733647454021,5.0,1.1849614481719073,8.0
2011-04-01,1.0023188055712793,1.0,0.9986119884292004,2.0,1.0067209904387153,3.0,1.0374837290697345,5.0,1.1611748119023158,8.0
2011-05-01,0.9967046450830752,1.0,0.9971522915441049,1.0,0.9940271649840928,2.0,1.012330426424365,4.0,1.125262800732703,8.0
2011-06-01,0.9822091999496181,0.0,0.9742460562402261,1.0,0.9714500154733511,1.0,0.9707663773291464,3.0,1.0618379277918197,8.0
2011-07-01,1.0754802933356535,1.0,1.09074658545458,1.0,1.0967692046857387,2.0,1.1021012790635145,3.0,1.1933103615573941,8.0
2011-08-01,0.9927126150283307,1.0,1.0391636651222462,1.0,1.0551888653042714,1.0,1.0702357246339063,2.0,1.1350745686615644,8.0
2011-09-01,0.9954186340065847,0.0,0.9890457539203341,1.0,1.0221001190741295,1.0,1.0445883105079858,2.0,1.0983799625870334,7.0
2011-10-01,1.0298435352481257,1.0,1.0370730889679838,1.0,1.0369601829315198,2.0,1.0818607561031852,2.0,1.1376109775025858,7.0
2011-11-01,0.9713080258685901,1.0,0.9814259896265375,1.0,0.9843348359338152,1.0,1.006107179321186,2.0,1.05656966848028,6.0
2011-12-01,1.0289634333012267,1.0,1.019312421087126,2.0,1.0296828499511599,2.0,1.0346545548632435,3.0,1.0987321770005325,6.0
2012-01-01,1.0597576004007478,2.0,1.1011192352319494,2.0,1.1076519615074578,3.0,1.134294941246053,3.0,1.2064380994131316,6.0
2012-02-01,1.086052932719173,2.0,1.159125852279876,3.0,1.2147895739757744,3.0,1.2653038648429868,4.0,1.376265099860359,6.0
2012-03-01,1.0500092291764689,2.0,1.1252322993825896,3.0,1.1970232059176977,4.0,1.2891469555504802,5.0,1.4444928971293551,7.0
2012-04-01,0.9868444208435216,1.0,1.0150466080129592,2.0,1.070320055283878,3.0,1.1798966188953965,4.0,1.3438832765119935,6.0
2012-05-01,0.9946200261284646,0.0,0.9840625681213337,1.0,1.0031341256142376,2.0,1.0951605092298258,4.0,1.2733604989795544,6.0
2012-06-01,1.0053971202088623,1.0,1.0036031320921233,1.0,0.9960516226389727,2.0,1.0477905218083323,4.0,1.2310308679664097,7.0
2012-07-01,1.0223977799481114,2.0,1.0337321729207853,2.0,1.0367371272855335,2.0,1.0474780132444752,4.0,1.2394779498185242,7.0
2012-08-01,1.0426959396093,2.0,1.0729677463943,3.0,1.0915728949982966,3.0,1.1022240892331598,4.0,1.2889167496721445,8.0
2012-09-01,1.0013960519324263,2.0,1.0299521640382243,3.0,1.0559139150949626,4.0,1.0850653976298463,4.0,1.2355115040679994,9.0
2012-10-01,0.9431409416778906,1.0,0.9264911811758698,2.0,0.938095354410728,3.0,0.9653446457352667,4.0,1.0710726091798537,8.0
2012-11-01,0.9914958358569433,0.0,0.950284112463856,1.0,0.9316258808415274,2.0,0.9471316236172471,4.0,1.021894735934183,8.0
2012-12-01,0.9524721450797686,0.0,0.9321216403015271,0.0,0.8944521981777946,1.0,0.8733953726030883,3.0,0.912284897623717,7.0
2013-01-01,0.9223619529229443,0.0,0.8687362590780102,0.0,0.8402866826311371,0.0,0.7807061579332828,2.0,0.7809448654981814,6.0
2013-02-01,0.9842901709259462,0.0,0.9266231157040878,0.0,0.8765154077853148,0.0,0.8082374177151622,1.0,0.7678725311452508,5.0
2013-03-01,1.0014252450140135,1.0,0.9913627828167049,1.0,0.9459962156700024,1.0,0.870144696943929,1.0,0.7879865989220135,5.0
2013-04-01,1.0001354987846576,2.0,1.0011304710551654,2.0,0.9937104485311797,2.0,0.9161660317728536,2.0,0.8050630558195292,6.0
2013-05-01,1.007787071073894,2.0,1.0105005756587977,3.0,1.0125804615215233,3.0,0.9761778634826421,3.0,0.8338718548152306,7.0
2013-06-01,0.9371351431839611,1.0,0.9228495692165656,2.0,0.9159323258928873,3.0,0.9051164400770089,3.0,0.7571629207145403,6.0
2013-07-01,1.065955260770431,1.0,1.0452728537081053,2.0,1.0393609940855228,3.0,1.0341060516542284,4.0,0.8864113435924803,6.0
2013-08-01,1.0369141079638036,2.0,1.0938276695422,2.0,1.0911921132153923,3.0,1.0942821540634808,5.0,0.982924299269861,6.0
2013-09-01,0.9891386812333746,1.0,1.0097070672353832,2.0,1.0518304050223797,2.0,1.0572751190789718,4.0,0.993598369005162,5.0
2013-10-01,1.0459752297083622,1.0,1.054773352505719,2.0,1.078176511605164,3.0,1.1259180882675597,4.0,1.1032779016203695,6.0
2013-11-01,1.0309334297581336,2.0,1.072445261601776,2.0,1.0888708621869208,3.0,1.153752033107435,4.0,1.1797745561781483,7.0
2013-12-01,1.0044311257926077,2.0,1.0263875185173181,3.0,1.0602587020538436,3.0,1.1013745244197302,5.0,1.1842360564549044,8.0
2014-01-01,0.9430869589517334,1.0,0.9283607641088879,2.0,0.9355304053594644,3.0,0.9675423696928824,4.0,1.0483787324727205,8.0
2014-02-01,1.024969861610716,1.0,0.9942438782620664,2.0,0.9818231394042238,3.0,1.0044729350983184,4.0,1.0859956807023161,9.0
2014-03-01,1.0098778899314234,2.0,1.0298290153560945,2.0,1.0105243736367184,3.0,1.0053288058659062,5.0,1.0900284900439399,9.0
2014-04-01,1.047345164975948,2.0,1.0708983302053678,3.0,1.0959710213728187,3.0,1.082482310798944,5.0,1.1692243144827912,9.0
2014-05-01,1.035083300744971,2.0,1.0790815130451772,3.0,1.1075776342028611,4.0,1.1345136684746702,5.0,1.2174072075553246,9.0
2014-06-01,1.0136422674074483,2.0,1.0415937275822147,3.0,1.0795323396506613,4.0,1.1355413384858726,5.0,1.2021492285009296,10.0
2014-07-01,1.0141621926814468,2.0,1.0281096327943993,3.0,1.0526978016854278,4.0,1.1135454426776812,6.0,1.1967559231822147,10.0
2014-08-01,1.0348309014589936,2.0,1.0565921083386087,3.0,1.0748218277902446,4.0,1.1337778853164353,6.0,1.2405589194916933,10.0
2014-09-01,0.991389913899139,1.0,1.0113769501195877,2.0,1.0286385248242949,3.0,1.0670651014425987,5.0,1.1805125423553053,10.0
2014-10-01,1.0347305389221557,1.0,1.0409638554216867,2.0,1.0618163982308055,3.0,1.0979169573537517,5.0,1.2255782646829483,10.0
2014-11-01,1.048164633545486,2.0,1.0888366717017846,2.0,1.1058626641945712,3.0,1.1533351697676852,5.0,1.3010238766944004,10.0
2014-12-01,0.9627142159400481,1.0,0.9817082036020351,2.0,1.0078984419357198,2.0,1.0410588337064342,4.0,1.1751035785332595,9.0
2015-01-01,1.029796986821708,1.0,1.014460154552987,2.0,1.0311792052053466,3.0,1.068783100206759,4.0,1.1987400751738024,10.0
2015-02-01,1.0460060360491827,2.0,1.082528123265639,2.0,1.0819279015240892,3.0,1.1273695754417417,4.0,1.2572401167218419,10.0
2015-03-01,0.9840641927445242,1.0,1.0087555469284035,2.0,1.0359885789825343,2.0,1.0554455908369869,4.0,1.172147350232288,9.0
2015-04-01,1.0028848514120554,1.0,0.9931488627956229,2.0,1.0109046723816049,3.0,1.036424616684296,4.0,1.1422977043884281,9.0
2015-05-01,1.0200837695152836,2.0,1.0289053749010073,2.0,1.0251809639765066,3.0,1.0622672572540548,4.0,1.1541374583066266,9.0
2015-06-01,0.9810332075730879,1.0,0.9880008410242594,2.0,0.9929347509581512,2.0,1.0022239556197667,4.0,1.0851362914015397,8.0
2015-07-01,0.9832610659537694,0.0,0.9652264053826884,1.0,0.9662259213569505,2.0,0.9639096854710029,3.0,1.0303163461557208,7.0
2015-08-01,0.9635136258812421,0.0,0.9409997530936198,0.0,0.9209220748725285,1.0,0.9150740613136051,2.0,0.9508724428060804,6.0
2015-09-01,0.9889715815150303,0.0,0.960913001619219,0.0,0.9391430302520859,0.0,0.9125506883902597,2.0,0.9239274740896268,6.0
2015-10-01,1.0400347990690413,1.0,1.046531978545669,1.0,1.0304833171842347,1.0,0.996428412387871,2.0,0.9930197655458475,6.0
2015-11-01,0.9949537555389307,1.0,1.0195346249138981,1.0,1.0267760355566928,1.0,1.0031232870414328,1.0,0.9834770980029951,5.0
2015-12-01,0.9416711369971467,0.0,0.9204803872012183,1.0,0.9287100778467149,1.0,0.9187396358569594,1.0,0.8781851201926529,5.0
2016-01-01,0.9609081645706354,0.0,0.9100030776725377,0.0,0.8841053224398838,1.0,0.8802941731485932,1.0,0.8234555566972823,4.0
2016-02-01,0.9966500340124017,0.0,0.9691937800691481,0.0,0.9261716183127903,0.0,0.8961213617116779,1.0,0.8366961494709035,3.0
2016-03-01,1.059801611260761,1.0,1.0790376780858242,1.0,1.067796592432989,1.0,1.0121656533699952,2.0,0.9537518881193504,4.0
2016-04-01,0.9247767951394061,1.0,0.9392158015866143,1.0,0.9450549366025304,1.0,0.9066932993605205,1.0,0.8395315798106756,3.0
2016-05-01,1.0316115846839746,1.0,0.9900525643832759,2.0,1.0004007304713447,2.0,0.9954808373700392,2.0,0.915118329725257,3.0
2016-06-01,0.978205248356778,1.0,0.9917012394494996,1.0,0.9603455608597551,2.0,0.9685589764815815,2.0,0.8965021220006144,3.0
2016-07-01,1.0430909399707424,1.0,1.043247569538697,2.0,1.0595561895769101,2.0,1.0436829163045902,3.0,0.9904716533927308,4.0
2016-08-01,1.008986731071222,2.0,1.0405021069933376,2.0,1.0459127027812403,3.0,1.0461791270771403,4.0,1.0137830401613335,5.0
2016-09-01,1.0317134589516122,2.0,1.048831050578667,3.0,1.0793393478976416,3.0,1.1073201335607372,4.0,1.0778300683904445,6.0
2016-10-01,1.0021624866728025,2.0,1.0238360042291095,3.0,1.0395056124420914,4.0,1.077297749439613,5.0,1.0876520824587308,6.0
2016-11-01,0.9865214482488281,1.0,0.9835364994479434,2.0,0.9974503903013441,3.0,1.0312587218442124,4.0,1.065338554276735,6.0
2016-12-01,1.0234161135349924,1.0,1.0223019945048515,2.0,1.0228512098274511,3.0,1.04776551535977,5.0,1.107036469339868,7.0
2017-01-01,1.0233166033730694,2.0,1.04705341210407,2.0,1.052403352758573,3.0,1.0701372670918403,5.0,1.1381274973101059,8.0
2017-02-01,1.0605403993917393,2.0,1.0983804053268735,3.0,1.1305604143509875,3.0,1.1555949611564527,5.0,1.2455807224738404,9.0
2017-03-01,1.0237662496039865,2.0,1.0720895592212287,3.0,1.1097292621384605,4.0,1.1618590827351003,5.0,1.2727917374249955,9.0
2017-04-01,0.9999651603991854,1.0,1.015672822507343,2.0,1.0530559405829774,3.0,1.116465194839225,4.0,1.2274717332793006,9.0
2017-05-01,1.0307344589142378,1.0,1.0413797618183671,2.0,1.0588846577695756,3.0,1.125676985434615,5.0,1.257930995834128,9.0
2017-06-01,0.9705506089685155,1.0,0.980995890385331,1.0,0.9862863954214802,2.0,1.0257469763917861,4.0,1.147821271175792,9.0
2017-07-01,1.016088783791898,1.0,1.0015263241771577,2.0,1.0097766220045696,2.0,1.0259481689909185,4.0,1.151316906123435,9.0
2017-08-01,1.0488280768748666,2.0,1.077175697865353,2.0,1.0762743940413642,3.0,1.0972101522110245,4.0,1.2238121028560178,9.0
2017-09-01,0.9689425215816033,1.0,0.9903823378361007,2.0,1.0091835994506266,2.0,1.0192222770251638,3.0,1.1214436163933594,8.0
2017-10-01,1.04616907632242,1.0,1.0409721486374477,2.0,1.0633285474195875,3.0,1.0874585633732121,4.0,1.1899616007367357,8.0
2017-11-01,1.0082431658963713,2.0,1.0414941597778735,2.0,1.043079816913053,3.0,1.0833613963311923,4.0,1.1677303295295014,9.0
2017-12-01,0.9923184872701087,1.0,0.9952363993612677,2.0,1.0190894749822381,2.0,1.039315423150387,4.0,1.1161701462343263,8.0
2018-01-01,0.994653350223486,0.0,0.9877681529435336,1.0,0.98844363186346,2.0,1.0089487212605215,3.0,1.077020355696619,7.0
2018-02-01,1.0309361968428459,1.0,1.0380356704958684,1.0,1.0376476286141845,2.0,1.0583586626507253,3.0,1.1210682703511954,7.0
2018-03-01,0.9701069773913179,1.0,0.9805388531827595,1.0,0.9832395870263716,1.0,0.9836142563743184,3.0,1.0427972951321631,6.0
2018-04-01,0.9924333283591684,0.0,0.9699115634405304,1.0,0.9741375447013679,1.0,0.9724322414700154,2.0,1.0157656805682334,6.0
2018-05-01,1.0613693841681164,1.0,1.0782827755882027,1.0,1.0708422247119551,2.0,1.0836289140972433,2.0,1.1288680708306786,6.0
2018-06-01,0.9952685775389786,1.0,1.033672124051651,1.0,1.050239729340564,1.0,1.0571975481710616,2.0,1.0955739704834533,6.0
2018-07-01,1.0137985955247768,1.0,1.0152951269190316,2.0,1.0462248847274835,2.0,1.0636371106983427,3.0,1.1036102475554392,6.0
2018-08-01,1.0893472716316028,2.0,1.132431248910999,2.0,1.1527029074145971,3.0,1.2162538024169285,3.0,1.2807810192345828,6.0
2018-09-01,0.9958312209753771,1.0,1.0521393478333947,2.0,1.0895182225680613,2.0,1.146955745583408,3.0,1.2288793049742124,6.0
2018-10-01,0.9845254053343161,0.0,0.9767192643894149,1.0,1.014979360600272,2.0,1.063718107462219,3.0,1.1650940378212353,5.0
2018-11-01,0.8986513724540467,0.0,0.8596874076060109,0.0,0.8395763996227673,1.0,0.8738144405278493,2.0,0.9478349516655293,4.0
2018-12-01,0.9380352168052837,0.0,0.8523722211107836,0.0,0.8079701008085954,0.0,0.7894631675651738,2.0,0.8415006938159707,4.0
2019-01-01,1.026836932368754,1.0,0.9931577643913845,1.0,0.9225908375500181,1.0,0.8499136137423041,2.0,0.8883038004124708,5.0
2019-02-01,1.0197590963439385,2.0,1.0444774692396552,2.0,1.0246925949215149,2.0,0.9271670527925145,2.0,0.9261627981832611,5.0
2019-03-01,1.0462682552336997,2.0,1.076122668862921,3.0,1.105517386134439,3.0,1.0506858732270794,3.0,1.0060822063238395,6.0
2019-04-01,1.0274435547455452,2.0,1.0678290902998682,3.0,1.0992454253827633,4.0,1.1289133830194555,4.0,1.0465052516937268,7.0
2019-05-01,0.9318678062743779,1.0,0.928441407318414,2.0,0.9478101250174048,3.0,0.9881470148477856,4.0,0.9177059875191248,6.0
2019-06-01,1.0612616705761713,1.0,1.0350381597399383,2.0,1.036759591994596,3.0,1.07643219026349,5.0,1.0317109907783766,7.0
2019-07-01,1.0367918907717815,2.0,1.0905925996786654,2.0,1.0832083086948274,3.0,1.1117063604865465,5.0,1.0996605758098925,7.0
2019-08-01,0.9898051405817876,1.0,1.010521251514214,2.0,1.0505681108800597,2.0,1.056563690940416,4.0,1.086291710816892,6.0
2019-09-01,1.035196772645034,1.0,1.04051103935286,2.0,1.061884394167365,3.0,1.102024752370805,4.0,1.1664446055356716,7.0
2019-10-01,1.0524400683480655,2.0,1.095103206573601,2.0,1.112385534133615,3.0,1.1775621041743713,4.0,1.2789552557778845,8.0
2019-11-01,1.0358326499292625,2.0,1.083475235315962,3.0,1.1267813460499774,3.0,1.1793216114362273,5.0,1.32372972470372,9.0
2019-12-01,1.0470672030375465,2.0,1.0880492976153107,3.0,1.1363834131913984,4.0,1.2105866920096002,5.0,1.377232148288372,10.0
2020-01-01,1.0262948732887558,2.0,1.0667731590747291,3.0,1.1062126764370346,4.0,1.1966518369659531,5.0,1.3747446504606136,10.0
2020-02-01,0.9379792668744349,1.0,0.9356089608150351,2.0,0.955996355831277,3.0,1.0146365156767705,5.0,1.1707525430325911,9.0
2020-03-01,0.9638586319767031,0.0,0.9112594849562602,1.0,0.8994968111935696,2.0,0.9264764705340587,4.0,1.0646319172666485,8.0
2020-04-01,1.0720866935554032,1.0,1.0729807041185173,1.0,1.039117188854354,2.0,1.0419301584759104,4.0,1.191338630361044,8.0
2020-05-01,1.0394612335858389,2.0,1.101370651679789,2.0,1.1161762386100287,2.0,1.0947404922190944,4.0,1.2298508079940664,9.0
2020-06-01,1.0686351847289275,2.0,1.1206914084456074,3.0,1.1855414518503267,3.0,1.206814780432146,4.0,1.3390800291200156,9.0
2020-07-01,1.0762686379915645,2.0,1.151058898914827,3.0,1.2130310438704506,4.0,1.3218953143266075,4.0,1.4651878700640795,9.0
2020-08-01,1.0968125439569698,2.0,1.1856661222184166,3.0,1.2713769771503403,4.0,1.4258366163806813,5.0,1.63491374742112,10.0
2020-09-01,0.9459669339504735,1.0,0.9895189530952047,2.0,1.0473197548816975,3.0,1.1673512586543409,5.0,1.3801281056398285,9.0
2020-10-01,0.9690657541955557,0.0,0.9232987750433139,1.0,0.9466704535259366,2.0,1.035685141365761,4.0,1.2398398166008284,8.0
2020-11-01,1.0447106413833136,1.0,1.0390725238184404,1.0,1.0072764568494925,2.0,1.0657694863488625,4.0,1.291848229785997,8.0
2020-12-01,1.0541828834988995,2.0,1.1039101513768328,2.0,1.1140824199444457,2.0,1.1186298010040236,4.0,1.3666056225390626,8.0
2021-01-01,0.997241656140995,1.0,1.0317435693173718,2.0,1.0716258184181224,2.0,1.0737039589254034,3.0,1.2982679080227224,7.0
2021-02-01,0.9577442374075148,0.0,0.9426550122170937,1.0,0.9605513204362383,2.0,0.9971629460694784,2.0,1.1433892406615622,7.0
2021-03-01,1.0036563796732196,1.0,0.9762367649205502,1.0,0.9616974250621414,2.0,0.9958286244609473,3.0,1.10109938209994,8.0
2021-04-01,1.0367099281791246,2.0,1.0520447334425536,2.0,1.0375076635649525,2.0,1.0397985905076965,4.0,1.1355396461855656,8.0
2021-05-01,0.9732494790190613,1.0,0.9883929804972774,2.0,0.9979178174860929,2.0,0.9784460549312798,3.0,1.0425070540715746,7.0
2021-06-01,1.047214916686559,1.0,1.0454163943361994,2.0,1.0633953381436023,3.0,1.0694430168841156,3.0,1.1104039932664052,7.0
2021-07-01,1.0314687563326508,2.0,1.0740004253720217,2.0,1.082669907739954,3.0,1.118701243996009,4.0,1.1517460449804888,7.0
2021-08-01,1.0200544229626192,2.0,1.0479466142848872,3.0,1.0859349796505828,3.0,1.1206957949091298,5.0,1.1811734106490142,7.0
2021-09-01,0.9647836847012863,1.0,0.9665520563770891,2.0,0.9823830443565298,3.0,1.020162917483638,4.0,1.0827769366676052,7.0
2021-10-01,1.0284929727593688,1.0,1.0141493561784856,2.0,1.0173347707408351,3.0,1.0567155812243918,4.0,1.1171254013500576,8.0
2021-11-01,1.049190732147774,2.0,1.0860709647972455,2.0,1.0867314293908654,3.0,1.1128190758263958,5.0,1.1982747128766211,8.0
2021-12-01,1.0357861693969856,2.0,1.0812714544291928,3.0,1.1200151603790922,3.0,1.1433262784127518,5.0,1.2532436435639,8.0
2022-01-01,0.9920817127952534,1.0,1.0129237652164524,2.0,1.047449220662135,3.0,1.0914881422941536,4.0,1.2032493898318435,8.0
2022-02-01,0.971579865149832,0.0,0.9572728548186689,1.0,0.96735353975097,2.0,1.0170931896616382,3.0,1.1088452400862117,8.0
2022-03-01,1.027933964067085,1.0,1.0181143367936945,1.0,1.009189689910884,2.0,1.0401914210058156,4.0,1.1391323146207304,8.0
2022-04-01,0.9489556161010583,1.0,0.9508826079773791,1.0,0.9381694633206205,1.0,0.9318936036535587,3.0,1.0140491292289355,7.0
2022-05-01,0.9712551866641496,0.0,0.9281230461668929,1.0,0.9212961503586968,1.0,0.8943188610947451,2.0,0.9451058561834066,7.0
2022-06-01,0.9575570975598547,0.0,0.9254304089931182,0.0,0.8851769316407871,1.0,0.8565342890910921,1.0,0.8682564448494441,6.0
2022-07-01,1.08618786102452,1.0,1.0880665792261222,1.0,1.0731691096423825,1.0,1.031318404913025,2.0,1.023024471576286,6.0
2022-08-01,0.9834548107565086,1.0,1.0333223941626881,1.0,1.038973073829635,1.0,1.0061543593476363,2.0,0.9869325595397852,5.0
2022-09-01,0.9356170726750065,0.0,0.9053785457950277,1.0,0.9296224560109879,1.0,0.9201677833541128,1.0,0.8690366239804321,5.0
2022-10-01,1.0519311234763913,1.0,1.0250913509329416,1.0,1.0034191051015984,2.0,1.0258800350150958,2.0,0.9624553943035344,5.0
2022-11-01,0.9823804703698888,1.0,1.0102827862548638,1.0,0.9921748048367388,1.0,0.9912501992879414,2.0,0.9375959986549709,4.0
2022-12-01,0.9348826929776302,0.0,0.9037560608845867,1.0,0.9125899642285211,1.0,0.8766910396382932,2.0,0.8441809147231749,3.0
2023-01-01,1.0523667177648606,1.0,1.0251509662544958,1.0,1.002727622295451,2.0,0.993949530250159,2.0,0.9532166723564626,4.0
2023-02-01,1.0106959561488449,2.0,1.0488580553311073,2.0,1.0350735994309843,2.0,1.0270088722454138,3.0,0.983416302408226,5.0
