Date,Close_Ratio_2,Trend_2,Close_Ratio_6,Trend_6,Close_Ratio_13,Trend_13
2011-02-14,1.0008223349691148,0.0,0.9885824711329639,0.0,1.0133005478944443,6.0
2011-02-21,0.9532683715600532,0.0,0.9208825727569337,0.0,0.9239072307050211,5.0
2011-02-28,0.9868982233645909,0.0,0.9176070588705294,0.0,0.9041851657925797,4.0
2011-03-07,0.9928482729064803,0.0,0.9249710448968247,0.0,0.8949569926009546,4.0
2011-03-14,0.998745689513252,0.0,0.9442632823464553,0.0,0.8968721643315651,3.0
2011-03-21,0.993998719678669,1.0,0.9565349446274656,1.0,0.8926295848883256,3.0
2011-03-28,1.014715099348889,2.0,1.0060010338954501,2.0,0.9283054597305277,3.0
2011-04-04,0.986078532998593,1.0,0.9872109570802052,2.0,0.9179005983087033,2.0
2011-04-11,0.979274600357807,0.0,0.95787138926,2.0,0.8966130643189152,2.0
2011-04-18,1.011603219245375,1.0,0.9854595842249232,3.0,0.9310209455665885,3.0
2011-04-25,1.0180837464005754,2.0,1.0204579213700886,4.0,0.9754939842295429,4.0
2011-05-02,0.9971874952316284,1.0,1.0123730871132368,3.0,0.9807551332004363,4.0
2011-05-09,0.9866624299985178,0.0,0.9927574687787456,2.0,0.9672405894058542,4.0
2011-05-16,1.0017670780779369,1.0,0.9980793923283333,3.0,0.9832144853787542,5.0
2011-05-23,1.0016010307377807,1.0,0.9957555320269567,3.0,0.9911038729167391,5.0
2011-05-30,0.9642384140257573,0.0,0.9360835982161809,2.0,0.9300771674863575,5.0
2011-06-06,0.9953424106938392,0.0,0.9437871470077843,1.0,0.9284794838151974,5.0
2011-06-13,1.0025929060940564,1.0,0.9639889094810917,2.0,0.9399386623046848,6.0
2011-06-20,1.0156143936711246,2.0,1.0009478570770887,3.0,0.9735195430837873,6.0
2011-06-27,1.010909088386977,2.0,1.0264615249477838,3.0,0.9995725430847806,6.0
2011-07-04,1.016087516127007,1.0,1.0582518756278312,3.0,1.032103971056482,6.0
2011-07-11,0.9703293170802603,0.0,0.9937113965306464,3.0,0.9737974784831089,6.0
2011-07-18,1.0056799223040618,0.0,0.9981209337667971,3.0,0.987034614441918,5.0
2011-07-25,0.9581169946774807,0.0,0.9246186452237158,2.0,0.9178889411174824,4.0
2011-08-01,0.9746249148908818,0.0,0.8968808396703287,1.0,0.8851020653130995,4.0
2011-08-08,0.9892431910932167,0.0,0.9025587085206271,0.0,0.878355324679396,4.0
2011-08-15,0.9250678321014061,0.0,0.8219584501504779,0.0,0.7742212809307176,3.0
2011-08-22,1.015767288052293,0.0,0.8860334751198522,0.0,0.817504424497596,3.0
2011-08-29,0.9821984616176651,0.0,0.9017978618315301,0.0,0.804503253157089,3.0
2011-09-05,0.9929272309723479,1.0,0.9264831202285407,1.0,0.8092922190150904,4.0
2011-09-12,1.0191570963577294,1.0,0.9886314127334495,1.0,0.8565642040727293,3.0
2011-09-19,0.963081848479282,0.0,0.9511587441603196,1.0,0.8168027969241988,2.0
2011-09-26,0.9800874286365375,1.0,0.9278871965179465,2.0,0.8101164267792288,2.0
2011-10-03,1.043375205037715,2.0,1.0187456629264309,3.0,0.9104881341260466,3.0
2011-10-10,1.0465670265318927,2.0,1.1005162294341713,4.0,1.0175597622976205,4.0
2011-10-17,1.0039167291931796,2.0,1.0877820027918779,4.0,1.0450298871787957,5.0
2011-10-24,1.041338589255147,1.0,1.1487513776676164,4.0,1.139783901473128,5.0
2011-10-31,0.9432680768142538,0.0,1.006393872635835,4.0,1.0265904223973994,5.0
2011-11-07,0.97614916822521,0.0,0.943881469207877,3.0,0.9894840042853752,5.0
2011-11-14,0.9812174719693346,0.0,0.9111796013208535,2.0,0.954548533859963,5.0
2011-11-21,0.9681104203238934,0.0,0.878364752922716,1.0,0.9032897173209408,5.0
2011-11-28,1.0225853079073348,1.0,0.9397218042161627,1.0,0.9475919874136682,6.0
2011-12-05,0.9969361049450811,1.0,0.9718924420160983,1.0,0.9437750712686016,5.0
2011-12-12,0.9757869244921765,0.0,0.9511446552643301,1.0,0.9068092655875221,5.0
2011-12-19,1.0086100955659094,1.0,0.9832134262584639,2.0,0.924159924616704,6.0
2011-12-26,0.9943586082988985,2.0,0.9832646311056842,3.0,0.9135062168152187,6.0
2012-01-02,1.0613567859634687,2.0,1.08909479654087,4.0,1.0296851717997944,6.0
2012-01-09,1.0290192927441526,2.0,1.127320581057352,4.0,1.0907426864974172,6.0
2012-01-16,1.0144045256905034,2.0,1.1267182362843469,5.0,1.12011027452837,6.0
2012-01-23,0.9872392313134021,2.0,1.064579560238596,6.0,1.0997674421160715,7.0
2012-01-30,1.0358061211664793,2.0,1.0982311332045693,6.0,1.1710019275219865,8.0
2012-02-06,0.9868420994357525,2.0,1.0319708471298559,6.0,1.1289718238626336,9.0
2012-02-13,1.0348221072534909,2.0,1.0744039726118833,6.0,1.187543849214319,10.0
2012-02-20,0.9762216726944026,1.0,1.0126893510587753,5.0,1.1111074467406101,10.0
2012-02-27,1.0072353591927485,0.0,1.017894957292506,4.0,1.1085141597468633,9.0
2012-03-05,0.9840599212950395,0.0,0.9781114998666883,3.0,1.0584758375191632,9.0
2012-03-12,0.9990232243819589,0.0,0.9800063688752285,2.0,1.0385215950709268,9.0
2012-03-19,0.9921166807186712,1.0,0.9667136043892802,2.0,1.007575048955281,9.0
2012-03-26,1.0094450914033597,1.0,0.9959231024871256,1.0,1.0100566202269003,8.0
2012-04-02,0.9833531476847297,0.0,0.9712272222291496,1.0,0.9714173566644775,7.0
2012-04-09,0.9792223769629633,0.0,0.9480812404396713,1.0,0.9332488445720627,6.0
2012-04-16,0.995780614826996,0.0,0.9528936994806108,1.0,0.9293308816722926,5.0
2012-04-23,0.9985147529548525,0.0,0.9632915163368329,1.0,0.928938042685546,4.0
2012-04-30,0.974504248349836,0.0,0.9332869819972827,0.0,0.8931084488412144,3.0
2012-05-07,0.9918845670559446,0.0,0.9421841516101732,0.0,0.8882815135437213,2.0
2012-05-14,0.9810097339270762,1.0,0.9311936740261132,1.0,0.8718533383046033,2.0
2012-05-21,1.0288858368784932,2.0,0.9965213581185974,2.0,0.9344609035659922,3.0
2012-05-28,0.9903262025242912,1.0,0.9890653013334368,2.0,0.9297783889480136,3.0
2012-06-04,1.0009078304281331,0.0,1.0019690586567191,2.0,0.9424005983821141,3.0
2012-06-11,0.9929207701995041,0.0,0.9925429809084154,2.0,0.9410001893885294,3.0
2012-06-18,0.9730751207949923,0.0,0.9506229953365458,2.0,0.9054332912216654,2.0
2012-06-25,0.9781745765184567,0.0,0.9203484471969979,1.0,0.8844879621123594,2.0
2012-07-02,1.0147389500519555,0.0,0.9638535026490089,0.0,0.925317140660471,2.0
2012-07-09,0.9827197941037945,0.0,0.949048742153234,0.0,0.9071703276361051,2.0
2012-07-16,0.9933299071520532,1.0,0.9572311767363383,1.0,0.9088545649708498,3.0
2012-07-23,1.0079425944270723,2.0,0.989436617860257,2.0,0.9364608500175347,4.0
2012-07-30,1.0093175731551758,2.0,1.012803270357412,3.0,0.9622516447024748,5.0
2012-08-06,1.0123213400058884,2.0,1.0309520042070806,4.0,0.9916072836067736,6.0
2012-08-13,1.0345475740027716,2.0,1.0892444528823941,5.0,1.0593091714799192,6.0
2012-08-20,0.9807825905662688,1.0,1.034853409388703,5.0,1.024139860975321,5.0
2012-08-27,1.003997180191613,1.0,1.0265245563832586,5.0,1.0349006392203048,6.0
2012-09-03,1.0451699553359697,2.0,1.0912911597963397,5.0,1.1272680284658705,7.0
2012-09-10,1.0162070837024948,2.0,1.0923900300749416,5.0,1.1541318371478528,8.0
2012-09-17,1.0134858983639594,1.0,1.0873218487949061,4.0,1.1676505274781541,8.0
2012-09-24,0.9568875022091952,0.0,0.9920779115387814,3.0,1.059504179282734,8.0
2012-10-01,1.0431124977908048,1.0,1.053749708852772,4.0,1.1366921224821098,9.0
2012-10-08,0.9926888971430482,1.0,1.016216243795268,3.0,1.1014734061414377,9.0
2012-10-15,1.0030593435943216,0.0,1.0138812698270643,2.0,1.088497683108536,8.0
2012-10-22,0.972634229309043,1.0,0.9655744799336929,2.0,1.0179959166225416,8.0
2012-10-29,1.05115141933826,2.0,1.0624099132993834,3.0,1.1063556255898586,8.0
2012-11-05,0.9852449346255623,1.0,1.0155468636866405,3.0,1.0584639686347888,7.0
2012-11-12,0.9756596338210629,1.0,0.9735356064895527,3.0,1.0021656279565545,7.0
2012-11-19,1.0277211316308115,2.0,1.0236870081213085,4.0,1.045690904129438,8.0
2012-11-26,1.0131141142945015,1.0,1.0417980125619348,4.0,1.058187043230902,7.0
2012-12-03,0.9864891593727793,0.0,1.0011923834879557,3.0,1.0241118548547299,6.0
2012-12-10,0.9883534154542651,1.0,0.9858459272612011,3.0,0.9990631935994233,6.0
2012-12-17,1.0521856165712857,2.0,1.077995519825444,4.0,1.10041826160754,7.0
2012-12-24,1.0096066827245347,2.0,1.070742040629606,4.0,1.1043160055864807,8.0
2012-12-31,1.034829322376319,2.0,1.1148030773220332,4.0,1.166020857482426,8.0
2013-01-07,1.0083028892372075,1.0,1.1027301953501847,4.0,1.1648319321782568,8.0
2013-01-14,0.981891349761583,0.0,1.0378071917994285,4.0,1.1080577672108118,8.0
2013-01-21,0.9964010113033696,0.0,1.0039138740871947,3.0,1.0818756762860227,7.0
2013-01-28,0.9842767361612675,0.0,0.9680966748585027,2.0,1.0412863557383443,6.0
2013-02-04,1.0070496936930529,0.0,0.9778107171646035,1.0,1.0455773738989225,6.0
2013-02-11,0.9856204603756532,0.0,0.9616072999223395,0.0,1.0048728925518442,5.0
2013-02-18,0.9881538252489782,0.0,0.9570487333071785,0.0,0.9761792798447968,4.0
2013-02-25,1.0018409144823803,1.0,0.9724223902576417,1.0,0.9761838658803571,5.0
2013-03-04,1.01430901881231,2.0,1.0070734942293156,2.0,0.996796007401246,6.0
2013-03-11,1.003735973810586,2.0,1.0143832903181595,3.0,0.9944680631366792,6.0
2013-03-18,1.000177214764589,1.0,1.016875848819406,3.0,0.9923986014496562,5.0
2013-03-25,0.9928622479370156,0.0,1.0021012210249067,3.0,0.9784114182174272,4.0
2013-04-01,0.9945789801909403,1.0,0.9888609718849519,4.0,0.974026699412064,4.0
2013-04-08,1.0367518434337188,2.0,1.0491764902046572,4.0,1.0504692587053832,5.0
2013-04-15,0.9920027017688914,2.0,1.0255658421974885,4.0,1.0341674991070835,6.0
2013-04-22,1.0226320266572198,2.0,1.0588439511704182,4.0,1.077855709775392,7.0
2013-04-29,1.0255590816792517,2.0,1.0899212938859109,5.0,1.1224077662595149,8.0
2013-05-06,0.9892947353062761,2.0,1.045532699329701,6.0,1.0902733390369492,9.0
2013-05-13,1.0308451287288276,2.0,1.0768486765129806,6.0,1.1424138349351685,10.0
2013-05-20,0.9917031337891904,2.0,1.040958505833823,6.0,1.1068486583408323,11.0
2013-05-27,1.015278617187063,2.0,1.0470648894459158,6.0,1.1217854018971676,11.0
2013-06-03,1.016540908588737,2.0,1.0576158567485827,6.0,1.1391299804894792,11.0
2013-06-10,0.9893249009372863,1.0,1.0239896940137891,5.0,1.098361507374002,10.0
2013-06-17,0.9687217769766212,0.0,0.958108170338123,4.0,1.0216913766065092,10.0
2013-06-24,1.016788801604595,1.0,0.9913690959943218,4.0,1.0426167671721183,11.0
2013-07-01,1.0200058370816747,2.0,1.0227138218017604,4.0,1.0668196903735836,11.0
2013-07-08,1.0243422451718343,2.0,1.0606576140892476,4.0,1.1023622650418918,11.0
2013-07-15,1.0028763056886483,2.0,1.0586534381666333,4.0,1.0897829566771775,11.0
2013-07-22,1.0008187439900817,2.0,1.048363225489325,5.0,1.076362038005467,11.0
2013-07-29,1.0038033496068535,1.0,1.0330366895630267,5.0,1.0728324792430783,10.0
2013-08-05,0.987255032347294,0.0,0.9944782028808794,4.0,1.0351947865365085,9.0
2013-08-12,0.9767045546292271,0.0,0.9504676954484808,3.0,0.9859695888765345,8.0
2013-08-19,1.009792630778629,0.0,0.975288635813762,2.0,1.0006367124925855,7.0
2013-08-26,0.9858258678504844,1.0,0.9592794495840771,2.0,0.9722612794024709,7.0
2013-09-02,1.0294745777570842,2.0,1.0200338694300786,2.0,1.0287872433719447,7.0
2013-09-09,0.998753633167505,2.0,1.0217709584144148,3.0,1.02226488947269,8.0
2013-09-16,1.0105638691715377,2.0,1.0396123524041447,4.0,1.033679512497529,9.0
2013-09-23,0.9937158074538871,1.0,1.0171055073754338,4.0,1.0140696587190658,8.0
2013-09-30,0.9907035080923772,0.0,0.9953994068047538,4.0,0.9931946579446966,7.0
2013-10-07,0.9950738593585263,1.0,0.979857655012255,4.0,0.98567224995109,7.0
2013-10-14,1.0075800243082542,2.0,0.9960221812117762,4.0,1.0022770426004843,7.0
2013-10-21,0.9958030324708762,2.0,0.9898484279824039,4.0,0.9962103957090221,7.0
2013-10-28,1.024664281287352,2.0,1.037218546141585,4.0,1.0456041155697915,8.0
2013-11-04,0.9901418021639765,2.0,1.0156062475716707,5.0,1.0237803525679674,9.0
2013-11-11,1.0279729630361247,2.0,1.0590485097680478,6.0,1.0725899132212802,10.0
2013-11-18,0.9850785423183233,1.0,1.0173478398514013,5.0,1.0353885086289125,10.0
2013-11-25,1.0144054277806276,1.0,1.03385681710262,5.0,1.0552690961407805,10.0
2013-12-02,1.0182509336943226,2.0,1.0508828891091864,5.0,1.0853597224482274,10.0
2013-12-09,0.9983792886809404,2.0,1.0355172650567417,5.0,1.0729716627801633,10.0
2013-12-16,1.011724061860142,2.0,1.0406635135839248,5.0,1.0890901388765617,10.0
2013-12-23,0.9993896856881294,1.0,1.0299370723700374,4.0,1.0776956237554922,10.0
2013-12-30,0.9829834932251098,0.0,0.9874396919189293,4.0,1.0335329074855202,10.0
2014-01-06,1.0057788830815393,0.0,0.9935467642848769,3.0,1.0358080941513454,9.0
2014-01-13,0.9818135526500528,0.0,0.9643169113979413,2.0,0.9934469389774934,8.0
2014-01-20,0.9765345799296655,0.0,0.9325625077655072,1.0,0.9455712950459922,7.0
2014-01-27,0.9897133457368105,0.0,0.9329024421377988,0.0,0.9287185627939246,6.0
2014-02-03,1.0004155530999077,0.0,0.9535252288448998,0.0,0.9305040860527466,5.0
2014-02-10,0.9977796302475312,1.0,0.9646690624762275,1.0,0.931588510515427,5.0
2014-02-17,1.0101871953467414,2.0,0.9994551422191381,2.0,0.9525492432713423,6.0
2014-02-24,0.993277570752194,2.0,0.9969705322959397,3.0,0.9446005804848251,6.0
2014-03-03,1.0201650815547072,1.0,1.0339246090807375,3.0,0.9884006716305032,5.0
2014-03-10,0.9498467743752675,0.0,0.9437549086307575,3.0,0.9048533016914748,4.0
2014-03-17,1.0133140114220098,1.0,0.9741686806327199,4.0,0.9407593809449409,4.0
2014-03-24,0.9959851048483852,1.0,0.9718763169121238,3.0,0.945370400612147,4.0
2014-03-31,1.001150443341982,0.0,0.9827318940355243,2.0,0.9570873020279663,4.0
2014-04-07,0.95684745286657,0.0,0.9199078237543908,1.0,0.8932045164334388,4.0
2014-04-14,1.0311030077652328,1.0,0.9967245075231406,2.0,0.9600956136743921,5.0
2014-04-21,0.9961595521624347,2.0,0.9908904252219756,3.0,0.9592332748180473,6.0
2014-04-28,1.0181976991639543,2.0,1.0278240620687524,3.0,0.997214211643417,7.0
2014-05-05,0.9893063342441015,1.0,1.0085444609197254,3.0,0.9801541719142561,7.0
2014-05-12,0.9966290554920207,0.0,1.005768368379348,3.0,0.9777679476738806,6.0
2014-05-19,0.9945290710329561,1.0,0.9865545584978961,4.0,0.9737188183503939,6.0
2014-05-26,1.0139275871948543,2.0,1.011456179240371,4.0,1.0048506181545618,6.0
2014-06-02,1.027695731427297,2.0,1.05452968054002,4.0,1.0648095970851177,7.0
2014-06-09,0.9872541124264952,1.0,1.0247339832910338,3.0,1.034437343872758,7.0
2014-06-16,1.008211553706237,1.0,1.031859848811493,4.0,1.0487327015635814,7.0
2014-06-23,1.0054914567592492,2.0,1.0304365714589947,5.0,1.055869716740182,8.0
2014-06-30,1.0150618980283617,2.0,1.0418699086104986,5.0,1.0811370965105533,9.0
2014-07-07,1.0027744626463082,1.0,1.031670525062972,4.0,1.072919842677381,9.0
2014-07-14,0.9928343828137766,0.0,1.013043261854834,3.0,1.0498218888437172,8.0
2014-07-21,0.9677152294789364,0.0,0.9520835986384114,3.0,0.9812957168389176,7.0
2014-07-28,0.9762078366946491,0.0,0.9193969306746114,2.0,0.9387781088227587,6.0
2014-08-04,1.0013438876522909,1.0,0.9351119886888924,2.0,0.9427298084684876,7.0
2014-08-11,1.0046014751106713,2.0,0.9611816084493124,2.0,0.9517751654535485,8.0
2014-08-18,1.0058754629130524,2.0,0.9899292212172239,3.0,0.9617562301645655,8.0
2014-08-25,1.0081112043911895,2.0,1.0189342049974992,4.0,0.977021400283555,8.0
2014-09-01,0.9968290948022633,1.0,1.0149195845844508,4.0,0.9749929953845448,7.0
2014-09-08,0.98069268490641,0.0,0.9772838571373665,4.0,0.9428833101902047,7.0
2014-09-15,1.0099687275416152,0.0,0.9949674587706752,3.0,0.9666761208777045,6.0
2014-09-22,0.9885262927353689,0.0,0.975588181439568,2.0,0.9519404314363831,5.0
2014-09-29,1.00881518278089,0.0,0.9952829858013861,1.0,0.9774609842063461,4.0
2014-10-06,0.9458236151859616,0.0,0.9132204764884896,0.0,0.8922146534853925,4.0
2014-10-13,0.9991739444268631,0.0,0.9320388457956856,0.0,0.9054517825033515,4.0
2014-10-20,0.9966821689895049,1.0,0.9414960749157617,1.0,0.9100060917019575,5.0
2014-10-27,1.0221353953642798,2.0,0.997353096844583,2.0,0.9557480601715039,6.0
2014-11-03,1.0030163602912845,2.0,1.01185138385821,3.0,0.9659187179674242,6.0
2014-11-10,1.0031555815646722,2.0,1.0290801356233426,4.0,0.976743663127079,6.0
2014-11-17,1.0053191511582698,2.0,1.0298627271455638,5.0,0.9921378002030832,6.0
2014-11-24,1.0198291520718328,2.0,1.053577049564945,6.0,1.0356504607894839,6.0
2014-12-01,1.007422802783098,1.0,1.0479229904390752,5.0,1.0527710259420628,6.0
2014-12-08,0.9639694563305105,0.0,0.9741822453742578,4.0,0.983536228032306,6.0
2014-12-15,1.0192606657019911,1.0,1.0061331112908953,4.0,1.02494296837401,7.0
2014-12-22,1.0138262422044937,2.0,1.0241902576378163,4.0,1.0522665426756563,8.0
2014-12-29,1.0161878462198002,2.0,1.0435824446227595,4.0,1.0840852984888953,9.0
2015-01-05,1.0106488711735087,1.0,1.0546747647951922,3.0,1.0935498301666753,9.0
2015-01-12,0.9724267383457474,0.0,0.9993076877222663,3.0,1.0265163044723313,9.0
2015-01-19,1.0010381090687737,0.0,0.990704493582705,3.0,1.0197796493660711,8.0
2015-01-26,0.9829742189799499,1.0,0.9584251234943097,3.0,0.982848892748009,8.0
2015-02-02,1.0492567927823837,2.0,1.0461061627221493,3.0,1.0737146329202623,8.0
2015-02-09,1.022004875786315,2.0,1.078658106670173,3.0,1.1072220630965781,8.0
2015-02-16,1.0003985996255038,1.0,1.0689949341354572,3.0,1.0944278397666791,7.0
2015-02-23,0.9954642457385543,0.0,1.0414515349857252,3.0,1.0752161724491436,6.0
2015-03-02,0.9936614806334281,1.0,1.013758943255381,4.0,1.0548666322992981,7.0
2015-03-09,1.016157018217841,2.0,1.0216136133497844,4.0,1.0741818243149874,8.0
2015-03-16,1.0106604227033806,1.0,1.0303967192457477,3.0,1.083077884344282,7.0
2015-03-23,0.9795222164302385,0.0,0.9903995295786202,2.0,1.031693397040852,6.0
2015-03-30,0.9890258588508288,0.0,0.9738527168259209,2.0,1.0057440791013244,5.0
2015-04-06,1.0009579813208782,1.0,0.9789417273420359,3.0,1.0055841013016795,6.0
2015-04-13,1.000956149374397,1.0,0.9816915141825433,2.0,1.0012401835573983,6.0
2015-04-20,0.9854631144439291,0.0,0.9641502680010849,1.0,0.9688003900565298,6.0
2015-04-27,0.9976059429987195,0.0,0.9747282034744101,1.0,0.9585527348088637,5.0
2015-05-04,0.9985863941597274,0.0,0.9809294621960123,1.0,0.9572015204553588,4.0
2015-05-11,0.9941620411493021,1.0,0.9767311823978534,2.0,0.951465467004704,4.0
2015-05-18,1.0111882298356973,2.0,1.002902924276794,2.0,0.9769909502785694,5.0
2015-05-25,1.0037672729215954,1.0,1.013667782062337,2.0,0.9871646376845722,5.0
2015-06-01,0.9880432931918145,0.0,0.9919035725545137,2.0,0.9673495955755687,4.0
2015-06-08,1.0083298061430361,1.0,1.0071921918295113,3.0,0.9885015667933164,4.0
2015-06-15,1.0055695005232328,1.0,1.0147058973286525,3.0,1.0054833444182372,4.0
2015-06-22,0.9754575187822019,0.0,0.9684961959862093,2.0,0.9633573634704231,4.0
2015-06-29,0.9829906594365149,0.0,0.9470833973963405,1.0,0.9377428436106774,4.0
2015-07-06,0.9716849768301258,0.0,0.9147851359945139,1.0,0.8961580609224574,3.0
2015-07-13,0.9879129732599248,0.0,0.9127456726672794,1.0,0.8864096383366393,3.0
2015-07-20,1.0066439775319211,1.0,0.9468068732809528,1.0,0.9074115582798804,4.0
2015-07-27,1.0071919572500283,2.0,0.9835093472585229,2.0,0.9287188048583815,5.0
2015-08-03,1.0036363563989934,1.0,1.0044833608805155,2.0,0.9431529800461879,5.0
2015-08-10,0.9960461805818454,0.0,1.0058025028556923,2.0,0.9430967293578142,4.0
2015-08-17,0.9690620496819826,0.0,0.9545821178022398,2.0,0.8991284566125872,3.0
2015-08-24,0.9897610857071009,0.0,0.9436008696309933,2.0,0.8954869399240043,3.0
2015-08-31,0.9979267304600319,1.0,0.9509384020280824,2.0,0.905198164262009,4.0
2015-09-07,1.0215144923602657,2.0,1.0002211600600772,2.0,0.957844565339833,4.0
2015-09-14,1.0059347281776645,1.0,1.0190948183964228,2.0,0.9827304372522089,4.0
2015-09-21,0.981642183243172,1.0,0.9938608833721675,3.0,0.959109953216345,5.0
2015-09-28,1.0379456937845017,2.0,1.0595503058270297,4.0,1.0386775033411861,6.0
2015-10-05,1.0188621090746268,2.0,1.076621496929551,5.0,1.0744206171355986,7.0
2015-10-12,1.0030257300455991,2.0,1.0585418176693284,5.0,1.0742061406565733,8.0
2015-10-19,1.0405209716977628,2.0,1.113577705751489,5.0,1.1509099615195808,8.0
2015-10-26,0.9853231596589146,1.0,1.0573447585280291,5.0,1.1083351568207909,7.0
2015-11-02,1.0118879161392844,0.0,1.049207578939826,4.0,1.1239963199445484,7.0
2015-11-09,0.9794462089854032,1.0,0.9943966959290168,4.0,1.0714148800938854,8.0
2015-11-16,1.0287331738917698,2.0,1.0362625213660028,4.0,1.116726547918074,9.0
2015-11-23,1.000412581208563,1.0,1.021485711277649,3.0,1.098510685594848,9.0
2015-11-30,0.9983475773388909,0.0,1.0166877001343033,2.0,1.0764539202514616,8.0
2015-12-07,0.9759886895302453,0.0,0.9706419240463534,2.0,1.015762784011912,7.0
2015-12-14,0.9871005408739907,1.0,0.9552224268487736,3.0,0.9828669691613497,8.0
2015-12-21,1.013622386859605,2.0,0.9802625166717388,3.0,0.9983796448234287,8.0
2015-12-28,0.9914006678305914,1.0,0.9742659184480896,2.0,0.9764139055315797,7.0
2016-01-04,0.9294932687312281,0.0,0.8744879748777863,2.0,0.8542468926258466,6.0
2016-01-11,1.000676802164476,0.0,0.9055274999952542,2.0,0.8622731652105817,5.0
2016-01-18,0.9950722343874441,1.0,0.9214308600411834,3.0,0.8667851089902038,5.0
2016-01-25,1.0061099576126404,1.0,0.9529014571886226,2.0,0.8881001138632679,5.0
2016-02-01,0.9810931854872603,0.0,0.948330319447148,1.0,0.8695917483517881,5.0
2016-02-08,0.9852444118923611,1.0,0.9540368053601455,2.0,0.857567950919341,5.0
2016-02-15,1.0189414339973129,2.0,0.9951590805920089,3.0,0.9070060948274475,5.0
2016-02-22,1.0145522766023214,2.0,1.0241963074244704,4.0,0.949304993850192,6.0
2016-02-29,1.0285246176797835,2.0,1.0714407978235096,4.0,1.0172870076941165,7.0
2016-03-07,0.9982436434859401,2.0,1.0579276913798257,5.0,1.0221082188146986,8.0
2016-03-14,1.01107242744691,1.0,1.0611476701806521,5.0,1.0495099297279722,7.0
2016-03-21,0.9841068018261075,0.0,1.0097847109769593,4.0,1.0261064406744451,6.0
2016-03-28,0.9920234448331763,0.0,0.9847562517320503,3.0,1.0190635251860922,6.0
2016-04-04,0.9816176726050104,1.0,0.9505367366932519,3.0,0.9826787766630872,7.0
2016-04-11,1.019856476233093,2.0,0.9933903931421918,3.0,1.0198957572003207,8.0
2016-04-18,1.0258208614144617,2.0,1.040862554265997,3.0,1.0660245283878416,8.0
2016-04-25,0.9940606272142222,1.0,1.029459357013155,3.0,1.0476697126642762,8.0
2016-05-02,0.9866156759870454,0.0,1.0022660853867116,3.0,1.013777969656596,8.0
2016-05-09,0.9928432233249008,0.0,0.9877555604372413,3.0,0.9923465763256435,7.0
2016-05-16,1.0008184520696621,1.0,0.9830108788996956,3.0,0.9895420910922283,7.0
2016-05-23,1.0132343400087254,1.0,1.0049087513495545,2.0,1.0116518210961725,6.0
2016-05-30,0.9706509425332649,0.0,0.960831010467685,1.0,0.9581673512169149,5.0
2016-06-06,0.9907943928242071,0.0,0.9574958718104176,1.0,0.945868795759325,4.0
2016-06-13,1.0029164535801431,0.0,0.9723346359815014,1.0,0.9579499272197933,4.0
2016-06-20,0.9847169301505279,0.0,0.9545454735196911,1.0,0.9352636838107523,4.0
2016-06-27,1.0094339449744578,1.0,0.9819850315055594,1.0,0.956914987588262,5.0
2016-07-04,1.0131511608505075,2.0,1.0181360495124532,2.0,0.9816941245814075,5.0
2016-07-11,1.01836837009343,2.0,1.0492157519161613,3.0,1.0178889723608058,5.0
2016-07-18,1.0220880245178405,2.0,1.0776276089578236,4.0,1.0639250840281098,5.0
2016-07-25,0.9902668928656359,1.0,1.0433919866434067,4.0,1.0441049480436435,5.0
2016-08-01,0.9881295849108837,1.0,1.0053312791272226,5.0,1.0200234144124625,6.0
2016-08-08,1.012345686563256,2.0,1.0156568266431385,5.0,1.042734820149051,7.0
2016-08-15,1.0041009500070381,1.0,1.012243597100802,4.0,1.0479675841642404,6.0
2016-08-22,0.9952651636021049,1.0,0.9986802714200497,4.0,1.0377224971870362,7.0
2016-08-29,1.0098916494816124,1.0,1.0186348454500869,3.0,1.051641300009297,7.0
2016-09-05,0.9731800714951251,0.0,0.9708552226490589,3.0,0.9931573670476961,7.0
2016-09-12,1.0079739589950145,1.0,0.985573336467803,3.0,1.00474156370811,8.0
2016-09-19,1.0182279228168636,2.0,1.019197183244782,3.0,1.0323377881628184,9.0
2016-09-26,0.9945218582334531,2.0,1.0084113843175841,4.0,1.0138698135946433,9.0
2016-10-03,1.0088909638028014,2.0,1.022123908075802,4.0,1.0253146107710747,9.0
2016-10-10,0.9926802786778596,1.0,1.0088103709050995,4.0,1.0077102970401608,8.0
2016-10-17,1.0026599917325347,0.0,1.0059128506054293,4.0,1.0133813718017768,7.0
2016-10-24,0.9886363444796827,0.0,0.9815104836282373,3.0,0.9911392326896155,7.0
2016-10-31,0.9974391829611978,1.0,0.9814173082024551,3.0,0.9852125648572063,7.0
2016-11-07,1.04387849949311,2.0,1.0589883306185321,3.0,1.069268163966776,7.0
2016-11-14,0.9847806557625066,2.0,1.0237319590693106,3.0,1.0342832327735523,8.0
2016-11-21,1.0185873605947955,2.0,1.0495939477964558,4.0,1.0664670658682636,8.0
2016-11-28,1.0166523090719646,2.0,1.0667804742280098,5.0,1.0940701081791027,9.0
2016-12-05,1.0307923909866852,2.0,1.0995620393404995,6.0,1.1440656127572648,10.0
2016-12-12,0.9825746192516742,1.0,1.0356413769610677,5.0,1.0911083612898873,9.0
2016-12-19,0.9905634148180084,0.0,1.0082870069196577,4.0,1.061959218476361,8.0
2016-12-26,0.9879484121815894,1.0,0.9758192673270321,4.0,1.0294338311487117,8.0
2017-01-02,1.0162360792905514,2.0,0.9999074411291136,4.0,1.0546639487285496,8.0
2017-01-09,1.0184099064559056,2.0,1.0282252583556208,4.0,1.0808969289423296,9.0
2017-01-16,0.9955615085699087,1.0,1.0221874061536875,3.0,1.059617629315264,9.0
2017-01-23,1.0,0.0,1.0191848390328344,3.0,1.046503495752095,9.0
2017-01-30,0.9907281634979037,0.0,0.997528878499431,3.0,1.0158522448244687,8.0
2017-02-06,0.9837761725579108,1.0,0.964222026433438,3.0,0.980989937644223,8.0
2017-02-13,1.0283188709634241,2.0,1.0147219617278465,3.0,1.028854576648376,8.0
2017-02-20,0.9956826810177233,2.0,1.0080131568499173,3.0,1.01429361278248,8.0
2017-02-27,1.017702622087701,1.0,1.0385764584783175,3.0,1.0446233306760506,7.0
2017-03-06,0.9813482855639833,0.0,1.0013594655648643,3.0,1.0081275630009787,6.0
2017-03-13,0.9931656646395309,0.0,0.9877651210660741,3.0,0.9945250913199031,6.0
2017-03-20,0.9750317339856578,0.0,0.942245655193951,2.0,0.9483282932483749,6.0
2017-03-27,1.0114416363610474,0.0,0.9722744014224288,1.0,0.9692165002175105,5.0
2017-04-03,0.9761111693474852,0.0,0.9406566388611161,0.0,0.9284533571109661,4.0
2017-04-10,0.9952310029493125,1.0,0.9531829499043576,1.0,0.9274008957060714,4.0
2017-04-17,1.0053619394343793,2.0,0.9777884971608872,2.0,0.9439746886438772,5.0
2017-04-24,1.0130135896708774,2.0,1.011829981462848,3.0,0.9738332823381631,6.0
2017-05-01,0.9872825766141603,1.0,0.9902258029726191,3.0,0.9546601177021486,6.0
2017-05-08,0.9977741278047564,0.0,0.9942823162568342,3.0,0.9536339620934742,5.0
2017-05-15,0.9864335588014537,0.0,0.9724107579262529,3.0,0.9373085895118984,4.0
2017-05-22,1.005319934173135,1.0,0.9843726669115048,3.0,0.9553980017456492,4.0
2017-05-29,1.0204384043062689,2.0,1.0219014392141563,3.0,1.003697905252462,5.0
2017-06-05,0.9984009215163896,1.0,1.02015150601686,2.0,1.0061075906938446,5.0
2017-06-12,0.9992714667596913,0.0,1.016050194023199,2.0,1.0092829712224032,5.0
2017-06-19,0.9986859373575372,1.0,1.0104889990215387,3.0,1.0074550962694793,6.0
2017-06-26,1.0105598080566647,2.0,1.0209469952393033,4.0,1.0299628081726686,7.0
2017-07-03,1.0001430989220845,2.0,1.0120202279316128,4.0,1.0273913313884484,8.0
2017-07-10,1.019778368701823,2.0,1.0432910387021979,4.0,1.0617430527503369,8.0
2017-07-17,0.9961336814916278,1.0,1.0267577541622153,4.0,1.0481012017980398,7.0
2017-07-24,0.9958240640809667,0.0,1.0111184605847112,4.0,1.036765373843606,6.0
2017-07-31,0.9929617118024175,0.0,0.9919842718526426,3.0,1.0188658403727122,6.0
2017-08-07,0.995156693035716,0.0,0.982421618055726,2.0,1.0061152640529836,6.0
2017-08-14,0.9985665356786284,1.0,0.9801144817085607,2.0,0.9985665608808315,7.0
2017-08-21,1.0109327934080645,2.0,1.0053183490258921,2.0,1.0149790094185718,7.0
2017-08-28,1.0241228365997201,2.0,1.048652701262844,3.0,1.0584030831678735,7.0
2017-09-04,0.9951586792980547,2.0,1.0326061596669838,4.0,1.042163190722085,8.0
2017-09-11,1.0247759757729524,2.0,1.0671546384545667,5.0,1.0843327241913323,9.0
2017-09-18,1.0068965147649005,2.0,1.0601998693437544,6.0,1.0872175195825848,9.0
2017-09-25,1.0120301116334356,2.0,1.0596571337274965,6.0,1.1009647959846214,9.0
2017-10-02,1.0533348864589875,2.0,1.1328318714468348,6.0,1.1998808580060423,9.0
2017-10-09,1.01046141117248,2.0,1.1167998885722743,6.0,1.2017247132253774,9.0
2017-10-16,0.9970488528493795,1.0,1.0727557867768178,5.0,1.1721227271337327,9.0
2017-10-23,0.9892520640365304,0.0,1.0267576313394444,4.0,1.127426006412557,9.0
2017-10-30,0.9735571482045858,0.0,0.9630752840143897,3.0,1.0548485986287852,9.0
2017-11-06,1.0037647022920497,1.0,0.9620386294945262,3.0,1.0473060927608473,10.0
2017-11-13,1.0140975411115836,2.0,0.9934719606294342,3.0,1.0591555793867693,10.0
2017-11-20,1.0065655197572516,1.0,1.0120262314671002,2.0,1.0557869091051801,9.0
2017-11-27,0.9808596198401683,0.0,0.9845457876384354,2.0,1.0061497443130984,8.0
2017-12-04,0.9909208767209599,0.0,0.9766414923739896,2.0,0.9791536016300366,7.0
2017-12-11,0.9871037763157556,0.0,0.9569247645015769,2.0,0.9506929194263743,6.0
2017-12-18,1.0128962236842445,1.0,0.9843823209546121,2.0,0.9710253144789175,6.0
2017-12-25,0.9875918714276563,2.0,0.9712119686076165,2.0,0.9461974471894703,6.0
2018-01-01,1.0355293722713694,2.0,1.0446237329672101,3.0,1.0175722086228578,6.0
2018-01-08,1.0006812145168291,1.0,1.0407777561979632,3.0,1.0222503631735538,5.0
2018-01-15,0.98945198170065,0.0,1.0145382134032426,3.0,1.0053228009276747,5.0
2018-01-22,1.0039242860112318,0.0,1.0124549205449767,3.0,1.0153368462326535,5.0
2018-01-29,0.9705290374127025,0.0,0.9582797601253716,2.0,0.9595132130717682,5.0
2018-02-05,1.0055784512439956,1.0,0.9672602621185611,2.0,0.9723790497728142,5.0
2018-02-12,0.9955178808563979,1.0,0.9696373745148998,1.0,0.9685766061447254,4.0
2018-02-19,0.9978048743271246,0.0,0.9775388165952364,1.0,0.9705812456855354,4.0
2018-02-26,0.9555782545895058,0.0,0.9152335188421217,1.0,0.8967913164810599,4.0
2018-03-05,1.0054470552001946,1.0,0.9470654542571205,2.0,0.9136531614155472,5.0
2018-03-12,1.001319589281234,1.0,0.9618455804345535,2.0,0.9212177451280352,5.0
2018-03-19,0.9621118782769756,0.0,0.9159648907433137,1.0,0.8650269167652109,4.0
2018-03-26,1.0163613761866117,1.0,0.9663608720902218,2.0,0.9017369804305301,4.0
2018-04-02,1.0181032172966886,2.0,1.0165467812848274,3.0,0.9464227143306422,4.0
2018-04-09,1.0137416468938274,1.0,1.0388019688135448,3.0,0.982937341621977,4.0
2018-04-16,0.9853288062660974,0.0,1.0098000012597874,2.0,0.9649490008875764,4.0
2018-04-23,1.0005315029815562,0.0,1.012187511633562,2.0,0.9772387368025831,4.0
2018-04-30,0.9873587623226109,0.0,0.9801530496189038,2.0,0.9610721573314647,4.0
2018-05-07,1.0024456563710267,1.0,0.98255424995833,2.0,0.9747555725680038,4.0
2018-05-14,1.0120514397723768,2.0,1.0060342728662859,2.0,1.005279447671114,5.0
2018-05-21,1.0067025669668876,2.0,1.021560322929427,3.0,1.0243169686341052,6.0
2018-05-28,1.0601227181089437,2.0,1.1243168367671288,4.0,1.1418115516122376,7.0
2018-06-04,1.01200685223442,2.0,1.1195918051924796,5.0,1.1545177255605903,7.0
2018-06-11,0.9961433739430993,1.0,1.0782516121795225,5.0,1.1320825784554345,7.0
2018-06-18,0.9687646799885129,0.0,0.9951749064766457,4.0,1.0508318444806137,7.0
2018-06-25,0.9770613956711772,0.0,0.9444289395481509,3.0,0.9977209753123542,6.0
2018-07-02,0.996944988871291,0.0,0.9354620266307694,2.0,0.9887928440384388,5.0
2018-07-09,1.0025471314540686,1.0,0.9548376740134613,2.0,0.9926282389275689,6.0
2018-07-16,1.0005078836267445,1.0,0.9749257913333566,1.0,0.9901985725169468,6.0
2018-07-23,0.975692152097181,0.0,0.9537483714223823,1.0,0.9434206375158344,6.0
2018-07-30,1.0026574643555664,0.0,0.9733424863323357,1.0,0.9465812227095229,6.0
2018-08-06,0.9846609338760824,0.0,0.955477218427752,1.0,0.9185123669277483,5.0
2018-08-13,0.9971221175694174,0.0,0.9616282866850093,1.0,0.915734057295104,4.0
2018-08-20,0.9940550215084999,0.0,0.9647553574162129,0.0,0.9090467135353072,3.0
2018-08-27,1.0013888676961262,0.0,0.982155001007847,0.0,0.9244318829921532,2.0
2018-09-03,0.9694111003765951,0.0,0.9392918079090273,0.0,0.8876605766548363,1.0
2018-09-10,1.0105048323765051,1.0,0.9731628697943479,1.0,0.9237698736418918,2.0
2018-09-17,1.0098641689661647,1.0,0.9984922563749021,1.0,0.9537815843872425,2.0
2018-09-24,0.9760834675029695,0.0,0.9641578303375284,1.0,0.9201773795733964,2.0
2018-10-01,1.0066381587577018,0.0,0.9856523668718387,1.0,0.9424613009725793,2.0
2018-10-08,0.964648793479721,0.0,0.937573765143166,1.0,0.8924568902632684,1.0
2018-10-15,0.9906334317055657,1.0,0.9325960494422623,2.0,0.8916833619949293,2.0
2018-10-22,1.0227094864676831,2.0,0.9856604234227594,2.0,0.9432432237454684,3.0
2018-10-29,1.0492137046942216,2.0,1.0838262993485102,3.0,1.0448370099138562,4.0
2018-11-05,0.995399442095868,1.0,1.063080067463855,3.0,1.0373267955640988,4.0
2018-11-12,1.0006997793775598,1.0,1.056025980206469,4.0,1.0402444200009264,5.0
2018-11-19,1.0025111649610692,2.0,1.0401428139007522,5.0,1.0455288281304649,6.0
2018-11-26,1.0273416408846732,1.0,1.0639689841818316,4.0,1.099632248390298,6.0
2018-12-03,0.9551211155888991,0.0,0.9633880698692926,3.0,1.0034265221302436,6.0
2018-12-10,1.005874765216278,0.0,0.9789884338527289,2.0,1.0142253444875569,5.0
2018-12-17,0.9688601792941387,0.0,0.9316384151872367,2.0,0.9579497640267601,5.0
2018-12-24,1.0140508020757657,1.0,0.9665194139507487,2.0,0.9847032862159171,6.0
2018-12-31,0.9912268202544146,2.0,0.9615810620794526,2.0,0.9692855428392626,7.0
2019-01-07,1.0546021607924876,2.0,1.076640951335435,3.0,1.0683671981837384,8.0
2019-01-14,1.0188679283269781,2.0,1.097290663291693,4.0,1.0915793316247528,8.0
2019-01-21,1.000388333712581,2.0,1.08003352512201,5.0,1.0783795854494156,8.0
2019-01-28,1.0018083104231408,2.0,1.0554295275426646,6.0,1.075934750635251,8.0
2019-02-04,0.9989675010734375,2.0,1.0309003855767387,6.0,1.0668844103039088,9.0
2019-02-11,1.0050134899737557,2.0,1.015324679287997,6.0,1.070056863408735,9.0
2019-02-18,1.0113808991532607,2.0,1.0262179062551,6.0,1.0854142784654144,9.0
2019-02-25,0.9942152553254291,1.0,1.010437494731491,5.0,1.0694010638682208,9.0
2019-03-04,0.980134196443031,0.0,0.9737696868069686,4.0,1.0207300381620314,9.0
2019-03-11,1.0010517751106105,0.0,0.9787890280696788,3.0,1.0166389240906593,9.0
2019-03-18,0.9781237269516329,0.0,0.9460429716707849,2.0,0.9662430532255815,9.0
2019-03-25,1.0089747059210132,1.0,0.9715432606601201,2.0,0.9774039505884571,9.0
2019-04-01,1.0241977935657733,2.0,1.0244223088558064,2.0,1.0143469414973145,9.0
2019-04-08,1.0097902158953809,2.0,1.0438554150660606,3.0,1.0291871685383291,9.0
2019-04-15,1.0073740803020252,1.0,1.048750876055939,3.0,1.040971219447413,8.0
2019-04-22,0.9922480753259151,0.0,1.0254555180278337,3.0,1.0228426558162813,7.0
2019-04-29,0.988786938414269,0.0,0.9926235467557253,3.0,1.0001189549596148,6.0
2019-05-06,0.9881340479370516,0.0,0.9660887315912525,2.0,0.9782336643124101,5.0
2019-05-13,0.9881159113779956,0.0,0.9512383349586688,1.0,0.9592374062231023,4.0
2019-05-20,0.9739323198009079,0.0,0.9210192589776648,0.0,0.9194272578080879,3.0
2019-05-27,0.9739994332003928,1.0,0.9017716391124734,1.0,0.8838451971589334,4.0
2019-06-03,1.0312364008235269,2.0,0.9784047540340547,2.0,0.9456629253603898,5.0
2019-06-10,1.0023892925551587,2.0,0.9974825132143247,3.0,0.9549096836798957,6.0
2019-06-17,1.0173601316611944,2.0,1.0374185841804524,4.0,0.9876735939460962,7.0
2019-06-24,1.0213386438100986,2.0,1.0749558044275322,5.0,1.0277196250851797,7.0
2019-07-01,0.9996105571884686,2.0,1.0574986332734544,6.0,1.0278473843439853,7.0
2019-07-08,1.00913652159101,2.0,1.048816357128183,6.0,1.0478784506506984,7.0
2019-07-15,1.0034311915424539,2.0,1.0375821375518706,6.0,1.0568757448408186,8.0
2019-07-22,1.0160747777635806,2.0,1.0480271063982023,6.0,1.0889647040372612,9.0
2019-07-29,0.9877094762527161,1.0,1.0102001780461174,5.0,1.060386699813679,9.0
2019-08-05,0.9978586954244583,0.0,1.001306109921977,4.0,1.0521444435314506,9.0
2019-08-12,0.9659313328604922,0.0,0.941276240984836,3.0,0.9828160517748136,9.0
2019-08-19,0.9871338816173,1.0,0.9297808660523403,3.0,0.9560110519252377,10.0
2019-08-26,1.014080639204532,2.0,0.9662628613111338,3.0,0.9758550970910327,10.0
2019-09-02,1.0222749261961404,2.0,1.0190959748895614,3.0,1.0135708168961173,10.0
2019-09-09,1.00103042029474,1.0,1.0253298245276177,3.0,1.0091692036002682,9.0
2019-09-16,0.9804538674089688,0.0,0.995825163187331,3.0,0.9696032031884608,8.0
2019-09-23,1.0006685283995016,0.0,0.995300961911487,3.0,0.9730561870886937,7.0
2019-09-30,0.9652979622512147,0.0,0.9332976979900236,2.0,0.9143530671814046,6.0
2019-10-07,1.009364356579154,1.0,0.9574267729905807,2.0,0.9385224252016603,6.0
2019-10-14,1.008363513966929,2.0,0.9851111825835361,2.0,0.9608083133041393,6.0
2019-10-21,1.0078179057840406,2.0,1.0103584820637803,3.0,0.9840531254601013,6.0
2019-10-28,1.0164636527172453,2.0,1.0413200868240307,4.0,1.020804501391692,7.0
2019-11-04,1.0091335719443748,1.0,1.054492525114276,4.0,1.0416484936783135,7.0
2019-11-11,0.9764425775964781,0.0,0.9969821089648754,4.0,0.9939274525532892,7.0
2019-11-18,0.9783993695343978,0.0,0.9558552128275797,3.0,0.9533387861510801,6.0
2019-11-25,1.0093929363766485,1.0,0.9747292318096653,3.0,0.9736207111112233,6.0
2019-12-02,0.9935700436317325,1.0,0.9675136298405419,2.0,0.9677027757012253,5.0
2019-12-09,1.0015451693577635,1.0,0.9808327556828459,2.0,0.9772684568327262,6.0
2019-12-16,1.021947852409209,2.0,1.031570184723886,3.0,1.021387440418035,7.0
2019-12-23,0.9906516919947022,1.0,1.0140063907683519,3.0,1.0042895172144166,7.0
2019-12-30,0.9967068924952062,0.0,1.0027608809577326,3.0,0.9947330560609564,7.0
2020-01-06,0.976468956739173,0.0,0.9626337190722194,2.0,0.950838043258573,6.0
2020-01-13,1.0135230882312056,0.0,0.9887515080308796,2.0,0.9780839328197289,5.0
2020-01-20,0.9815477456208601,0.0,0.9588709576540712,1.0,0.9475082054806585,4.0
2020-01-27,0.9864106060077593,0.0,0.9502442470139042,0.0,0.931160950436366,3.0
2020-02-03,1.0035810456106762,1.0,0.9705627942651762,1.0,0.9481046314727593,4.0
2020-02-10,1.0165228434493743,2.0,1.010758891998496,2.0,0.9845094071153183,5.0
2020-02-17,0.9984152601081097,1.0,1.0075603809321116,2.0,0.9828500681578214,5.0
2020-02-24,0.9363008222765667,0.0,0.9093619482889393,2.0,0.8756431957270673,4.0
2020-03-02,0.9694205195200004,0.0,0.8799713856755155,2.0,0.836330619165195,4.0
2020-03-09,0.9254681371157938,0.0,0.7930886599084246,2.0,0.7384257881285564,3.0
2020-03-16,0.8466744474030234,0.0,0.6348206302967931,1.0,0.5669976462948342,2.0
2020-03-23,1.0819838028836197,0.0,0.8115391612087157,0.0,0.6935841823858045,2.0
2020-03-30,0.9152714804978441,1.0,0.7651633408291533,1.0,0.6132043703334231,3.0
2020-04-06,1.1429928383816532,2.0,1.0691749247927285,2.0,0.8411229875441968,4.0
2020-04-13,0.96605070998329,1.0,1.0471236690464423,2.0,0.8146289631363273,4.0
2020-04-20,0.9880711506716975,0.0,1.044823525384957,2.0,0.8238062550077332,4.0
2020-04-27,0.9754958894968121,1.0,0.9735268863527761,3.0,0.8137410390774257,5.0
2020-05-04,1.0675886837341537,2.0,1.0930268054500918,4.0,0.9595916138223994,5.0
2020-05-11,0.9720790129011899,2.0,0.9987495116408807,4.0,0.942735338054992,5.0
2020-05-18,1.0689158706203128,2.0,1.1306302927472358,4.0,1.113220596762675,6.0
2020-05-25,0.9980717241810511,2.0,1.0991717743182734,5.0,1.1260835856014781,7.0
2020-06-01,1.0837316599176778,2.0,1.2249716909539503,6.0,1.3233895782238672,8.0
2020-06-08,0.9547549677362712,1.0,1.068603075288989,5.0,1.1958939001824092,8.0
2020-06-15,0.9748854454437095,0.0,0.9993110128579313,4.0,1.1065335150599003,8.0
2020-06-22,0.9582761782576301,0.0,0.9088431796900677,3.0,1.0079563531010156,8.0
2020-06-29,1.0156941791671241,0.0,0.9421425944963462,2.0,1.0168903239411233,7.0
2020-07-06,0.982873254163952,1.0,0.9189324840854961,2.0,0.9816408539012148,7.0
2020-07-13,1.04051930305091,2.0,1.0232768481091157,2.0,1.0516255700710262,8.0
2020-07-20,0.9962049191642498,1.0,1.0268613956303063,2.0,1.0301264933681475,8.0
2020-07-27,0.9734063232971636,1.0,0.984572771066366,3.0,0.9651315263563003,8.0
2020-08-03,1.0354582439390678,2.0,1.0414447012494061,4.0,1.027540292197351,8.0
2020-08-10,1.0208867955036756,2.0,1.0677056989801081,5.0,1.0550571289758903,8.0
2020-08-17,1.0124069275902916,2.0,1.0661357387151902,5.0,1.073497937018185,8.0
2020-08-24,1.0249231989368859,2.0,1.0962873011745762,5.0,1.1150285945076457,8.0
2020-08-31,0.9996667701164423,2.0,1.0711097936161376,6.0,1.116231153754645,8.0
2020-09-07,1.0076083210624922,2.0,1.0526436794792113,6.0,1.1252948106831666,9.0
2020-09-14,1.0167850376193432,1.0,1.059417042624078,5.0,1.1477018023113634,9.0
2020-09-21,0.9586776859504132,0.0,0.9691433717345272,4.0,1.0433386888548453,9.0
2020-09-28,1.0245543072141405,1.0,1.0072751096236652,4.0,1.0802596866420158,10.0
2020-10-05,1.027147888724633,2.0,1.051094896881301,4.0,1.116875484817779,10.0
2020-10-12,1.019661650716763,2.0,1.0730899101083298,4.0,1.1403509091345068,10.0
2020-10-19,1.0480933543449253,2.0,1.1426060457231109,4.0,1.2216836110079483,11.0
2020-10-26,0.9677690158059756,2.0,1.0547268357883428,5.0,1.1178931265938095,11.0
2020-11-02,1.0408333672417536,2.0,1.0972181827720677,6.0,1.1814455845672651,11.0
2020-11-09,1.047292110516426,2.0,1.1461299009231327,6.0,1.2580644766652411,11.0
2020-11-16,1.0219636981939042,2.0,1.140082129079007,6.0,1.2713185592826888,11.0
2020-11-23,1.022928494952151,2.0,1.1353939405396167,6.0,1.287004319211184,11.0
2020-11-30,0.9926224030178493,1.0,1.084293241516029,5.0,1.2292620936748282,10.0
2020-12-07,0.9712696551702804,0.0,0.9938358906033824,4.0,1.1329493644124824,9.0
2020-12-14,0.9890268915239061,0.0,0.9588496257242658,3.0,1.0868669527896997,9.0
2020-12-21,1.0069016044129844,1.0,0.9707015638017426,3.0,1.0744186470772448,10.0
2020-12-28,1.0007209511861774,2.0,0.9774265315962474,3.0,1.052578341244162,10.0
2021-01-04,1.0167650763973062,2.0,1.0187295754030319,3.0,1.0658821993630447,10.0
2021-01-11,1.0742771111978686,2.0,1.1568022492908046,4.0,1.1992062218563968,10.0
2021-01-18,1.0515326958682454,2.0,1.2191007287126576,5.0,1.2854516828393163,10.0
2021-01-25,0.9555052682953352,1.0,1.077037494245628,5.0,1.1429860125253528,9.0
2021-02-01,1.0354933822135357,1.0,1.1060441626033946,5.0,1.1920756248169149,9.0
2021-02-08,0.9925006815491308,1.0,1.0471476555374108,4.0,1.1502715143521207,8.0
2021-02-15,0.9902985890829736,0.0,0.9961784957360701,3.0,1.1106939584644009,7.0
2021-02-22,0.9880654682814353,1.0,0.968521052110751,3.0,1.0735557057709415,7.0
2021-03-01,1.0230300544992008,2.0,1.0194727187344022,3.0,1.1075096649386558,8.0
2021-03-08,1.0487567330622933,2.0,1.0943001105900607,4.0,1.1883811674964915,9.0
2021-03-15,1.0047027324707722,1.0,1.0865498148042012,3.0,1.1657846881757064,9.0
2021-03-22,0.97163486992666,0.0,1.0176144118427068,3.0,1.0773449123172252,8.0
2021-03-29,1.011196630359638,1.0,1.0245804652900585,4.0,1.0762421587104964,8.0
2021-04-05,1.0200067872894907,2.0,1.0393020691078034,4.0,1.0934052840407626,8.0
2021-04-12,0.9878017937581514,1.0,0.9999716066189974,3.0,1.0541705085116706,7.0
2021-04-19,0.9898485863139923,0.0,0.9847092928927392,2.0,1.0299528860666691,6.0
2021-04-26,0.9972984962214052,1.0,0.9867218735393316,3.0,1.015259075493004,7.0
2021-05-03,1.01523105080119,1.0,1.0100739425956047,3.0,1.0401622542467328,6.0
2021-05-10,0.9739977247167333,0.0,0.9638277714687651,2.0,0.984236000527516,6.0
2021-05-17,1.006387519631883,1.0,0.985948968243035,2.0,0.9913284501522676,7.0
2021-05-24,1.0223218141401813,2.0,1.0291812587633669,3.0,1.0255922756538733,7.0
2021-05-31,1.0330942089052348,2.0,1.081368529922926,4.0,1.0819532003514467,7.0
2021-06-07,0.9849431583835656,1.0,1.0366977773654038,3.0,1.0467890870905063,6.0
2021-06-14,0.9772972693810096,0.0,0.9913116502645233,3.0,1.0017047081562007,6.0
2021-06-21,1.0129346627507652,1.0,1.0051395878747122,4.0,1.0228874020792658,7.0
2021-06-28,0.9887640435062295,1.0,0.9767249119196099,3.0,0.998644970347354,6.0
2021-07-05,0.9983010468285208,0.0,0.9748921420283834,2.0,0.9970761489648148,5.0
2021-07-12,0.9711083933461285,0.0,0.9407174922285774,1.0,0.945088926170394,5.0
2021-07-19,0.9952898508284026,1.0,0.9494786529017895,2.0,0.9394170349002553,6.0
2021-07-26,1.0169976878388625,2.0,0.9877773455991147,3.0,0.9723911096318847,6.0
2021-08-02,0.984002136694149,1.0,0.9714420186425506,2.0,0.946677065664562,6.0
2021-08-09,0.9871205363260773,0.0,0.9617568332546231,2.0,0.9254787261341801,6.0
2021-08-16,0.9526598120771044,0.0,0.9016443842719821,2.0,0.8507556685693755,5.0
2021-08-23,1.0101419879865663,1.0,0.9364422630059234,3.0,0.8794044887428861,5.0
2021-08-30,0.9900628721065674,1.0,0.9359662545560072,2.0,0.8794811770619798,4.0
2021-09-06,1.006815196564778,1.0,0.9716305404854703,2.0,0.9066274365073408,5.0
2021-09-13,1.0182503480315206,2.0,1.020172936226246,3.0,0.9502848571685419,6.0
2021-09-20,1.0086905919201132,2.0,1.0429660065239994,4.0,0.9781885190609069,6.0
2021-09-27,1.0085421556631091,2.0,1.0458661522866182,5.0,1.0034723444008233,7.0
2021-10-04,1.0487018674087056,2.0,1.120706681875821,5.0,1.1065236595273233,8.0
2021-10-11,0.9951102367992068,1.0,1.0782339144441953,5.0,1.0917251840066018,8.0
2021-10-18,0.9980133061991285,0.0,1.0470954295091763,4.0,1.0829584159824481,7.0
2021-10-25,0.9702317278977138,1.0,0.9774040067850076,4.0,1.023904959517659,7.0
2021-11-01,1.0362107138110783,2.0,1.0314317628241292,4.0,1.0953436818177587,8.0
2021-11-08,1.0400262548287194,2.0,1.0847187159800233,4.0,1.170256590752175,9.0
2021-11-15,0.987220429080924,1.0,1.0476943754071883,3.0,1.1200490523828626,9.0
2021-11-22,0.9866360490056469,0.0,1.0138447832260704,3.0,1.0749662923063585,8.0
2021-11-29,0.9961628370452807,1.0,1.0006423923367405,4.0,1.0510188679042576,9.0
2021-12-06,1.0284738045243824,1.0,1.0339412694067953,3.0,1.0923338530023978,8.0
2021-12-13,0.9319929094390474,0.0,0.9106066910535803,2.0,0.9483930689902003,7.0
2021-12-20,1.015615240517225,1.0,0.9565777779283404,2.0,0.9724624716783372,7.0
2021-12-27,1.0148866297998442,2.0,0.9943186898764528,3.0,0.9946625451527976,7.0
2022-01-03,1.0301075214533333,2.0,1.0498187737428435,4.0,1.051339004171787,7.0
2022-01-10,0.9905163168211701,1.0,1.0260859608633925,3.0,1.0274486239479292,7.0
2022-01-17,0.9316314051179911,0.0,0.920339697941869,3.0,0.9011826688235456,7.0
2022-01-24,0.9706337221079283,0.0,0.8802967316010734,3.0,0.8544217998112044,6.0
2022-01-31,1.0103417631265053,0.0,0.9136902236821991,2.0,0.8806080715219792,5.0
2022-02-07,0.9754294944367984,0.0,0.8959359318442938,1.0,0.8548209333531702,4.0
2022-02-14,0.9976392963541706,0.0,0.9306184678072555,0.0,0.8661913657062366,4.0
2022-02-21,0.987816326316589,0.0,0.9496446088941143,0.0,0.8603661486598478,4.0
2022-02-28,0.9440053581568782,0.0,0.8809169465297912,0.0,0.7881604604739681,3.0
2022-03-07,0.989393359480823,1.0,0.8893093933725581,1.0,0.7963255027888074,4.0
2022-03-14,1.038341265485305,2.0,0.9829306554295186,2.0,0.8731474050046146,5.0
2022-03-21,0.9867751989058239,1.0,0.9757460947958737,2.0,0.8675942469057997,4.0
2022-03-28,0.9920332243788972,0.0,0.9809338739498422,2.0,0.8748394172181384,3.0
2022-04-04,0.9561414078796233,0.0,0.9270092744818409,2.0,0.8311669010569822,2.0
2022-04-11,1.0098138223262023,1.0,0.9538864121516107,3.0,0.8775421157842398,3.0
2022-04-18,0.996373628722013,1.0,0.9533001033520533,2.0,0.8913518617390114,3.0
2022-04-25,0.9751768449495076,0.0,0.9328247988112488,1.0,0.8665599890254343,3.0
2022-05-02,1.0215511930245142,1.0,0.9904492243939461,2.0,0.9237536522331021,4.0
2022-05-09,0.9823884467096262,1.0,0.9754914222631751,2.0,0.9091125178956839,4.0
2022-05-16,0.9618258723638893,1.0,0.9192019990882169,3.0,0.8631069932467432,5.0
2022-05-23,1.042855186111016,2.0,1.008322060106039,3.0,0.956287060213417,6.0
2022-05-30,0.9873982793301797,1.0,0.9928722328696085,3.0,0.9410825096681363,6.0
2022-06-06,0.964197158812174,0.0,0.9361796458207124,3.0,0.8871237668948728,5.0
2022-06-13,0.9532067681480352,0.0,0.8827764278150269,2.0,0.8287142347007328,4.0
2022-06-20,1.0440779697826215,1.0,0.9795114592359963,3.0,0.9214077744791535,5.0
2022-06-27,0.9607521096255557,1.0,0.9193640295958266,2.0,0.8709052732743742,5.0
2022-07-04,1.0018605076989462,1.0,0.9511334037099006,2.0,0.8871499534763,6.0
2022-07-11,1.008591555016444,2.0,0.9906570094733088,3.0,0.9165808390464295,6.0
2022-07-18,1.0266508634042928,2.0,1.0466941393079523,4.0,0.9776152945672087,7.0
2022-07-25,1.022416470199619,2.0,1.0710909568685285,5.0,1.0261221275532955,8.0
2022-08-01,0.9972345554606453,2.0,1.0587199629685402,5.0,1.0283420855292276,8.0
2022-08-08,1.0452740022173117,2.0,1.119206235837835,6.0,1.1227440755895377,9.0
2022-08-15,1.002778494820096,1.0,1.0874726430350836,5.0,1.1184795439760555,8.0
2022-08-22,0.9940453412025098,0.0,1.0442768395899644,4.0,1.1036594607021517,7.0
2022-08-29,0.9902188119167213,1.0,1.0070680914305705,4.0,1.0802678933498306,8.0
2022-09-05,1.0353560634314884,2.0,1.0576783586330019,4.0,1.14393797201244,9.0
2022-09-12,0.9837558496169952,1.0,1.0070546909266287,3.0,1.0885988774854494,9.0
2022-09-19,0.9404903693430808,0.0,0.9091995999830363,2.0,0.964977602600117,8.0
2022-09-26,0.9498298149332668,0.0,0.8499536428320865,2.0,0.8729597410463317,8.0
2022-10-03,1.0232841089729738,1.0,0.9130906743620454,3.0,0.9120807766586412,8.0
2022-10-10,0.9890242134918235,2.0,0.9164112389619086,3.0,0.8922392956789281,8.0
2022-10-17,1.031079696999869,2.0,1.0045443710423656,3.0,0.9488259563984733,8.0
2022-10-24,1.0521326818370922,2.0,1.1210503283753033,4.0,1.0475390020216164,8.0
2022-10-31,1.0019268019116117,2.0,1.1066446128030802,5.0,1.0452099703526765,8.0
2022-11-07,1.026460296557007,2.0,1.1190130550265247,6.0,1.0983131374330457,8.0
2022-11-14,0.9833106875471944,1.0,1.0529056419647609,5.0,1.0621019911406364,8.0
2022-11-21,1.008600257143785,1.0,1.0365499473532678,5.0,1.0778057619868564,9.0
2022-11-28,0.9930313893188097,1.0,1.0012547498246211,4.0,1.0597826521980545,8.0
2022-12-05,0.9792785528235054,0.0,0.9628977229329373,3.0,1.023045428368438,7.0
2022-12-12,0.9713825440724894,0.0,0.9203157199355709,2.0,0.9737676860336795,7.0
2022-12-19,0.9668476767142887,0.0,0.8887429753425649,1.0,0.9144004171674766,7.0
2022-12-26,0.9971838974660052,1.0,0.9081255934397781,2.0,0.9063438966792353,8.0
2023-01-02,1.0326383965875598,2.0,0.9896651335045027,2.0,0.9629331657405469,8.0
2023-01-09,1.008284983282123,1.0,1.0221164158320475,2.0,0.9717660619124697,7.0
2023-01-16,0.9838575020993842,1.0,1.0033586804348744,3.0,0.940217245984453,7.0
2023-01-23,1.0354707000802232,2.0,1.0680613820741867,4.0,1.0112325230047468,7.0
2023-01-30,1.0402124460235787,2.0,1.1192344723100103,5.0,1.0912041099704042,7.0
2023-02-06,1.0026672818528959,2.0,1.0872041812559614,5.0,1.0965260809528672,7.0
2023-02-13,1.021533362128612,1.0,1.1000594335224672,4.0,1.1369041170894991,7.0
2023-02-20,0.9515482946241535,0.0,0.9871918890625212,4.0,1.0345079832351358,6.0
2023-02-27,1.0228207762526125,0.0,1.0093112631993275,3.0,1.0803914872338711,6.0
2023-03-06,0.9420869607317921,0.0,0.9041096123273715,2.0,0.9655481165294828,6.0
