Date,Close_Ratio_5,Trend_5,Close_Ratio_21,Trend_21,Close_Ratio_48,Trend_48,Close_Ratio_63,Trend_63,Close_Ratio_250,Trend_250
2009-06-01,1.0824506274593875,4.0,1.2185502802224841,14.0,1.1726931259064544,23.0,1.0662976976484988,32.0,1.1165549249442683,146.0
2009-06-08,1.0262381539930039,3.0,1.1463867494235644,14.0,1.1280379572192543,23.0,1.0200633006620823,31.0,1.064193622248569,146.0
2009-06-15,1.0002237978142645,3.0,1.1198432253263038,13.0,1.119216507347113,23.0,1.0106226030555643,30.0,1.0489311216857657,146.0
2009-06-22,0.9975607799627172,3.0,1.1214301674598242,13.0,1.1373586682091057,23.0,1.0244615589582047,31.0,1.0586068136751812,146.0
2009-06-29,0.9620312336217222,2.0,1.0720464012953732,12.0,1.0959781456454774,23.0,0.9888731707216846,30.0,1.013780431102816,145.0
2009-07-06,0.9899003045979082,2.0,1.0799018345273528,13.0,1.1168669452111786,23.0,1.0082031646547638,30.0,1.025449024532605,145.0
2009-07-13,1.0251125047459895,3.0,1.1096665758768696,14.0,1.1648105612858382,23.0,1.052906360555321,30.0,1.0615426957171294,145.0
2009-07-20,1.051016875306136,4.0,1.136962145597851,15.0,1.2123996068555296,24.0,1.0986093061304354,31.0,1.0988279141758943,145.0
2009-07-27,1.0337579009632536,3.0,1.1095377002504487,15.0,1.2038169263539593,24.0,1.0954430416461036,30.0,1.0866045951421737,144.0
2009-08-03,1.042883469723718,4.0,1.126892980469924,15.0,1.241089505430412,25.0,1.1340769841224299,31.0,1.1179408590386166,144.0
2009-08-10,1.0281075656965306,4.0,1.117016099426692,15.0,1.247387134168989,26.0,1.1469541844427114,31.0,1.122076664402461,144.0
2009-08-17,1.0238060827593967,4.0,1.1145914225889306,15.0,1.2604508160771637,26.0,1.164710290424797,32.0,1.1315916602922158,145.0
2009-08-24,1.0146759773453016,3.0,1.1014835814949022,14.0,1.2567321298453653,26.0,1.1684405630581034,31.0,1.1272987640210226,144.0
2009-08-31,0.9991812674849834,3.0,1.0824585375220481,13.0,1.242197172432309,26.0,1.163720284978427,31.0,1.1157704205253614,144.0
2009-09-07,1.0160409507717896,3.0,1.0980912423175346,13.0,1.261469768245935,27.0,1.193739818132103,32.0,1.1387643088277692,144.0
2009-09-14,1.0434881701354082,3.0,1.1302607538585427,14.0,1.304454369199202,27.0,1.2448628032164877,32.0,1.1818158908998213,144.0
2009-09-21,1.0336966983706921,3.0,1.1204841348701415,14.0,1.2961818776798681,28.0,1.2495223229420258,33.0,1.1806252884790194,145.0
2009-09-28,1.0087178215731283,3.0,1.0933593040626315,13.0,1.2666922016313553,27.0,1.2293169572162634,33.0,1.1583043624004485,144.0
2009-10-05,1.050608320670457,4.0,1.1492276172780338,14.0,1.3360096847541532,28.0,1.3083811001364472,33.0,1.2301441285564718,144.0
2009-10-12,1.0846793578964007,4.0,1.2040686376223269,14.0,1.4047988621192367,29.0,1.3889554430206974,34.0,1.3057638072217428,144.0
2009-10-19,1.0660800902026086,4.0,1.1954665426762703,14.0,1.393014060424548,30.0,1.3953724834855448,34.0,1.3104038115091734,144.0
2009-10-26,1.015190389032079,3.0,1.1467083486244618,13.0,1.3318359218594782,29.0,1.3496916175951823,33.0,1.264796479631071,143.0
2009-11-02,1.0179127450783336,4.0,1.1637829553895656,14.0,1.3503815518825066,30.0,1.3840573310054562,34.0,1.295700535338047,144.0
2009-11-09,1.0352684456085564,4.0,1.1898420658459345,15.0,1.383613953464425,30.0,1.4304701251585767,35.0,1.3401456204475222,144.0
2009-11-16,1.0240323369696676,3.0,1.168751471208749,14.0,1.360745843695038,30.0,1.4181676877275633,35.0,1.3306904953143424,143.0
2009-11-23,1.0319723229557913,3.0,1.1692919234622292,15.0,1.3651710544129094,31.0,1.4345010837513297,36.0,1.3486289422037376,144.0
2009-11-30,1.0235034372440182,4.0,1.1608591699769424,15.0,1.3599415033350817,31.0,1.439808593880439,36.0,1.355957969678398,144.0
2009-12-07,1.0190729524456468,4.0,1.1542931123149895,15.0,1.354656418318884,32.0,1.4443468382596818,37.0,1.3635904144757105,145.0
2009-12-14,1.0206868594425589,4.0,1.1498234419966693,15.0,1.349080982953104,33.0,1.4470320592878139,38.0,1.3720351227549075,145.0
2009-12-21,1.04114901276359,5.0,1.1734537697560585,16.0,1.3798766662046742,33.0,1.4841795080071964,39.0,1.4170369037703938,146.0
2009-12-28,1.029730274696994,5.0,1.1592404215513525,16.0,1.3653616224396055,33.0,1.473887441417621,39.0,1.414769466706761,146.0
2010-01-04,0.9942822761906952,4.0,1.1116023493260325,15.0,1.3119203246757822,32.0,1.4171411579126376,39.0,1.3685044840914027,146.0
2010-01-11,0.9612516141617632,3.0,1.060245066377217,14.0,1.2513045522813502,32.0,1.354142790231678,38.0,1.3136713729460392,145.0
2010-01-18,0.9257900235358029,2.0,0.9980161011718228,14.0,1.1758453644111737,32.0,1.2737923635016546,38.0,1.2417185596807196,144.0
2010-01-25,0.9194122195682001,1.0,0.9559286978581116,14.0,1.1233348679274908,32.0,1.2174687915520466,38.0,1.1926927513457388,144.0
2010-02-01,0.9510213817097143,1.0,0.9535192036719321,14.0,1.1152275694534923,33.0,1.208719563939088,39.0,1.192344682964929,144.0
2010-02-08,0.9784316184229175,2.0,0.9534090247970239,14.0,1.1089478750355015,33.0,1.2024543957621405,39.0,1.1930979876202792,144.0
2010-02-15,1.0069568957493502,3.0,0.963112277224991,14.0,1.1146669937137281,33.0,1.208576333133746,40.0,1.206817435200591,144.0
2010-02-22,0.9895150441823067,3.0,0.9349013685564833,14.0,1.077603168580938,32.0,1.1686270370056133,39.0,1.1725481728328682,143.0
2010-03-01,1.0463136383711555,4.0,0.9972502188589379,14.0,1.1446433747208273,32.0,1.2405187481270419,40.0,1.2522184900646902,143.0
2010-03-08,1.0558476304057778,4.0,1.0217928455645333,14.0,1.1655448470002585,32.0,1.2619291876791678,41.0,1.2826718543570101,143.0
2010-03-15,1.010352509781361,3.0,0.9868189226045703,13.0,1.118385800339986,31.0,1.2094045613799207,40.0,1.2363629184759142,142.0
2010-03-22,1.0072353165763204,3.0,0.9893533167627598,14.0,1.1157178564928447,32.0,1.2049855210658469,41.0,1.239235472845305,142.0
2010-03-29,1.003089690759338,4.0,0.9986163648133473,14.0,1.1197332411755216,32.0,1.207027838543035,42.0,1.2495161421893903,143.0
2010-04-05,0.9978324422559507,3.0,0.9945715721594995,13.0,1.1074377749701032,31.0,1.1918569304783562,41.0,1.2409157151499948,142.0
2010-04-12,0.9796606506071742,2.0,0.9679482654949757,13.0,1.0690312556354944,31.0,1.1499000909247803,40.0,1.202966734742257,142.0
2010-04-19,0.9756879164402176,2.0,0.9616710898745113,12.0,1.0525495715029374,30.0,1.1325875720501515,39.0,1.1890966109656675,141.0
2010-04-26,0.9537857728132552,1.0,0.9322787740970454,11.0,1.0108825853067498,29.0,1.0864777314438412,39.0,1.1447653423702453,140.0
2010-05-03,0.9199686468654644,0.0,0.8817873498435795,10.0,0.9464210690632251,28.0,1.0143040813644444,39.0,1.072081404348761,139.0
2010-05-10,0.9680108237985277,1.0,0.914439459082021,10.0,0.9708282751858665,29.0,1.0381555197988313,40.0,1.1012605254230154,140.0
2010-05-17,0.9279864400431224,1.0,0.8613347545372564,9.0,0.9010945131957855,29.0,0.9604827866772357,40.0,1.0226794115970947,139.0
2010-05-24,0.9774964094639399,2.0,0.8965799961745692,9.0,0.9247992288818926,29.0,0.9829960204878764,40.0,1.0503168270784544,140.0
2010-05-31,1.0148672847427829,3.0,0.929185550253598,10.0,0.9463392377309398,30.0,1.0040546254608982,40.0,1.0765906629949071,141.0
2010-06-07,0.9959509224427225,3.0,0.9175932276849276,10.0,0.9242390045618747,29.0,0.9790737278656393,39.0,1.052666008369562,140.0
2010-06-14,1.0225855356757905,3.0,0.9434689463146371,11.0,0.9434587703657457,29.0,0.9980471200335119,39.0,1.0755504836215766,140.0
2010-06-21,0.9664044120723185,3.0,0.8964763985469517,11.0,0.8909454757164572,28.0,0.9404722023775395,38.0,1.0152051041746795,139.0
2010-06-28,0.9108150500521748,2.0,0.8350982676895217,10.0,0.823054843169649,28.0,0.8673720469793421,37.0,0.9365094068447419,138.0
2010-07-05,0.9882465169696752,2.0,0.899663520621237,10.0,0.8810284127522335,28.0,0.9265667965971002,38.0,1.0015760102693565,138.0
2010-07-12,0.9836027221472138,2.0,0.8911258078478952,9.0,0.8661910890227361,27.0,0.909063339705993,37.0,0.983486965370923,137.0
2010-07-19,1.0532628189857247,2.0,0.9533985643439642,10.0,0.9226786905437033,27.0,0.9667794171173819,37.0,1.0470578724200597,138.0
2010-07-26,1.0366421632515446,2.0,0.9502488386408605,9.0,0.9121501448735021,27.0,0.9536686549681297,37.0,1.0342581166750695,138.0
2010-08-02,1.0411575708461343,3.0,0.9876838263446883,9.0,0.9396324665260092,28.0,0.9806330758159936,37.0,1.0655869983461457,138.0
2010-08-09,1.0044029599107986,2.0,0.9669938123637304,9.0,0.9130707696908354,27.0,0.9513959733913349,36.0,1.0349102690321457,137.0
2010-08-16,0.9532082038305439,2.0,0.9274592772560853,8.0,0.86839373773267,26.0,0.9033053158267835,35.0,0.9825395006069014,136.0
2010-08-23,0.9589845119237668,1.0,0.930840647015536,7.0,0.8635356868775796,25.0,0.8961231174154922,35.0,0.9751878302438508,136.0
2010-08-30,0.9889726915369843,2.0,0.9630341779701175,8.0,0.8856186486014598,26.0,0.917097337611101,36.0,0.9989708088194659,136.0
2010-09-06,1.01149704094073,2.0,0.9820800087514829,9.0,0.8980289123119908,26.0,0.9270271524397377,36.0,1.0109673393271,136.0
2010-09-13,1.0395810155070233,3.0,1.0164517405693283,10.0,0.9266262714898909,26.0,0.9519018372191529,37.0,1.040074162522866,137.0
2010-09-20,1.0882235420044966,4.0,1.093299468461611,11.0,0.9978768989422284,26.0,1.0204788422628368,37.0,1.1177631271223265,138.0
2010-09-27,1.0556738134281336,4.0,1.0863529726480436,11.0,0.9951284148843345,26.0,1.014275273078067,36.0,1.1133217272720513,137.0
2010-10-04,1.0493827114249816,4.0,1.105394375203537,11.0,1.0160340521506945,26.0,1.0321470676304167,36.0,1.1350352782094477,137.0
2010-10-11,1.1217482579587355,4.0,1.2240183880138902,12.0,1.1380357429122783,26.0,1.1518517437493145,37.0,1.270794138094772,138.0
2010-10-18,1.0925394083023932,4.0,1.2314235970978085,12.0,1.1570592170600051,27.0,1.1675548397383764,37.0,1.2926005061141959,138.0
2010-10-25,1.0618932882282188,4.0,1.2203429004614263,12.0,1.1577228989146653,27.0,1.164370204164907,37.0,1.2934595261863133,138.0
2010-11-01,1.0455954994597652,5.0,1.2271021444355399,13.0,1.1773367938898505,27.0,1.180279912382158,37.0,1.3149433374300907,139.0
2010-11-08,0.9870421187771866,4.0,1.1730030979223387,12.0,1.1357258817937474,26.0,1.1344255273743717,37.0,1.2672943769959535,138.0
2010-11-15,0.9700272203781936,3.0,1.1363457840964326,12.0,1.1125131462795914,25.0,1.1067169997823956,37.0,1.2389417315873874,138.0
2010-11-22,0.9758840782405604,2.0,1.1190228328373855,12.0,1.1121928339538554,24.0,1.101302975535066,36.0,1.2348460125903986,138.0
2010-11-29,0.9607001779927041,1.0,1.0765213469883776,11.0,1.0821432155752952,23.0,1.0669927783679152,35.0,1.197218574065784,137.0
2010-12-06,1.0039737905297785,1.0,1.09956793777239,12.0,1.1188542351248527,24.0,1.0995228962026036,35.0,1.2351382555115837,137.0
2010-12-13,1.0058429850489716,1.0,1.0872656955148363,11.0,1.11571601067463,24.0,1.0934819846810677,35.0,1.2300156444444525,136.0
2010-12-20,1.0240353244009741,2.0,1.100468409809866,12.0,1.1386493984383506,25.0,1.1154557693824017,35.0,1.2551881308340018,137.0
2010-12-27,1.0052941499126962,2.0,1.0730574683632217,11.0,1.1165081564594548,25.0,1.0950992451507011,34.0,1.2312741686081428,136.0
2011-01-03,1.0282053917941505,3.0,1.101326033387577,12.0,1.1548947221584296,25.0,1.1344437268438352,34.0,1.2752032240750948,136.0
2011-01-10,1.0301292301538703,3.0,1.0999791452521093,13.0,1.1652541191866232,25.0,1.1457406032511404,35.0,1.2887175139930427,136.0
2011-01-17,1.0027863124571934,3.0,1.064546786902574,13.0,1.1390499783252652,24.0,1.1210873065492444,34.0,1.261076988616525,135.0
2011-01-24,0.9860668690421315,2.0,1.034484227114249,12.0,1.1156587259160098,24.0,1.1002984778429614,33.0,1.2367067492636832,135.0
2011-01-31,0.9968933407996846,3.0,1.0401834458134116,12.0,1.132155936194766,24.0,1.1172563683029038,34.0,1.2554670634399383,135.0
2011-02-07,1.0162800109847092,3.0,1.0517456267975378,12.0,1.155203734349591,24.0,1.14049843122134,34.0,1.281073587724367,136.0
2011-02-14,1.0233954225318083,3.0,1.0524671448945362,12.0,1.162386366131946,25.0,1.1491875322630392,34.0,1.290024379477306,137.0
2011-02-21,0.9914223173451978,3.0,1.0121961200868854,12.0,1.1233717337558755,24.0,1.1120083224821509,33.0,1.246586103806,137.0
2011-02-28,0.976230545120131,3.0,0.991531125100302,11.0,1.1046765055256218,23.0,1.0947040578835252,32.0,1.2250277407675152,137.0
2011-03-07,0.9479281507482008,2.0,0.953914665180075,10.0,1.0602744635519805,23.0,1.0523969274618006,31.0,1.1743890573326747,136.0
2011-03-14,0.9418467945873031,1.0,0.9318061733595944,9.0,1.031071292741055,23.0,1.025588704310528,30.0,1.1408323365984292,136.0
2011-03-21,0.989935700406224,1.0,0.965422692496675,9.0,1.0639843174687762,24.0,1.0604202659349935,31.0,1.176966148973065,136.0
2011-03-28,1.0168629473293975,2.0,0.9881135063457827,9.0,1.0833797092240087,25.0,1.082108846133526,32.0,1.199491051874206,136.0
2011-04-04,1.001153259055483,2.0,0.9672718067532783,9.0,1.0549887860435787,25.0,1.0563050352603651,32.0,1.1702006557195666,135.0
2011-04-11,0.9338508814077255,2.0,0.8921440993468064,9.0,0.9675346121688037,24.0,0.9695736621876561,32.0,1.0731735516474206,134.0
2011-04-18,0.9358403221318844,2.0,0.8873401379574652,9.0,0.9554000487440805,24.0,0.9595148938578446,31.0,1.0609512693653376,133.0
2011-04-25,0.9821796308866215,2.0,0.92159051474523,10.0,0.987780617130321,24.0,0.993917068666034,31.0,1.0980925350046529,134.0
2011-05-02,0.9864153460912616,1.0,0.9108661562582184,9.0,0.9704620501417857,23.0,0.9779967365187076,30.0,1.0790677303017773,134.0
2011-05-09,0.9936203952851258,1.0,0.9055763280855949,9.0,0.9585515195237518,23.0,0.9674142909824576,30.0,1.0662608153415676,134.0
2011-05-16,0.985730347626759,1.0,0.9020277763350901,8.0,0.9477019789308097,22.0,0.9584468116234095,29.0,1.0538715337335582,134.0
2011-05-23,0.9813932985968765,1.0,0.9020426933675398,8.0,0.9403330126194078,22.0,0.954346735662681,28.0,1.0462940814987576,134.0
2011-05-30,0.9933683882250188,1.0,0.9128454058158197,8.0,0.941205368208819,23.0,0.9593707217387083,29.0,1.0494946699354537,134.0
2011-06-06,0.9771697379053065,1.0,0.8977185250721684,7.0,0.9153463167563438,22.0,0.9359312588202358,28.0,1.0211515582795745,134.0
2011-06-13,0.9463657003010209,1.0,0.8637589702131498,7.0,0.8705215981992355,22.0,0.8931267502209475,27.0,0.9712405198115758,133.0
2011-06-20,0.9447002094972025,1.0,0.8548431224148122,7.0,0.8528062547611553,21.0,0.8767955968835344,27.0,0.9501969580073025,133.0
2011-06-27,1.0364548872868253,2.0,0.945206920488494,7.0,0.9344192179017546,22.0,0.9628264432779493,28.0,1.0416128013066719,133.0
2011-07-04,1.0545188222942234,2.0,0.9728642663244451,7.0,0.9529437467587217,22.0,0.9834546882159851,29.0,1.0624340725065924,134.0
2011-07-11,1.1446290794075191,3.0,1.095981634393987,7.0,1.0660787792975486,23.0,1.1024539724392148,30.0,1.1916402895524925,135.0
2011-07-18,1.126615018055904,4.0,1.1329681873746416,8.0,1.096478913734488,24.0,1.1363119387284726,31.0,1.2307950710128912,135.0
2011-07-25,1.05078744501657,4.0,1.1060258731834371,8.0,1.0649907229094846,24.0,1.1064831243201478,30.0,1.2001624914633766,134.0
2011-08-01,0.9879306743198936,3.0,1.0606487783616971,8.0,1.0174385952283553,23.0,1.0580097249622022,30.0,1.1500654922108575,133.0
2011-08-08,0.9515587806774635,2.0,1.0324341869621227,8.0,0.9874400149559741,22.0,1.027779538000001,29.0,1.11894957069581,132.0
2011-08-15,0.8595591457176988,1.0,0.9060414657454766,7.0,0.8598194707430585,21.0,0.8951725547236049,28.0,0.9742117230939297,132.0
2011-08-22,0.9529787122757466,1.0,0.9779537387190805,7.0,0.9227808647265294,21.0,0.9596421743389493,29.0,1.0450909858321749,132.0
2011-08-29,0.9771991947193474,1.0,0.9788173821827801,7.0,0.9192690759873545,21.0,0.9552776760810686,28.0,1.0408689555292674,131.0
2011-09-05,0.9973434491475804,2.0,0.979344818096398,8.0,0.9196725063576583,21.0,0.9538581700634008,29.0,1.0407248951665318,131.0
2011-09-12,1.045617096659147,3.0,1.018126274235447,9.0,0.9598433769074991,21.0,0.9903853799514506,30.0,1.0834454276968195,132.0
2011-09-19,0.9919999239040704,3.0,0.9803158404265427,8.0,0.9256200364822605,20.0,0.9504472476448925,29.0,1.041147626444841,131.0
2011-09-26,0.9765939186240405,2.0,0.9625168349814982,8.0,0.9104747440046823,19.0,0.9300311109960502,29.0,1.0201235323372067,131.0
2011-10-03,0.9803593158013756,3.0,0.96390411046888,9.0,0.914318840220851,19.0,0.9295078972459021,29.0,1.0198009050592796,132.0
2011-10-10,1.0981318034803904,3.0,1.100530900239982,10.0,1.050661067972725,20.0,1.0643996550400432,30.0,1.1701536469910052,132.0
2011-10-17,1.0783865985037626,2.0,1.0915892157514302,10.0,1.0485611203588445,20.0,1.059527814996915,29.0,1.1668466605511685,131.0
2011-10-24,1.0669269031948896,3.0,1.1019531945466756,10.0,1.0652974417646908,21.0,1.0733643309895364,30.0,1.1850245136973756,131.0
2011-10-31,1.0301116266511559,3.0,1.0863797329454654,10.0,1.0572924211524155,21.0,1.0621660401187936,30.0,1.1761379594717234,131.0
2011-11-07,1.0183976142592683,3.0,1.0968912547563319,11.0,1.0783045397142947,21.0,1.0793568019903712,31.0,1.1991625689738823,131.0
2011-11-14,0.9947826283612228,2.0,1.061665519587716,11.0,1.0542700571209107,21.0,1.0517677530323142,30.0,1.1715635702052778,131.0
2011-11-21,0.9502077396040435,2.0,1.001199070027486,10.0,0.9992922065267659,20.0,0.9929822650536388,29.0,1.1078962280640317,131.0
2011-11-28,1.0399198341380023,2.0,1.0950097062217017,10.0,1.1000294779792164,21.0,1.0901760704142809,29.0,1.2193281486019931,131.0
2011-12-05,1.0408392795317523,3.0,1.1047043626947006,10.0,1.1120972207469824,21.0,1.0995117934930303,29.0,1.2316862683859953,131.0
2011-12-12,1.0323853271923802,2.0,1.101419892469834,9.0,1.1094364661650047,20.0,1.0939000647372266,29.0,1.2270157111743993,131.0
2011-12-19,1.0312129230837697,3.0,1.1113113069832696,10.0,1.12127979921481,21.0,1.1034847820981408,29.0,1.2393391134993135,131.0
2011-12-26,1.024334024624796,4.0,1.1274077602557973,11.0,1.141985251726957,22.0,1.124341245155134,29.0,1.2622895067104625,132.0
2012-01-02,1.0212604769373885,4.0,1.1265232951363735,12.0,1.1476194657555057,22.0,1.1303423146717704,29.0,1.2684753280588756,132.0
2012-01-09,0.9826856007420715,3.0,1.0712916276982303,12.0,1.1034087110754618,21.0,1.086478152200826,28.0,1.2180445370507182,132.0
2012-01-16,0.9330932128354789,3.0,0.9996173990236402,11.0,1.036235326761852,20.0,1.0197807881861662,27.0,1.1410190385824006,131.0
2012-01-23,0.9394275229209403,2.0,0.9849534821691954,11.0,1.0267446054175975,20.0,1.0099721014176974,27.0,1.1283174781941863,131.0
2012-01-30,0.9816745727503307,2.0,1.0068995269214778,11.0,1.0558562428672515,21.0,1.038286006541619,28.0,1.1590985527197637,131.0
2012-02-06,1.0121441921579657,2.0,1.0182261310698442,11.0,1.0716641899395185,22.0,1.0545023196606522,29.0,1.176558547573457,132.0
2012-02-13,1.0169366066642775,2.0,1.00969824296302,11.0,1.067703419454387,22.0,1.05137310826108,29.0,1.172876089047565,132.0
2012-02-20,1.0175990108466233,3.0,1.0108568667434075,12.0,1.075798156688377,22.0,1.0600018733909236,29.0,1.1817666993827016,133.0
2012-02-27,1.0224553254010469,4.0,1.0211153702292846,12.0,1.0946336771622889,22.0,1.0788218246484842,30.0,1.2023523843228825,133.0
2012-03-05,0.9866204485952346,3.0,0.9859375040197216,11.0,1.0567751025353345,22.0,1.042469016503869,29.0,1.1606606876531633,132.0
2012-03-12,1.0209468607334238,3.0,1.023889234878486,12.0,1.0966247481770357,23.0,1.084593440410275,30.0,1.207431325356841,132.0
2012-03-19,1.0367599048757705,4.0,1.0491640800336317,12.0,1.1225950630794823,24.0,1.114244343539245,30.0,1.2401159159326567,132.0
2012-03-26,1.0242239503452888,3.0,1.0433015999747817,12.0,1.116289987451907,23.0,1.1113815582113564,29.0,1.2362188960943847,132.0
2012-04-02,1.0064174290482943,2.0,1.0268816838942911,11.0,1.0969021799842584,23.0,1.0953042314697923,29.0,1.2180142277088022,131.0
2012-04-09,0.9864836438549179,2.0,1.0120185481452697,11.0,1.079800875874597,23.0,1.0812297892151217,29.0,1.202199614944274,131.0
2012-04-16,0.9501053354958154,1.0,0.9633188893263134,11.0,1.027794849967898,23.0,1.0322480219987666,28.0,1.1467669062499042,130.0
2012-04-23,0.9889682388676557,1.0,0.9943080623675744,11.0,1.0568471424402548,24.0,1.0652922244137304,28.0,1.1825956523786805,130.0
2012-04-30,0.9738721357583743,1.0,0.9674572954530538,10.0,1.0231900225941497,23.0,1.03503684460511,27.0,1.1472845042976108,130.0
2012-05-07,0.9961518835617474,2.0,0.9824152421027269,11.0,1.0338139537621578,24.0,1.0494971444260774,28.0,1.1623249855007587,131.0
2012-05-14,0.9961375633060434,2.0,0.977047698149789,10.0,1.0213699785410322,24.0,1.0411279849111834,28.0,1.1521870219404229,131.0
2012-05-21,0.9828986178187308,2.0,0.9666861926209461,9.0,1.0021378281136832,24.0,1.0253286771200256,28.0,1.1345052985495716,130.0
2012-05-28,0.9628310386167717,1.0,0.9388779810905207,8.0,0.9656207335450625,23.0,0.989438230822366,28.0,1.0944964003845497,130.0
2012-06-04,0.9842839750532929,2.0,0.957790072249298,9.0,0.9799628734506199,23.0,1.0058289134685543,28.0,1.1120910788366607,130.0
2012-06-11,0.9706589164047568,1.0,0.9330625968625006,9.0,0.954162861194084,22.0,0.9789422174853366,27.0,1.0811433089036004,129.0
2012-06-18,0.9925146688393858,2.0,0.9452155386318885,10.0,0.9675367521112764,22.0,0.9912115289003204,28.0,1.0940553274932998,129.0
2012-06-25,1.0114594931497591,3.0,0.96065342479678,10.0,0.9828987543717926,23.0,1.0047448575774967,29.0,1.110063926801066,129.0
2012-07-02,1.0164476028510674,4.0,0.9719686578760565,10.0,0.9926697796315539,24.0,1.0132855941258103,30.0,1.121151658214474,129.0
2012-07-09,1.0014034436725765,3.0,0.958405949725843,10.0,0.9762049003716786,24.0,0.9960408273250246,29.0,1.1029737610923538,128.0
2012-07-16,1.0441831677643456,4.0,1.015352319979454,10.0,1.029927929259766,25.0,1.0531191984385957,30.0,1.1684451808122203,128.0
2012-07-23,1.0623923277143166,4.0,1.0543355297327313,10.0,1.06658121665079,25.0,1.0915902323401645,31.0,1.2146455064661,128.0
2012-07-30,1.051495127130564,4.0,1.0614648917959397,11.0,1.0729075023107975,26.0,1.0990233422614937,32.0,1.226862703586569,128.0
2012-08-06,1.033606670633959,4.0,1.061155308859657,11.0,1.0696608571653758,26.0,1.096559317184433,33.0,1.2284507778719282,128.0
2012-08-13,1.0559688634972524,5.0,1.1162025802326854,11.0,1.123123101834333,26.0,1.1517690968264018,33.0,1.2960287796190373,128.0
2012-08-20,1.036373762911484,5.0,1.1153850079650371,12.0,1.1196701559448892,27.0,1.1490567225517636,34.0,1.298734720409807,129.0
2012-08-27,1.0304615937117478,5.0,1.1213712746382143,13.0,1.123760082769897,28.0,1.1537908117750153,35.0,1.3105814319600964,130.0
2012-09-03,1.0418234678481466,5.0,1.148542275488167,14.0,1.1507925510753365,28.0,1.181951604903347,36.0,1.3505650115241046,130.0
2012-09-10,1.0265311268985773,5.0,1.1442145331864748,15.0,1.1519302615451021,28.0,1.1819360546021824,36.0,1.3571431269908099,130.0
2012-09-17,1.0445163216777424,5.0,1.1726943989228586,15.0,1.1856360539321902,29.0,1.215930024665879,36.0,1.4034266131652533,130.0
2012-09-24,1.051008364797063,5.0,1.1911868146152476,16.0,1.2124681702512794,29.0,1.2447720387844787,36.0,1.441931058459092,131.0
2012-10-01,1.0452835825110154,5.0,1.1973275038637952,16.0,1.2265571546172847,30.0,1.2615306233802017,36.0,1.4662667481003797,131.0
2012-10-08,1.0035520191939635,4.0,1.1492878148406627,16.0,1.184588807944605,29.0,1.2194106086539747,36.0,1.4220673828965325,130.0
2012-10-15,0.9256709569840088,3.0,1.0451962519929843,16.0,1.0813313027505185,29.0,1.113350384891641,36.0,1.3016015397002327,130.0
2012-10-22,0.931539521808752,2.0,1.0272057196517506,16.0,1.0668468607485408,29.0,1.0993337043686686,36.0,1.2885621753658787,130.0
2012-10-29,0.9669239423067526,2.0,1.0385481710533888,16.0,1.0846131640699186,29.0,1.1144523813381404,37.0,1.3120561632905148,131.0
2012-11-05,0.9601782623844665,1.0,0.9939322577752348,16.0,1.0441488693174859,28.0,1.0703817484152887,36.0,1.2636523847703893,131.0
2012-11-12,0.9644806254232207,1.0,0.9649574958541708,15.0,1.0184790439496665,28.0,1.0415287190125715,36.0,1.232211098041622,131.0
2012-11-19,0.9995809849590056,2.0,0.9897785765175476,15.0,1.0499976125705643,28.0,1.0710709255299689,36.0,1.2703310257025866,131.0
2012-11-26,1.0378603601429994,3.0,1.0266825268414443,15.0,1.0959009928891497,28.0,1.1155097080092653,36.0,1.3264425518577798,131.0
2012-12-03,1.0179393914977872,2.0,0.998339360537226,15.0,1.0724819636297738,27.0,1.0885120267783077,36.0,1.2978084819876285,131.0
2012-12-10,1.0323882389914893,3.0,1.017793382094694,15.0,1.0975459478122924,28.0,1.1115040570538226,37.0,1.3291493493015902,132.0
2012-12-17,1.0317201391728594,4.0,1.0318666068597395,15.0,1.114214380703391,29.0,1.127467536239395,37.0,1.352142375233044,133.0
2012-12-24,0.9999629153481012,3.0,1.005293827214183,14.0,1.0856676832530625,29.0,1.0998788282565553,36.0,1.3200146946463314,132.0
2012-12-31,1.042395307289193,3.0,1.0528984425991017,14.0,1.1393268323010142,29.0,1.1552734851166588,37.0,1.3884080840293664,133.0
2013-01-07,1.0290330685742255,4.0,1.0512914388055166,14.0,1.1375398022054461,29.0,1.1544240365099727,37.0,1.3890525527929014,133.0
2013-01-14,0.9790001012237174,3.0,0.9991362695909211,13.0,1.0795457956659893,29.0,1.096131808821966,37.0,1.320138479345424,132.0
2013-01-21,1.036357151195681,3.0,1.063927503941623,13.0,1.1495991650449555,29.0,1.1684254546639103,37.0,1.409127793928587,133.0
2013-01-28,1.0447929789787032,4.0,1.0897974104988555,13.0,1.1772752746649966,29.0,1.1971000586775453,38.0,1.4475729748056732,133.0
2013-02-04,1.0446138895550987,4.0,1.0979647247215691,13.0,1.1851670802589012,30.0,1.2056115127280949,39.0,1.4631716697304713,133.0
2013-02-11,1.0399811862883697,4.0,1.104148347683168,13.0,1.190234330515074,30.0,1.2120599274718822,39.0,1.474856021923952,133.0
2013-02-18,1.0233694723115447,5.0,1.110316977425483,13.0,1.1946022149002984,30.0,1.2173961234422248,39.0,1.4850392398632513,134.0
2013-02-25,1.0179783599506247,5.0,1.1164689431973613,13.0,1.1981315034865163,31.0,1.221939034169165,40.0,1.4945620920629572,134.0
2013-03-04,1.0353414907738927,5.0,1.1449959189891015,14.0,1.2282010792845828,32.0,1.2543449779738252,40.0,1.5382477807289694,135.0
2013-03-11,1.0066483832875952,4.0,1.1116254294927397,14.0,1.1957858669735233,32.0,1.2234355044230472,39.0,1.5038493784732558,134.0
2013-03-18,0.9974199810862963,3.0,1.096544009804402,14.0,1.182177810907203,32.0,1.2128046063341706,38.0,1.4937956485131982,134.0
2013-03-25,0.9789079634984768,2.0,1.0674200486654544,13.0,1.1523830592055884,31.0,1.1839184774233746,38.0,1.46167853179662,133.0
2013-04-01,0.9707142972689775,1.0,1.0444247452803201,13.0,1.1298631236130574,31.0,1.1618940157635305,38.0,1.4386696412399467,133.0
2013-04-08,0.9895663776290811,1.0,1.0442852248688166,14.0,1.1336650709231821,31.0,1.1665091807105812,39.0,1.448741250457657,134.0
2013-04-15,1.0055009918882438,2.0,1.048559966359731,14.0,1.140952532917335,32.0,1.175401428515838,39.0,1.4639258610266377,134.0
2013-04-22,1.0097062240665182,3.0,1.0438767631861623,14.0,1.1360773681957967,33.0,1.1723328943896563,39.0,1.4638945784568482,135.0
2013-04-29,1.051861775360721,4.0,1.0906531842800136,15.0,1.1892269803703954,34.0,1.2302492469302337,40.0,1.540712026067334,136.0
2013-05-06,1.0689433869336378,5.0,1.122865080558467,15.0,1.2269784274837077,34.0,1.2725071785366142,40.0,1.5990573692582346,136.0
2013-05-13,1.0730522729018759,5.0,1.146317656870326,15.0,1.2547733557769463,35.0,1.3057318015605996,40.0,1.6463693578749712,137.0
2013-05-20,1.0131628318073658,4.0,1.089764985642307,15.0,1.1949122215620733,34.0,1.246471699641604,40.0,1.5771114075816688,136.0
2013-05-27,0.9946182819995053,3.0,1.0786042285859168,14.0,1.1822272627616883,33.0,1.2365776210962796,39.0,1.5692261167714627,135.0
2013-06-03,0.9965946707758396,3.0,1.0802406577882826,14.0,1.1839432091772335,33.0,1.242020732253978,39.0,1.5801241020333034,136.0
2013-06-10,0.9924486665875475,2.0,1.0638734974578379,14.0,1.1678567189302467,33.0,1.2289602755362548,39.0,1.5670644292191824,136.0
2013-06-17,1.0055727542055106,2.0,1.0632011525013363,14.0,1.1669534446991576,33.0,1.2304132559586332,40.0,1.5726929543930859,137.0
2013-06-24,1.0033186567482537,2.0,1.0561657391635695,13.0,1.1583662942846955,32.0,1.2226977886912558,40.0,1.566740035890226,137.0
2013-07-01,1.0131283227450314,3.0,1.0653255029515023,13.0,1.1675589069133658,32.0,1.2328359403861475,41.0,1.585075300000374,137.0
2013-07-08,1.03641955060613,3.0,1.0924406837726495,13.0,1.196964163429606,32.0,1.2650198035198117,41.0,1.6317304480722852,138.0
2013-07-15,1.001924292000905,3.0,1.0554307800615492,12.0,1.1558747559838076,31.0,1.2208790470721347,41.0,1.5793666526925598,138.0
2013-07-22,0.9883764063606874,2.0,1.0375838395260812,11.0,1.1350696037345733,30.0,1.1983051004298275,40.0,1.553492812658534,138.0
2013-07-29,1.006179789720357,3.0,1.058021224350926,11.0,1.1554396976290147,30.0,1.219007691209731,41.0,1.5847867262045747,138.0
2013-08-05,0.9889203372650806,2.0,1.0347846873533657,11.0,1.1293182745678252,29.0,1.18968921388791,41.0,1.5505619046986647,138.0
2013-08-12,0.9658937093600168,1.0,0.9932912679128578,11.0,1.0826180638190495,28.0,1.1380282917076687,41.0,1.487071072560707,137.0
2013-08-19,0.9867556496149053,2.0,1.0044929648036576,12.0,1.0954933763754287,28.0,1.1486750395338396,41.0,1.5045217321163222,138.0
2013-08-26,0.9687714614504587,2.0,0.9741670623770093,12.0,1.0635714701544423,27.0,1.111330541913149,41.0,1.458804397292745,138.0
2013-09-02,1.0124056175467304,2.0,1.006820586057226,12.0,1.10138699311738,27.0,1.1468544779640528,41.0,1.5086812233796894,139.0
2013-09-09,1.0236444122481447,3.0,1.0127592244769463,12.0,1.1090944468754385,28.0,1.1518617517247016,41.0,1.5187471728959971,139.0
2013-09-16,1.0288639100419517,4.0,1.023108973606883,12.0,1.1201659428760484,29.0,1.162470423560267,41.0,1.5362319930094217,140.0
2013-09-23,0.9970193938557158,3.0,0.9911986805178642,11.0,1.0814006060252066,29.0,1.1212074562402248,41.0,1.4851149408560105,139.0
2013-09-30,0.9867096214064393,3.0,0.9870482749880117,10.0,1.071336165841732,28.0,1.110142951596843,40.0,1.4726569776637586,139.0
2013-10-07,0.9879988340457193,2.0,0.9886219424592361,9.0,1.0651991241645242,28.0,1.1043970041452444,39.0,1.4663889980709404,139.0
2013-10-14,1.1150542949524815,2.0,1.1382043244399191,10.0,1.2241634837331667,29.0,1.2715159316548372,39.0,1.6929869756178408,139.0
2013-10-21,1.0922377212012204,2.0,1.133722000303288,11.0,1.218085616033065,29.0,1.2668461183242383,39.0,1.691402156575809,140.0
2013-10-28,1.0702814834885266,3.0,1.1380292300687145,11.0,1.2222500985065663,29.0,1.2727995680325348,39.0,1.7028738797180338,141.0
2013-11-04,1.0280229146994488,3.0,1.1175158509196192,11.0,1.1992811383440942,29.0,1.2508530151529893,38.0,1.6769301557565963,140.0
2013-11-11,1.0126508330521433,4.0,1.1277813351588168,11.0,1.2101053329375484,29.0,1.263828367586958,38.0,1.698071426690177,140.0
2013-11-18,1.0069734425803616,3.0,1.1171636125876758,11.0,1.1989014533707034,28.0,1.2538588258164811,37.0,1.6879994304536723,139.0
2013-11-25,1.0251233228218475,3.0,1.1374128818128058,11.0,1.2204621838249514,29.0,1.2788863405796917,37.0,1.7253876303827989,140.0
2013-12-02,1.026561441039232,3.0,1.1398902188398048,11.0,1.2225659645459623,29.0,1.2830377948150313,37.0,1.7339568348109975,141.0
2013-12-09,1.0091805118817179,3.0,1.1208787220064433,11.0,1.203002452537699,28.0,1.2647744515004145,36.0,1.7112222399684571,141.0
2013-12-16,1.0338809099162798,3.0,1.1505030694248695,12.0,1.236599289917022,29.0,1.3040460024953684,36.0,1.76644633325719,142.0
2013-12-23,1.0337809002185512,4.0,1.1568903051957378,12.0,1.2459390053270467,29.0,1.3158654756500376,37.0,1.7858794696441471,142.0
2013-12-30,1.0128916614955228,3.0,1.1310733833229365,12.0,1.221671104154485,28.0,1.2899045263874231,37.0,1.7557924746761435,141.0
2014-01-06,1.02464373855734,3.0,1.1416409881766778,13.0,1.2396643086016552,28.0,1.3082676192126819,38.0,1.786915460565484,141.0
2014-01-13,1.0263920210625812,4.0,1.1467348888370743,13.0,1.2517555995689733,28.0,1.3205990971040955,38.0,1.8101526237378958,141.0
2014-01-20,0.9984381368332995,3.0,1.1055914175111732,13.0,1.2137892198854157,27.0,1.2792127119052576,38.0,1.7598238593658093,140.0
2014-01-27,1.0376662294601204,3.0,1.145628999877184,13.0,1.2648368688207128,27.0,1.3314124382232775,39.0,1.840209104898789,140.0
2014-02-03,1.0215601235005662,3.0,1.1271893514932472,12.0,1.2513973090167632,26.0,1.3154398630703996,38.0,1.825741980918774,140.0
2014-02-10,1.0305762454227467,3.0,1.135947813572254,12.0,1.2674474420091582,27.0,1.3318583032306583,38.0,1.8557522646540168,140.0
2014-02-17,1.022096069278409,3.0,1.120386301992956,13.0,1.2576271753593369,28.0,1.3208918773204101,39.0,1.8481952896782265,140.0
2014-02-24,1.016319301179488,4.0,1.1144679818246825,14.0,1.2584734909493427,29.0,1.3220769849159626,39.0,1.8569882131921664,141.0
2014-03-03,1.00988949633211,3.0,1.0972589424008827,14.0,1.2459813303692833,29.0,1.309854906890073,38.0,1.846408672680614,140.0
2014-03-10,0.975734770337668,3.0,1.0520286284181912,13.0,1.1931547352839182,28.0,1.2544282467057128,38.0,1.774435179832379,139.0
2014-03-17,0.9875009617123058,3.0,1.0536600521614008,13.0,1.193876642126236,28.0,1.2558910209723315,38.0,1.7819615165045664,139.0
2014-03-24,0.9488978173224653,2.0,0.99452659329646,12.0,1.1238161172911791,27.0,1.1825426585559091,37.0,1.6816097021646024,139.0
2014-03-31,0.9407753881903523,1.0,0.9617034384484932,12.0,1.0845276447486236,26.0,1.1396548285681138,37.0,1.62450657903103,139.0
2014-04-07,0.9439691234144718,1.0,0.9383653543298563,11.0,1.0554957424323372,25.0,1.1076559713005596,36.0,1.580982247360906,138.0
2014-04-14,0.9709285916477088,2.0,0.9464445500371879,12.0,1.0628263576983603,25.0,1.113650667217122,36.0,1.5910731880331737,139.0
2014-04-21,0.960867583043666,1.0,0.9122808743530415,11.0,1.019966343049434,25.0,1.0679081031417903,35.0,1.5263508230856344,138.0
2014-04-28,0.994611798408849,2.0,0.9335558656424754,11.0,1.0392160890605557,26.0,1.0875074633850201,35.0,1.5553372357060926,138.0
2014-05-05,0.9863512367019702,2.0,0.9181481166311869,11.0,1.0177960054399744,25.0,1.0644048080138377,34.0,1.5229281279052793,137.0
2014-05-12,0.9937318088392767,3.0,0.9237792141727319,11.0,1.0180472002836674,26.0,1.0642155373697726,34.0,1.5231522014031182,138.0
2014-05-19,1.0483011417717036,3.0,0.9811751334001196,11.0,1.0758191765704939,26.0,1.1247569516565992,34.0,1.6108611887060957,138.0
2014-05-26,1.044617701977583,4.0,0.9932722847418619,12.0,1.0845304945023952,27.0,1.133780065027703,35.0,1.6255606281709756,138.0
2014-06-02,1.0270910029512066,3.0,0.9876404371756279,11.0,1.0728707192915876,26.0,1.1211087407927045,35.0,1.6091708169091274,137.0
2014-06-09,1.006380154027959,3.0,0.9814298677300393,10.0,1.0601932922077024,25.0,1.1064115521203488,35.0,1.5900721928957835,137.0
2014-06-16,1.001714042885673,3.0,0.9900307534565246,11.0,1.0644086557518062,26.0,1.109799198601834,36.0,1.5973270653288691,138.0
2014-06-23,1.0302043713234303,3.0,1.0282889606337486,11.0,1.0984447438707603,27.0,1.1448302706116822,36.0,1.6508018235372914,138.0
2014-06-30,1.034400387852008,3.0,1.0419322211447655,12.0,1.1069096133712883,27.0,1.1529632071485736,36.0,1.6657574952704368,138.0
2014-07-07,1.0163656139525776,3.0,1.0339393990436077,11.0,1.0906216925630505,27.0,1.1356620290742645,35.0,1.643706304758855,137.0
2014-07-14,1.02862835160963,4.0,1.0628851791609393,11.0,1.1132663199003732,28.0,1.1606026416108102,35.0,1.6820892047125093,138.0
2014-07-21,1.006785730234238,3.0,1.0536921238162202,10.0,1.095340049882301,27.0,1.1434967945431365,34.0,1.6587488353708675,137.0
2014-07-28,0.9712670898321489,2.0,1.01616175949215,10.0,1.046860900369801,27.0,1.0951652025674496,33.0,1.5889031210353999,136.0
2014-08-04,0.9812740579469009,2.0,1.0224983156635927,11.0,1.0466353182726535,27.0,1.095927979427864,34.0,1.5912612571160512,136.0
2014-08-11,0.9913498104679741,3.0,1.0325079790872012,11.0,1.0500936840197177,27.0,1.10034889927539,35.0,1.5989686169587176,137.0
2014-08-18,1.011424016053948,3.0,1.0468301929616486,12.0,1.0613973385743893,27.0,1.1129193574951084,35.0,1.6187378035198803,137.0
2014-08-25,0.998434882955378,3.0,1.024640287887825,12.0,1.0361646238274846,27.0,1.087545215279803,35.0,1.5832531930585285,136.0
2014-09-01,1.0166210572938088,4.0,1.0456449403866657,13.0,1.0564152132163651,28.0,1.1101983864444007,35.0,1.6179582338328398,137.0
2014-09-08,0.9961098396684882,3.0,1.0235462661114305,12.0,1.0321323472448136,28.0,1.0859476243152808,35.0,1.5840785655340726,136.0
2014-09-15,1.0235100982117011,3.0,1.0528047381844177,13.0,1.0652024827314412,28.0,1.1195254551077984,35.0,1.6349148439249264,136.0
2014-09-22,0.9927816501416362,2.0,1.0150841575577287,12.0,1.028604109489217,27.0,1.0801409590970805,34.0,1.57797249038438,135.0
2014-09-29,0.9883992900400679,2.0,1.0071126610033019,12.0,1.0229947051161006,26.0,1.0726736739323526,34.0,1.568238622193878,134.0
2014-10-06,0.949061719970454,1.0,0.9513179422409251,11.0,0.9669174234820537,26.0,1.0121988217986235,34.0,1.480500890457175,133.0
2014-10-13,0.9114624281953528,1.0,0.8961987560244754,10.0,0.9079181437005485,25.0,0.9486244794961308,33.0,1.3868626047709416,132.0
2014-10-20,0.9821968273784326,1.0,0.9479502466867713,10.0,0.957870939797874,26.0,0.9989227012971985,34.0,1.4606950723544923,133.0
2014-10-27,1.0240310469656049,2.0,0.9816187049917952,11.0,0.9910275207762019,26.0,1.030671712560608,35.0,1.5085241107375513,134.0
2014-11-03,1.0035317758504285,2.0,0.950746386612594,11.0,0.9587625654757234,25.0,0.9942655530498089,34.0,1.4555839458077255,134.0
2014-11-10,1.00985364845871,3.0,0.9576622667453121,11.0,0.9642527463241788,26.0,0.9969657718384838,35.0,1.4603090393941007,135.0
2014-11-17,0.9874089115790106,3.0,0.9486824644332182,10.0,0.9524622305248734,25.0,0.9815293836667994,34.0,1.4376028971935464,134.0
2014-11-24,0.9946142000218348,3.0,0.9597855266722121,10.0,0.9607313744669844,25.0,0.9866412380955153,34.0,1.4449246415059562,134.0
2014-12-01,0.9763196774365931,2.0,0.9346849102633018,10.0,0.9322697617325053,25.0,0.9544224682983423,33.0,1.3969345237898558,133.0
2014-12-08,0.972129030008213,2.0,0.928955953987709,9.0,0.922119486857433,24.0,0.9402360301223367,33.0,1.3756424248269346,133.0
2014-12-15,0.9780838278091287,1.0,0.9305863439938392,9.0,0.9200006137315377,23.0,0.9338822524550568,33.0,1.3661165630965317,132.0
2014-12-22,1.0129052654285673,2.0,0.9651036428890254,10.0,0.9524677378320194,24.0,0.9631359455280528,34.0,1.4092456178168102,132.0
2014-12-29,1.0018861285935614,1.0,0.9520428436862265,9.0,0.9382925833699298,23.0,0.94597639393819,33.0,1.381341456122689,132.0
2015-01-05,0.9578497822246822,1.0,0.9061394285140977,8.0,0.8901370254101,23.0,0.8946320887785747,32.0,1.3030078592769003,131.0
2015-01-12,0.9848649185875934,2.0,0.9339395136302776,8.0,0.9146734309499785,23.0,0.9162358732906078,32.0,1.3311533008946101,131.0
2015-01-19,1.0371526802549391,3.0,0.9952794034317014,9.0,0.9742890794303705,23.0,0.9728045778968434,33.0,1.4108499360426077,132.0
2015-01-26,1.0265293640935502,2.0,0.9897497253842945,8.0,0.9671342086780926,22.0,0.9625190939575116,32.0,1.392880790681616,132.0
2015-02-02,1.0173505193086891,2.0,0.9871155289333429,8.0,0.9635178960947844,22.0,0.9557552182812991,32.0,1.3799858964806626,132.0
2015-02-09,1.0309814880570882,3.0,1.0248660531680027,8.0,0.9975856295070088,23.0,0.9876146124398748,32.0,1.4225554833789824,133.0
2015-02-16,1.0004900918549076,2.0,1.0095100233866927,8.0,0.9812367367494766,22.0,0.9693917290746674,31.0,1.3922660668457465,133.0
2015-02-23,1.0295440780347875,2.0,1.047519081115207,9.0,1.0167095984944376,23.0,1.0035582263964622,32.0,1.4379808104843987,133.0
2015-03-02,1.0340176383873496,3.0,1.0627350716777222,10.0,1.032653837592615,24.0,1.0197238129349369,32.0,1.4569104981555323,134.0
2015-03-09,0.9910316248809675,3.0,1.0213194939356092,10.0,0.9949782338676041,24.0,0.9834599761560822,31.0,1.4002650594193415,133.0
2015-03-16,1.0104896874707572,3.0,1.0437438520970228,10.0,1.0177486063150603,24.0,1.0066495160742812,32.0,1.429074658675699,133.0
2015-03-23,0.9854768210012033,3.0,1.0223289272454357,9.0,0.9947069772323223,24.0,0.9855112474312658,31.0,1.3940923063691724,133.0
2015-03-30,0.9704320228038938,2.0,0.9989318788127227,9.0,0.9711902662758664,23.0,0.9635647703010305,30.0,1.3575790777507446,132.0
2015-04-06,0.9884644688250125,2.0,1.0076814250690018,9.0,0.978528077173058,24.0,0.972218154165865,31.0,1.3647303730779796,133.0
2015-04-13,0.9674924271003806,2.0,0.9790695528657155,9.0,0.9494851050554758,23.0,0.9452629378603454,30.0,1.3203117150419128,133.0
2015-04-20,1.0413971407217186,2.0,1.053510252625092,9.0,1.0233104833298834,23.0,1.0199090525026273,31.0,1.4188929814584565,133.0
2015-04-27,0.9973584799964238,2.0,1.0043671576882804,9.0,0.9775553919101161,22.0,0.975268233864751,30.0,1.3501998278750849,133.0
2015-05-04,0.9964160104715138,3.0,1.0030934193816352,10.0,0.9787515615928608,23.0,0.977576587965268,30.0,1.347025288103172,133.0
2015-05-11,0.9900418656292879,2.0,0.993281648606295,10.0,0.9714082534146664,23.0,0.9716479679341667,29.0,1.332189639058155,133.0
2015-05-18,0.9951935334863499,3.0,1.0042579860175724,10.0,0.9833481586962874,23.0,0.9848916725255222,30.0,1.3439084117342315,133.0
2015-05-25,0.9919319462974749,2.0,0.9886182942027186,10.0,0.9703858696889209,22.0,0.9717690431412264,30.0,1.3201941878615902,133.0
2015-06-01,0.9959030918548915,3.0,0.9875196951437535,11.0,0.9744544342286487,22.0,0.975580268247089,30.0,1.3192516837751391,134.0
2015-06-08,0.9962271944039817,2.0,0.9834447120473653,10.0,0.9743060544311215,22.0,0.9744903182923883,30.0,1.3128321898777093,134.0
2015-06-15,1.0033201331670325,3.0,0.9916548964428628,10.0,0.9844165540533862,22.0,0.9826134388249814,31.0,1.3196478502688211,134.0
2015-06-22,0.9971119243904861,2.0,0.9825344112741122,10.0,0.9773262334210367,22.0,0.9733871230257444,31.0,1.3035775459359134,133.0
2015-06-29,0.9847823517138425,2.0,0.9677383598195126,10.0,0.963605368216901,22.0,0.9585231605418355,30.0,1.2797478521805263,132.0
2015-07-06,0.9986474571053874,2.0,0.9816836932392554,10.0,0.9773857885151835,22.0,0.9704147006563331,31.0,1.2928212374810084,132.0
2015-07-13,1.2038792901712636,3.0,1.2314092017050713,11.0,1.2358667421198455,22.0,1.226593950122237,31.0,1.6345110334199877,133.0
2015-07-20,1.081927041721712,2.0,1.1344732982404182,10.0,1.1433331313243833,21.0,1.1331206392385405,31.0,1.5093676340930653,132.0
2015-07-27,1.0512227810870303,3.0,1.1323678695135884,10.0,1.1446619340472826,22.0,1.1333673904643804,31.0,1.5095649038575432,132.0
2015-08-03,1.0288159000622528,4.0,1.1411064010748075,11.0,1.1601438329666756,22.0,1.1481448723334944,31.0,1.5280766281933962,132.0
2015-08-10,1.022112147914351,4.0,1.1704584171565526,11.0,1.196209373117053,23.0,1.1842239204698277,31.0,1.575234000654957,132.0
2015-08-17,0.970935989832473,3.0,1.0849056125980696,11.0,1.11418563140278,22.0,1.1019583546095355,31.0,1.4639971225504054,131.0
2015-08-24,0.997155845667689,4.0,1.1076139370043687,12.0,1.1443688609140732,23.0,1.131574032144786,32.0,1.5020458050248635,132.0
2015-08-31,0.9577548407096438,3.0,1.0500027938747063,11.0,1.089376691126599,23.0,1.076889216596441,31.0,1.4271578610155349,132.0
2015-09-07,1.0007676491901158,3.0,1.084512399803271,12.0,1.1313036193441306,24.0,1.1202354143211353,31.0,1.482045597806727,133.0
2015-09-14,1.0153844610221807,3.0,1.0846590973013648,12.0,1.132498664738732,25.0,1.1249908489903655,31.0,1.4854491329417112,134.0
2015-09-21,0.9876632791778811,3.0,1.048498263176172,12.0,1.0983649313949304,24.0,1.0930308902162045,31.0,1.4403457832438697,133.0
2015-09-28,1.0129096180048978,3.0,1.066379045829066,12.0,1.1222687081340725,24.0,1.1186539259082537,31.0,1.4709030088188346,134.0
2015-10-05,1.0256700404734747,4.0,1.0851383156315138,13.0,1.1477092597649072,25.0,1.1466279763267033,32.0,1.505245554929943,134.0
2015-10-12,1.043182936832287,4.0,1.1056436884747989,13.0,1.1756494891680564,25.0,1.1764973532549998,33.0,1.5434337246276417,135.0
2015-10-19,1.081101017118664,4.0,1.1564747090108871,14.0,1.238704982099226,26.0,1.2424851110779593,33.0,1.6301958107369667,135.0
2015-10-26,1.06232795675838,5.0,1.1549087140641179,14.0,1.2464398872075886,26.0,1.2531879325366317,33.0,1.6445460011038395,135.0
2015-11-02,1.0626871849450514,5.0,1.1739024099841064,15.0,1.2768906615910625,27.0,1.2881417016647854,33.0,1.6909304999547845,136.0
2015-11-09,1.0167991359655466,4.0,1.1315454067026258,14.0,1.2387536006720667,27.0,1.2535851075246023,33.0,1.6459710657349154,136.0
2015-11-16,1.0449786062433504,4.0,1.1741944777892213,15.0,1.2958980810545495,28.0,1.316532075917579,33.0,1.7296953104305166,136.0
2015-11-23,1.02259005217786,3.0,1.1451562330691243,15.0,1.2751337694272127,27.0,1.2991768073872196,33.0,1.7083402836625872,135.0
2015-11-30,1.029432686243227,3.0,1.150623472160114,15.0,1.2921243016505146,28.0,1.321574273731755,33.0,1.7388510555057088,135.0
2015-12-07,0.9905645276095097,2.0,1.1034992791140028,14.0,1.2344669577137772,28.0,1.2677552976245519,33.0,1.6689083064088408,135.0
2015-12-14,0.9852605878907111,3.0,1.0951411878639545,15.0,1.2252810752502052,28.0,1.2628146205234445,34.0,1.6632881151501637,136.0
2015-12-21,0.9995592104623614,3.0,1.0990865639775615,15.0,1.2314203904356982,28.0,1.2712615693723899,35.0,1.6767804459849418,137.0
2015-12-28,1.0112278836421305,4.0,1.1049282896796018,15.0,1.2390725572609609,29.0,1.2804629911442094,36.0,1.692987201359808,138.0
2016-01-04,0.9655182574660915,3.0,1.0361473655501336,14.0,1.1592692237104443,29.0,1.199868419960156,35.0,1.5878810223067388,137.0
2016-01-11,0.9498674695023324,3.0,1.0014448158656049,14.0,1.1212163585799446,28.0,1.1620066369736601,34.0,1.5379233560346683,136.0
2016-01-18,0.9958258687399686,3.0,1.0390911788144552,14.0,1.163594839677323,29.0,1.207586854668135,35.0,1.5999357696106846,137.0
2016-01-25,1.0216583949495421,3.0,1.0542192667621022,15.0,1.1846247386834619,29.0,1.230552497910594,35.0,1.6320901269081332,138.0
2016-02-01,0.9598842108050889,2.0,0.9661877668859953,14.0,1.0857085923408938,28.0,1.1278263284734489,35.0,1.4960982635460092,138.0
2016-02-08,0.9669502235746307,2.0,0.9610957920085847,13.0,1.078974011033903,28.0,1.1217227915255832,34.0,1.488177992019891,137.0
2016-02-15,0.9913637424978151,3.0,0.9813119910367628,14.0,1.1030783363573813,28.0,1.1468503469803024,35.0,1.5227762456287357,138.0
2016-02-22,1.0029730957108387,3.0,0.982019048342689,14.0,1.103898302429383,29.0,1.148056499100231,36.0,1.525962263507471,139.0
2016-02-29,1.0205607496698652,3.0,0.9857264673104826,14.0,1.1066276311357968,30.0,1.1517001337993658,37.0,1.5325896244293453,140.0
2016-03-07,1.0306316481925428,4.0,1.0035333129715336,14.0,1.1245586173162996,30.0,1.1716552994774578,37.0,1.5606431652220714,141.0
2016-03-14,1.0297965400377094,5.0,1.016039300268737,14.0,1.13338367250188,31.0,1.1825507666282689,38.0,1.577327623803851,141.0
2016-03-21,1.0168211597532981,4.0,1.0112465338739567,13.0,1.1236701100400035,30.0,1.17169248076319,38.0,1.5659594706160138,141.0
2016-03-28,1.0243216602739267,4.0,1.0302497658270524,13.0,1.1383134253758007,31.0,1.1876669159349564,38.0,1.5901884584238106,142.0
2016-04-04,1.0018895304916524,3.0,1.013998039326643,13.0,1.1148963163430192,30.0,1.1647499131297725,37.0,1.5607184921705624,142.0
2016-04-11,1.0198981094788668,3.0,1.0410659195420235,13.0,1.1367941232235057,31.0,1.189308172067954,38.0,1.5958996767444615,142.0
2016-04-18,0.9707519643970791,2.0,0.9879172149587522,13.0,1.0705713266825954,30.0,1.1209942613852828,38.0,1.5055647416116584,141.0
2016-04-25,0.9467763929960348,2.0,0.9571344727186292,12.0,1.02707523212006,30.0,1.076939847736967,37.0,1.4468147686259247,140.0
2016-05-02,0.9819251163677285,2.0,0.9839423861709147,13.0,1.0481612774159785,30.0,1.1003696226748583,38.0,1.4796418413615544,140.0
2016-05-09,0.989261643149356,2.0,0.9853902162523078,12.0,1.0420222214594248,30.0,1.0957772523148137,37.0,1.4740071956300824,140.0
2016-05-16,1.00147594023637,1.0,0.9863964919091638,11.0,1.034954655426865,29.0,1.0902657831222458,36.0,1.4666217747461812,140.0
2016-05-23,1.0297804949142266,2.0,1.0200207072777754,11.0,1.0618937229642453,30.0,1.1203701801515769,37.0,1.508350960366846,141.0
2016-05-30,1.0069730227285205,2.0,1.005128647017166,11.0,1.0406848613842807,30.0,1.1002223479822082,36.0,1.4812766250809954,141.0
2016-06-06,1.0005758261831326,1.0,0.9993987007343093,11.0,1.0306084754956242,29.0,1.0912068168010105,36.0,1.4697590729712582,140.0
2016-06-13,0.9672051481168739,1.0,0.9630680667150078,10.0,0.9903850168885543,28.0,1.045238833796123,36.0,1.408236412519224,140.0
2016-06-20,0.9533370433100173,1.0,0.9443360039106882,9.0,0.9652734389860971,28.0,1.016972078311655,35.0,1.3700286976720744,139.0
2016-06-27,0.996621874014966,1.0,0.9768698911473771,10.0,0.9973824465332505,28.0,1.0486768186323097,36.0,1.4138061903383912,139.0
2016-07-04,1.0105866892647042,2.0,0.9843181567746253,11.0,1.0044409705008577,28.0,1.0547371508707424,36.0,1.4216838541730106,140.0
2016-07-11,1.0308222835051728,3.0,1.002892546880404,11.0,1.022779956093903,28.0,1.0713673277139297,37.0,1.4449388764869,141.0
2016-07-18,1.048283073456403,4.0,1.032203228273374,11.0,1.0512492660877975,29.0,1.1001196526726773,37.0,1.485088765844776,141.0
2016-07-25,1.0571279715517177,5.0,1.0643273173719616,11.0,1.083696643942587,29.0,1.132448752340295,38.0,1.5313688659114373,141.0
2016-08-01,1.0515886251881383,5.0,1.078979414047215,11.0,1.0967811860140755,30.0,1.1457456310527614,38.0,1.5520845903830198,142.0
2016-08-08,1.0314157473868686,5.0,1.0771311089513087,11.0,1.093155544830351,30.0,1.1405515185930961,39.0,1.5481184670391648,142.0
2016-08-15,1.0064142017852957,4.0,1.0636095677701003,11.0,1.0776884949440202,29.0,1.1229092600213493,38.0,1.526924696709034,142.0
2016-08-22,0.9918823599080969,3.0,1.0541926054976019,10.0,1.0646590844424877,29.0,1.1083509450602498,38.0,1.509798408253242,141.0
2016-08-29,0.9936731721556132,3.0,1.054600060907419,11.0,1.0628870594227042,29.0,1.1051845440099455,38.0,1.5079426666829656,142.0
2016-09-05,0.9841940488707457,2.0,1.0384246241217503,10.0,1.0431547099278573,28.0,1.082667532931393,38.0,1.4793349188381821,142.0
2016-09-12,0.999854335587828,2.0,1.047610826715283,11.0,1.0526030012311152,28.0,1.0897560895541465,39.0,1.49194534390399,142.0
2016-09-19,1.0202414649361313,3.0,1.0656715847324827,12.0,1.0746703109874365,28.0,1.108890738808689,39.0,1.5213104309754961,142.0
2016-09-26,1.0057605216101053,3.0,1.0481841726312489,11.0,1.0595417206294524,27.0,1.09279739535391,38.0,1.4973414620292151,142.0
2016-10-03,1.0019623774266138,2.0,1.0409094685048759,11.0,1.055291011544527,26.0,1.0860182646915117,38.0,1.4878143004577498,141.0
2016-10-10,1.0015359763716236,3.0,1.0409632394885286,12.0,1.0581414066967483,27.0,1.0871547308854534,38.0,1.489213524150597,141.0
2016-10-17,1.020341182939178,3.0,1.064307525747298,12.0,1.0851519678420847,27.0,1.1122113640237719,38.0,1.5235335283242706,141.0
2016-10-24,1.01304505129499,2.0,1.054101157459134,12.0,1.0783462859926145,27.0,1.1032774128253982,37.0,1.5103365638765112,141.0
2016-10-31,0.9743579633059678,2.0,1.0071940929801804,12.0,1.0332708516344156,26.0,1.053547957067057,37.0,1.4418592400379482,141.0
2016-11-07,0.9693493251319334,2.0,0.9927274604719643,12.0,1.0219857225697013,26.0,1.0396663519750247,36.0,1.4217171352786466,141.0
2016-11-14,0.9822747810962583,2.0,0.9959839740724271,13.0,1.0302052419289518,26.0,1.0450006202260573,37.0,1.4290153585327765,141.0
2016-11-21,0.9934187435654356,2.0,0.9936061029809795,13.0,1.031362911944056,26.0,1.0434739363842982,37.0,1.4262280220828567,141.0
2016-11-28,0.9904296082266232,2.0,0.9763007124419244,12.0,1.0164648240530678,25.0,1.0254540437423867,36.0,1.4005804551377887,141.0
2016-12-05,1.0341768792819164,3.0,1.0223635828776203,12.0,1.0667492652186117,26.0,1.0743235648940799,37.0,1.4676514112826053,141.0
2016-12-12,1.0262639557673698,4.0,1.0212919983418998,12.0,1.0658983963164548,27.0,1.0725810056698382,37.0,1.4652136167151182,141.0
2016-12-19,1.0173536111480685,3.0,1.0188192448719,11.0,1.0627690616747292,26.0,1.0680099212331493,36.0,1.458259010767545,141.0
2016-12-26,0.9914652284336543,2.0,0.9961232174895075,10.0,1.0375906074437071,25.0,1.041101795123917,35.0,1.420034429743479,140.0
2017-01-02,1.020967718371629,3.0,1.0389659056613076,10.0,1.0800339959646392,26.0,1.0849897611617627,35.0,1.4779099239411477,140.0
2017-01-09,1.0183635489525538,3.0,1.039125522548326,11.0,1.0785743022581968,27.0,1.0850680588943487,35.0,1.4757953832035582,141.0
2017-01-16,1.0111334945886663,2.0,1.0332015656126983,11.0,1.0716527782156526,26.0,1.0795866260018372,34.0,1.4653238929775445,141.0
2017-01-23,1.025502112909216,3.0,1.0533379503803082,11.0,1.0924184089109283,26.0,1.101621823127651,35.0,1.4930482405305239,142.0
2017-01-30,0.9909986974268951,3.0,1.02281500907705,11.0,1.0608095528993768,25.0,1.0714043147971029,34.0,1.4481778400605752,142.0
2017-02-06,1.004191132342238,3.0,1.0355397905601593,11.0,1.074357420291436,25.0,1.086224572810174,35.0,1.4648142598800398,142.0
2017-02-13,1.0168952387601786,3.0,1.05124347552901,11.0,1.0906567307965909,25.0,1.1040150453199677,35.0,1.4850627035701458,143.0
2017-02-20,1.0117259665025988,4.0,1.0487116165278634,12.0,1.088619273384234,26.0,1.1026801543925244,36.0,1.4804863153202847,143.0
2017-02-27,1.0108389327714142,4.0,1.0458648467143241,13.0,1.0868422752044653,26.0,1.1011776447230035,36.0,1.4756829772453215,144.0
2017-03-06,1.0177516564800149,5.0,1.059620425856487,13.0,1.1022839369702875,27.0,1.1177629731377563,36.0,1.4950648728870934,145.0
2017-03-13,1.0189995131497467,5.0,1.0673972288317037,13.0,1.1110611012841995,27.0,1.127308985449032,36.0,1.504733082543332,146.0
2017-03-20,0.9771159166496611,4.0,1.019026817748985,13.0,1.05916568379215,27.0,1.0751902707452188,36.0,1.4328610528920551,145.0
2017-03-27,0.995048536716503,4.0,1.0337975528599332,14.0,1.0748656192031685,28.0,1.0920725945312335,37.0,1.4538694195607231,146.0
2017-04-03,0.9902306526709449,3.0,1.0234129212751766,14.0,1.0652644387476857,27.0,1.0833844746736796,36.0,1.439848717241649,145.0
2017-04-10,0.9935961053811277,2.0,1.0182432991275565,13.0,1.060612996035288,27.0,1.080110649860024,35.0,1.432562022418757,144.0
2017-04-17,1.0194756821436757,2.0,1.0375345525685535,13.0,1.0820191207880763,28.0,1.1021931414833874,36.0,1.4611032990076094,144.0
2017-04-24,1.0716499285990815,3.0,1.1047093132219876,14.0,1.1572070012047846,28.0,1.178776383893691,37.0,1.563168598837173,145.0
2017-05-01,1.0719479961069978,3.0,1.1215469348109643,14.0,1.1778291989733363,29.0,1.2007115202392602,37.0,1.592848508017963,145.0
2017-05-08,1.0516779990847949,4.0,1.118591777935655,14.0,1.177662536467424,30.0,1.2016922350885315,37.0,1.5948428272008932,145.0
2017-05-15,1.0280770002653865,5.0,1.1115871122513992,15.0,1.1724474739238018,31.0,1.1985279880423394,37.0,1.5912134242888023,145.0
2017-05-22,1.0399418800538944,5.0,1.1432338395307826,16.0,1.2100952692193376,32.0,1.2404158012274515,37.0,1.647714466527862,145.0
2017-05-29,1.0290205499219394,5.0,1.1372945595298842,16.0,1.2065854165880683,32.0,1.2397091942892258,37.0,1.6475844922987573,145.0
2017-06-05,0.9970649657163944,4.0,1.0985967597432424,15.0,1.1673689806759837,31.0,1.2017627984954427,37.0,1.5974626019642564,144.0
2017-06-12,0.9849518285413486,3.0,1.078964311141821,15.0,1.148549397650426,30.0,1.1845302350849274,36.0,1.5742215439624359,143.0
2017-06-19,1.0053474568862162,3.0,1.1000400187557418,15.0,1.1734348773074432,30.0,1.2115731819863844,37.0,1.6108305736008177,143.0
2017-06-26,0.9586710285590281,2.0,1.0292747528528372,15.0,1.1004368909134992,29.0,1.1368379966731554,36.0,1.5103789795568854,142.0
2017-07-03,0.9808714258048175,2.0,1.0345880223798813,15.0,1.1085630788896577,29.0,1.1446312417896976,37.0,1.5211747861808103,142.0
2017-07-10,1.0194660308978865,3.0,1.0693742121343779,15.0,1.1487080137591352,29.0,1.1850702813224734,38.0,1.5770483262248167,142.0
2017-07-17,1.0302383400932744,4.0,1.0800119246090307,15.0,1.1632995400084345,30.0,1.1998761982767345,38.0,1.598747132055954,142.0
2017-07-24,1.0021052552940763,3.0,1.0389907987644875,14.0,1.1209646823966313,30.0,1.1559433625836868,38.0,1.541385150526271,142.0
2017-07-31,0.9836357307512531,3.0,1.0194780332087274,13.0,1.1005364768591435,29.0,1.1344586377949546,38.0,1.5133391503311464,142.0
2017-08-07,0.9701154000176878,2.0,1.0013078386850587,12.0,1.0803127968023845,29.0,1.1139406481779364,37.0,1.4856067996106872,142.0
2017-08-14,0.9755499341317897,1.0,0.992254601061246,12.0,1.0721758880657597,28.0,1.1053832751500536,37.0,1.4741215107775496,141.0
2017-08-21,0.9932782678207674,1.0,0.9934921095426711,12.0,1.0749206772655957,28.0,1.1075267227776564,38.0,1.4769708215368285,142.0
2017-08-28,1.0174654128593539,2.0,1.010876460075973,13.0,1.0958069355957711,29.0,1.1281462498987636,39.0,1.505589027967964,143.0
2017-09-04,1.0060176548759836,2.0,0.993931651950377,13.0,1.0791545156504039,29.0,1.1097721981700004,39.0,1.4825217833924558,142.0
2017-09-11,0.9979959537496884,2.0,0.9833964151237812,12.0,1.0682465980797533,28.0,1.0977196446572295,38.0,1.4672094901077262,141.0
2017-09-18,1.0030462853730335,3.0,0.9910632289637146,12.0,1.074455327681634,28.0,1.102893801025735,38.0,1.4748189678060115,142.0
2017-09-25,1.0264953402224235,3.0,1.0220415067580915,12.0,1.10547756330688,29.0,1.1341004725976618,38.0,1.5175146269263629,142.0
2017-10-02,1.0384293850921555,3.0,1.040654846711434,12.0,1.1224309073151357,30.0,1.152381596528914,38.0,1.5427336643177096,142.0
2017-10-09,1.035988715619986,4.0,1.0491688982301337,12.0,1.1284505208086733,31.0,1.1602947313769136,38.0,1.5534616118697808,143.0
2017-10-16,1.0199384373830993,4.0,1.0467159028788184,11.0,1.1207022598593925,30.0,1.1541355606670265,37.0,1.5451179512825388,142.0
2017-10-23,1.0326636526089672,4.0,1.0772528991494144,11.0,1.14894578532949,30.0,1.1852361959206483,37.0,1.587238961520349,142.0
2017-10-30,1.0307236475735606,4.0,1.0866941461043125,12.0,1.1561802140333324,31.0,1.1949275658330847,38.0,1.6010132475042498,143.0
2017-11-06,1.016341403583518,3.0,1.0772855225696605,12.0,1.144864275812913,30.0,1.1841995590995837,38.0,1.5877475408141064,142.0
2017-11-13,1.0016394070059453,2.0,1.065032420176883,11.0,1.128885096992424,29.0,1.1685650108892687,37.0,1.5677508065643597,141.0
2017-11-20,1.01236105560068,3.0,1.0804315924272876,12.0,1.1460927689287514,30.0,1.187170718332046,38.0,1.594485174124617,141.0
2017-11-27,0.9844905468683081,2.0,1.044099232634819,11.0,1.1065156891799686,30.0,1.1474299222620687,37.0,1.5420287922123683,140.0
2017-12-04,1.0097877820690007,2.0,1.0676226651121712,11.0,1.1300051879179016,30.0,1.1726734235379772,37.0,1.5769115768626623,140.0
2017-12-11,1.0289763733105108,3.0,1.0906826706474433,11.0,1.152869946356224,30.0,1.1971977023350662,38.0,1.611684614228935,140.0
2017-12-18,1.0169719315935708,3.0,1.0802591277569427,11.0,1.1418864568352511,30.0,1.1865794317885625,38.0,1.5992630566444423,139.0
2017-12-25,1.0026964671481584,2.0,1.0601854335101,11.0,1.1214938201058897,29.0,1.1656752126526075,37.0,1.5724853352749686,139.0
2018-01-01,1.0378833054179823,3.0,1.1067211773398404,12.0,1.1734506284517368,30.0,1.22132852530575,37.0,1.6494578262239512,140.0
2018-01-08,1.0400541094221085,3.0,1.115547045599579,13.0,1.1866529629480373,30.0,1.2364141758019962,38.0,1.6721588796685765,141.0
2018-01-15,1.040052884478888,3.0,1.118967637221076,13.0,1.1946346899545495,30.0,1.245039946151139,39.0,1.687364480192626,142.0
2018-01-22,1.0528200836820083,4.0,1.143893240014,13.0,1.225579371155037,30.0,1.2776302171600844,40.0,1.736163769672312,142.0
2018-01-29,0.984027606877477,4.0,1.0724792639703815,13.0,1.1518607128535594,29.0,1.2008778296180553,39.0,1.6348654903080502,141.0
2018-02-05,0.9290296475445082,3.0,0.9956143122865719,13.0,1.0705821909665327,28.0,1.1155463281636413,38.0,1.5201750160373866,140.0
2018-02-12,0.9849167968356949,3.0,1.042399597359717,13.0,1.1235445142059992,28.0,1.169966084400111,39.0,1.5973959578419454,140.0
2018-02-19,1.0156549951441456,3.0,1.064763479527763,13.0,1.148702951857277,29.0,1.1972979349381254,39.0,1.6374935518626292,140.0
2018-02-26,0.9898003311489716,2.0,1.0149600981205724,12.0,1.0941075628914905,28.0,1.140888330413968,38.0,1.5622419302681543,139.0
2018-03-05,1.0549021044944802,3.0,1.0830062614522475,12.0,1.1680932515025888,29.0,1.219093853689134,39.0,1.6726772565302015,140.0
2018-03-12,1.0147186915354127,3.0,1.0534016306613776,12.0,1.1361740368306865,29.0,1.1863447209296607,39.0,1.6310228898175103,140.0
2018-03-19,0.9248241373460943,2.0,0.9474207721713294,11.0,1.018184092501309,28.0,1.0632992417831961,38.0,1.462177867101697,139.0
2018-03-26,0.9504242061763907,2.0,0.956928157294256,11.0,1.0256903582174581,28.0,1.069978564595006,38.0,1.4717845886359944,140.0
2018-04-02,0.9400747454671319,2.0,0.9348421672231442,11.0,0.9994326763559398,27.0,1.0408513374576094,38.0,1.4318380739168683,139.0
2018-04-09,0.9848719884869058,2.0,0.9550486432512296,12.0,1.0194491145792746,27.0,1.06024516758399,38.0,1.458545097066541,140.0
2018-04-16,1.0391602489249512,3.0,0.9941670327269266,12.0,1.0596839043486246,27.0,1.100365721963842,39.0,1.5150645823835507,140.0
2018-04-23,0.995966023167755,3.0,0.9535717071248893,12.0,1.0160801431977347,26.0,1.0526519149247158,38.0,1.4498040355045414,139.0
2018-04-30,1.010317043742379,3.0,0.9699062314687054,12.0,1.0324532514093938,26.0,1.067398773722683,38.0,1.4703843142000563,140.0
2018-05-07,1.0402651952284585,4.0,1.0146941101325193,12.0,1.078466070865456,27.0,1.1135122564047835,38.0,1.5349317895027912,141.0
2018-05-14,1.003002377712989,3.0,0.9849510051286756,12.0,1.0444364272742102,27.0,1.0770563841205794,37.0,1.4852438215016934,140.0
2018-05-21,1.0112361911829708,3.0,0.9922640116235865,13.0,1.0511842892922436,27.0,1.0824165324276647,37.0,1.4929393425578585,141.0
2018-05-28,1.0350425738780842,4.0,1.0319222099292098,13.0,1.0893521512589197,28.0,1.121741138054411,37.0,1.5478340754453306,142.0
2018-06-04,1.0225703068692253,4.0,1.0332480862354394,13.0,1.0862309822988507,28.0,1.117666536171144,38.0,1.543859174136649,142.0
2018-06-11,1.0409510871258347,4.0,1.0614969411250517,13.0,1.1122435455425166,28.0,1.1431282015443458,38.0,1.5807339790931116,143.0
2018-06-18,1.0273179585428274,5.0,1.0654148720219478,13.0,1.111271950769753,28.0,1.1403820344077902,39.0,1.5789361610192596,143.0
2018-06-25,0.9849022915205842,4.0,1.028520169168661,13.0,1.0692356234187053,28.0,1.0960572218922002,39.0,1.5189239080652455,142.0
2018-07-02,1.0028885892002573,4.0,1.0464215792786564,14.0,1.088124969176517,29.0,1.1149828772936112,39.0,1.5464933648766666,142.0
2018-07-09,1.0333288482212197,4.0,1.0866065857627096,14.0,1.1283974157892571,30.0,1.1574761383783352,39.0,1.6059264840096865,143.0
2018-07-16,1.0241174000134123,3.0,1.0802999120077363,13.0,1.1186198651911028,30.0,1.1490913400940967,38.0,1.5941808765362113,143.0
2018-07-23,1.0552909263700143,3.0,1.121389545944853,14.0,1.1618398586487209,30.0,1.1954253958525003,38.0,1.6591012020658202,144.0
2018-07-30,1.023834920916513,3.0,1.1049647310631991,13.0,1.1415762320500789,29.0,1.175930476793505,37.0,1.6329892451075247,143.0
2018-08-06,1.0188522437690495,3.0,1.112641802583128,14.0,1.1476043656733736,30.0,1.1844793521331727,37.0,1.645111098877327,143.0
2018-08-13,0.9867081680401698,2.0,1.0714639032639015,14.0,1.107614207526292,30.0,1.1454810878026236,36.0,1.590563562035334,142.0
2018-08-20,0.9970301169038754,3.0,1.080362397478996,14.0,1.1194903161019432,30.0,1.1595073635233595,37.0,1.6105447703604467,143.0
2018-08-27,0.9983330832560144,2.0,1.0686747721531875,14.0,1.1117308871021143,29.0,1.1523332451629384,37.0,1.6013547658732383,142.0
2018-09-03,0.9639057735744007,2.0,1.0161097748027637,13.0,1.059289277044712,28.0,1.0985715089789683,36.0,1.5259891082630594,142.0
2018-09-10,0.9808420527604521,2.0,1.0186135925667394,13.0,1.0626104612862999,28.0,1.1014835943172452,37.0,1.5309044119511468,142.0
2018-09-17,0.9811789763973308,2.0,1.0073498974069295,13.0,1.053236789532386,28.0,1.091405969280717,36.0,1.5174782951817976,141.0
2018-09-24,1.0088316176866068,2.0,1.0248784699430094,13.0,1.0744450017861569,28.0,1.1131052196412454,36.0,1.5477508579695904,142.0
2018-10-01,0.9884665400146545,2.0,0.9914651397484562,12.0,1.0394927540493983,27.0,1.0764782943362303,35.0,1.496181302578607,141.0
2018-10-08,0.9570447430903833,2.0,0.9492774097728267,12.0,0.9955087941165984,27.0,1.029948412050204,35.0,1.4309805557360016,140.0
2018-10-15,0.9578663396002621,1.0,0.9368368627550459,11.0,0.9818752019727613,27.0,1.0147933354720295,35.0,1.409455034702633,140.0
2018-10-22,0.951769738167379,1.0,0.917277436613323,10.0,0.9589446671356663,26.0,0.9893815182725115,35.0,1.3737396487046285,139.0
2018-10-29,0.962826405517114,0.0,0.907900760053205,9.0,0.9458614750040806,26.0,0.9746478875785414,35.0,1.3528377403500746,138.0
2018-11-05,0.9868195412604068,1.0,0.9183080599570527,9.0,0.9528203368881826,26.0,0.9801966868845156,35.0,1.3600067973863308,139.0
2018-11-12,0.9914240855542921,1.0,0.9178326019336054,8.0,0.9487034147684771,25.0,0.9741474926699678,34.0,1.350800861952256,138.0
2018-11-19,0.969440119833149,1.0,0.8886704773334889,8.0,0.9157074798877792,25.0,0.938301133153807,34.0,1.300045954234642,138.0
2018-11-26,1.031753071229974,2.0,0.9517030871815326,8.0,0.9779287446680095,26.0,1.0004202037197705,35.0,1.386138280997515,138.0
2018-12-03,0.9811396949446698,2.0,0.9071159460494569,7.0,0.9273701566377281,25.0,0.9460562075552691,34.0,1.3099692468875255,137.0
2018-12-10,0.99087568241338,2.0,0.9174061417400878,8.0,0.9337036145069859,25.0,0.9499520765448976,34.0,1.3140453961729424,137.0
2018-12-17,0.9461357550663292,2.0,0.8717959946241639,7.0,0.8802465603892932,24.0,0.8929155896447046,33.0,1.2328316642617236,137.0
2018-12-24,0.9991656624572318,3.0,0.9303657176732059,8.0,0.9343811907383086,24.0,0.9447191588198041,33.0,1.3022813926811698,138.0
2018-12-31,1.0363026743619728,3.0,0.9674328435380749,8.0,0.9654273253204215,25.0,0.9741918564940838,34.0,1.3412680241342356,138.0
2019-01-07,1.0191512126153979,3.0,0.9611625490361062,8.0,0.9528893313810065,25.0,0.9613641401236657,33.0,1.321030385260916,138.0
2019-01-14,1.0474022982510913,3.0,1.0038209616394174,8.0,0.9898430715663243,25.0,0.9977640605120546,33.0,1.368542674157628,139.0
2019-01-21,1.0188112924951598,3.0,1.0027275225516545,8.0,0.983952187385748,24.0,0.990260818322041,33.0,1.3556870186304162,139.0
2019-01-28,1.0231857469937622,3.0,1.0233109694326747,9.0,1.0011747333847134,25.0,1.0068667351233662,34.0,1.3763000316678609,139.0
2019-02-04,1.0042275990911753,2.0,1.0122965302632787,8.0,0.9882383977037585,24.0,0.9918670637042234,33.0,1.3529677034192826,139.0
2019-02-11,1.0108083426456367,3.0,1.0318634961642705,9.0,1.005432362451768,25.0,1.0072067698804807,34.0,1.3719548593283446,139.0
2019-02-18,1.005620577655349,2.0,1.0326105195204205,8.0,1.00079957016519,25.0,1.0031843924380226,33.0,1.363928101596709,139.0
2019-02-25,1.0240772492742904,3.0,1.0618554650777074,9.0,1.0262935608587376,25.0,1.0297144694443672,33.0,1.3972714821453307,139.0
2019-03-04,1.0194934892239784,3.0,1.0615765139788165,10.0,1.0248917680438892,26.0,1.0297023003095689,34.0,1.3948612431087588,139.0
2019-03-11,1.040498674122624,4.0,1.0964679220561198,11.0,1.0596261039630035,26.0,1.0655828889678187,35.0,1.441907938713185,139.0
2019-03-18,1.0421637739581557,4.0,1.109390376126043,12.0,1.0757912120650517,26.0,1.0829143038054763,35.0,1.462885977992541,140.0
2019-03-25,1.0034156748589569,4.0,1.074328076882553,12.0,1.044283363722469,26.0,1.0532309814526493,34.0,1.4195299085593345,140.0
2019-04-01,1.0208041949605176,4.0,1.0985594568810286,12.0,1.0712449150771992,26.0,1.0825335167375187,34.0,1.4558752788327647,140.0
2019-04-08,1.0168762875492667,4.0,1.1008549173725464,13.0,1.078373434176136,26.0,1.0914939149079779,34.0,1.4642676405954675,140.0
2019-04-15,1.0234512115746712,4.0,1.1074482687203093,14.0,1.091331787290816,27.0,1.1061155940491265,35.0,1.4818550960682546,140.0
2019-04-22,1.0415957213984721,4.0,1.130949717275391,14.0,1.1188973752576397,27.0,1.134376987025649,36.0,1.5197146601773734,141.0
2019-04-29,0.9686270753139513,4.0,1.0472061920286373,14.0,1.0413159405938888,26.0,1.0556433455235033,35.0,1.4120553953357426,140.0
2019-05-06,0.9580750142691169,3.0,1.0232804839492167,13.0,1.0219425827946886,25.0,1.0362772750324194,34.0,1.3830836170916547,140.0
2019-05-13,0.965282081173775,2.0,1.0137945748027086,13.0,1.0200261452647352,24.0,1.0333066261000947,34.0,1.376832486911517,140.0
2019-05-20,0.9577076465029976,1.0,0.9847058044871408,12.0,0.9951255670207062,23.0,1.0080541438804635,33.0,1.339088222537202,139.0
2019-05-27,0.9598334856163513,0.0,0.9574782310800148,11.0,0.9691407136823034,23.0,0.9819608328252141,33.0,1.3005671074826175,138.0
2019-06-03,0.9467982911173214,0.0,0.9245281612314254,11.0,0.9374027225962749,22.0,0.947919555534846,33.0,1.2534033802256759,137.0
2019-06-10,0.9776536600796794,1.0,0.941777023855997,11.0,0.9561951593912545,22.0,0.9643609982347825,33.0,1.2730221041679282,138.0
2019-06-17,1.0179715973530796,2.0,0.9722338037495661,12.0,0.9895228916708123,23.0,0.9952069356183457,34.0,1.31255926719674,138.0
2019-06-24,0.9902415278062947,2.0,0.9378836616892091,11.0,0.9561552711599953,22.0,0.9581662040336634,33.0,1.261633170290964,138.0
2019-07-01,1.0313866227019328,3.0,0.980377875295186,12.0,1.002688134599292,23.0,1.0022643013389958,33.0,1.317482569951427,138.0
2019-07-08,1.0287296443921476,4.0,0.9906321312816176,12.0,1.016221179503,23.0,1.0124184357416348,34.0,1.3294538316759108,139.0
2019-07-15,1.0073305911083983,3.0,0.9770321146347994,12.0,1.0044007304452045,23.0,0.9981837048230494,33.0,1.3088855729436384,139.0
2019-07-22,1.089604056933674,3.0,1.0761985594047883,12.0,1.1107167709518602,23.0,1.1020989679189757,33.0,1.4434982115587713,140.0
2019-07-29,1.020331621439097,3.0,1.0254675974145926,11.0,1.0610751062949069,23.0,1.0504952070094524,33.0,1.3740246193767238,140.0
2019-08-05,1.0055252767981961,2.0,1.0201835120042049,10.0,1.0553079090035313,23.0,1.0435964785118679,32.0,1.363066421532206,139.0
2019-08-12,0.9912274377843078,1.0,1.0123991321028247,9.0,1.0459625751786525,22.0,1.0336145564314083,31.0,1.347288541238359,138.0
2019-08-19,0.965636663644925,1.0,0.9906730864967564,9.0,1.0228737186744679,22.0,1.0100933532356797,30.0,1.3135099253313154,138.0
2019-08-26,1.0070367735886494,1.0,1.0231463619121277,9.0,1.055682816633553,22.0,1.0418688785939738,30.0,1.351527118805953,138.0
2019-09-02,1.0194113719396631,2.0,1.0381906120106505,9.0,1.0696948960004256,23.0,1.0559006440828322,30.0,1.3665129459980438,139.0
2019-09-09,1.039641182411035,3.0,1.0678887537405368,9.0,1.0978092753753113,24.0,1.0843785530462082,31.0,1.4013420004339523,139.0
2019-09-16,1.0225879970454255,3.0,1.0614321541784786,8.0,1.086604556315363,24.0,1.0746147017935512,30.0,1.3860293951888518,139.0
2019-09-23,1.0062159361519127,3.0,1.0555336255827663,8.0,1.0792770043827418,24.0,1.0698478049285185,29.0,1.3761841228553684,139.0
2019-09-30,0.9896030450682968,2.0,1.039762350482456,8.0,1.0621543045308448,24.0,1.0554442631151615,29.0,1.3538873678749996,139.0
2019-10-07,0.9931721056539409,2.0,1.0430390954610516,9.0,1.0649108539925147,24.0,1.061414034960985,29.0,1.356959530471686,139.0
2019-10-14,1.0167331962516297,2.0,1.0639476353827069,10.0,1.0875776160842596,25.0,1.0873188012659933,30.0,1.3860274123055023,140.0
2019-10-21,1.0268645551379727,3.0,1.0736713863347724,11.0,1.099900239260448,26.0,1.1040435611118427,30.0,1.4030724234198184,141.0
2019-10-28,1.0257521140145844,4.0,1.0719805070896042,12.0,1.103800888452863,26.0,1.1104377866297754,31.0,1.4078307213452188,141.0
2019-11-04,1.038926113615043,5.0,1.0937427339464043,12.0,1.1308004232757938,27.0,1.1418098935852676,31.0,1.4444861846072905,141.0
2019-11-11,1.0379047057701316,5.0,1.1040038635267955,12.0,1.14504226346069,27.0,1.1604001467185867,32.0,1.4651954484919547,142.0
2019-11-18,0.9994213246998755,4.0,1.0623391491701724,12.0,1.1048981155287654,27.0,1.1240126098504748,32.0,1.4170416092645053,142.0
2019-11-25,1.0006932505094361,4.0,1.0630313095072124,12.0,1.1078301806047819,27.0,1.130298569970628,32.0,1.4228495049330523,142.0
2019-12-02,1.0176008998552246,4.0,1.083851434240779,12.0,1.1326961282374577,27.0,1.1584060078681135,33.0,1.4566286631930943,143.0
2019-12-09,1.0174421604809891,4.0,1.0806224725111557,13.0,1.1329916907888198,28.0,1.1621756252220303,33.0,1.4594456501086486,143.0
2019-12-16,1.0165116558374578,4.0,1.0779517932373195,13.0,1.129499686622486,28.0,1.1606393774191315,34.0,1.4564092296936153,143.0
2019-12-23,1.009643143365847,5.0,1.0733427050925757,14.0,1.1263010118969061,29.0,1.1587922990233224,35.0,1.4538326552540832,144.0
2019-12-30,1.0078081781137744,5.0,1.073299780390151,15.0,1.1287115920487802,29.0,1.1621321676565943,36.0,1.4582342344203345,144.0
2020-01-06,1.045170160584382,5.0,1.1172023096458876,16.0,1.1791873884468977,30.0,1.2152223094871022,37.0,1.5264800034673343,145.0
2020-01-13,1.0616285243626964,5.0,1.142793984479788,17.0,1.213324001637018,30.0,1.2511481051427635,38.0,1.5742060218638625,146.0
2020-01-20,1.0344416896585502,4.0,1.1207553062506375,16.0,1.1948419374298227,30.0,1.2329611637103466,37.0,1.5535258090469226,145.0
2020-01-27,0.9999205329040054,3.0,1.0868680464931644,15.0,1.1625964095413195,29.0,1.1996906985219444,37.0,1.5132785496017187,145.0
2020-02-03,1.0145206819105321,3.0,1.1113574808565692,15.0,1.1922900379661658,29.0,1.2298961256629057,38.0,1.5547500332468909,145.0
2020-02-10,1.0301302004881165,3.0,1.130779443483346,16.0,1.2188652189454467,29.0,1.2573352897338015,38.0,1.5918018407584091,146.0
2020-02-17,1.0053519859984776,2.0,1.094211726452418,16.0,1.1847763600514964,28.0,1.2206912384111408,38.0,1.5483682912508072,145.0
2020-02-24,0.9225763788709508,2.0,0.9823109404520697,16.0,1.0655372890069996,28.0,1.0966142598650723,37.0,1.3917038076072001,145.0
2020-03-02,0.9114437895331617,2.0,0.9495475958882835,15.0,1.0314222860474471,27.0,1.0587223487465813,37.0,1.3449446886182153,144.0
2020-03-09,0.888585976515122,1.0,0.8928085738051089,14.0,0.9688911390035114,26.0,0.9922210969840418,36.0,1.2598553803382693,144.0
2020-03-16,0.8358041539233574,0.0,0.7902192650140968,13.0,0.8541149902386775,25.0,0.8722884851676036,35.0,1.105135061916528,143.0
2020-03-23,0.9193858007148353,1.0,0.8232194199355568,13.0,0.8870698761261036,25.0,0.902893208219636,36.0,1.141977000764069,144.0
2020-03-30,0.9466033298631882,1.0,0.8198880038291582,12.0,0.8781019023415242,25.0,0.8924681338380872,35.0,1.1261866758414143,143.0
2020-04-06,1.0604261900699599,2.0,0.9086893713879998,12.0,0.9681758188889137,26.0,0.9832609938629036,36.0,1.239228409947131,144.0
2020-04-13,1.1109215962706438,3.0,0.9629612522811355,13.0,1.0234963907192811,27.0,1.039227209602954,36.0,1.3086062024438874,145.0
2020-04-20,1.0691923321842438,3.0,0.9608853847145018,12.0,1.0178872772831649,27.0,1.0335884484870217,36.0,1.300613790070881,144.0
2020-04-27,1.0662979785116826,3.0,0.9926161111084502,12.0,1.0469821336917386,28.0,1.0641315370967346,36.0,1.339074652322706,144.0
2020-05-04,1.070779106893913,4.0,1.0420348681758305,12.0,1.0948734753902836,29.0,1.114767950559006,37.0,1.4034286186639147,145.0
2020-05-11,1.0332925397702795,3.0,1.0297729645106886,11.0,1.0778054987398966,28.0,1.0993260615165819,36.0,1.3839007278446387,144.0
2020-05-18,1.0413768939276582,3.0,1.055486186060459,11.0,1.1018284487614776,28.0,1.1252973929181722,36.0,1.416993561779731,144.0
2020-05-25,1.032231369594841,4.0,1.0667357449985648,11.0,1.109993787112692,29.0,1.1365388589448873,36.0,1.4311408820381502,144.0
2020-06-01,1.021686854953099,4.0,1.0734749831905612,11.0,1.1118298573823955,29.0,1.140717174260827,36.0,1.4358746771634652,145.0
2020-06-08,1.0002547559593866,3.0,1.0571857147549697,10.0,1.0876443466832033,28.0,1.1173504082345997,36.0,1.4063129033302963,144.0
2020-06-15,1.0050500796206112,4.0,1.0723920290675073,11.0,1.0966100871934488,29.0,1.1288278563860443,36.0,1.4200653782607187,145.0
2020-06-22,0.9614528462851942,3.0,1.021304887657454,11.0,1.0397837692474357,28.0,1.0702995774634034,35.0,1.3449128812770244,144.0
2020-06-29,1.0303339030207803,3.0,1.1005830905620626,11.0,1.1151055788304116,29.0,1.1495027118342798,35.0,1.4437861889781847,144.0
2020-07-06,1.068983957581343,3.0,1.157601477790372,11.0,1.1672090694828783,30.0,1.2059145673043261,35.0,1.5141751851001806,145.0
2020-07-13,1.0361161877931773,3.0,1.1366997918431145,11.0,1.1412978956694233,30.0,1.1805900903507003,35.0,1.4832752785017078,144.0
2020-07-20,1.0223958995986957,2.0,1.1269947992945224,11.0,1.1321222093967946,30.0,1.1726832449753826,35.0,1.4746611934775566,143.0
2020-07-27,0.986427817286635,2.0,1.0982499065999387,11.0,1.1053890771424784,29.0,1.1457359498549229,35.0,1.441845648691286,142.0
2020-08-03,0.9901731109822597,2.0,1.096167360529519,12.0,1.1089967630709463,29.0,1.149554531047013,36.0,1.448591316916922,142.0
2020-08-10,1.0034674819473917,2.0,1.0893125491451834,13.0,1.114202286235763,29.0,1.1540447284686681,37.0,1.4569230208686292,142.0
2020-08-17,1.042841512479292,3.0,1.1236716297633045,13.0,1.1616514832626292,30.0,1.2021701924388413,38.0,1.5221822905128806,142.0
2020-08-24,1.0664123182242229,4.0,1.147927097942801,14.0,1.2009742239700163,31.0,1.242458306444981,38.0,1.5781754320341692,143.0
2020-08-31,1.0175375490603549,4.0,1.0968306166358703,13.0,1.1552806769646975,31.0,1.1954077089386461,37.0,1.5220794855510071,142.0
2020-09-07,0.9693128588606376,3.0,1.0402441560116245,12.0,1.099144374522904,30.0,1.1366119658979426,37.0,1.4505308445554537,142.0
2020-09-14,0.9363015067402878,2.0,0.9928585061525637,12.0,1.0518525198089388,29.0,1.086986272075846,36.0,1.3889303606497714,141.0
2020-09-21,0.9430475066919727,1.0,0.9786964466540611,11.0,1.0382218849484424,28.0,1.0719949403761795,35.0,1.3709483839934902,141.0
2020-09-28,0.9755147746192554,1.0,0.9855863222272326,11.0,1.045004124638815,28.0,1.0778135362767494,36.0,1.3799528504642185,141.0
2020-10-05,1.0238927901643726,2.0,1.0193124087355974,12.0,1.0824093863406954,28.0,1.1163226740821612,36.0,1.429548017004991,141.0
2020-10-12,1.0554847101365512,3.0,1.0527056663260939,12.0,1.1197236487013564,28.0,1.1537848016109031,37.0,1.4795247543995793,141.0
2020-10-19,1.0749927335625127,4.0,1.0908341980316323,12.0,1.1621640218151774,29.0,1.1973399809190164,38.0,1.5381125128406832,142.0
2020-10-26,1.0379565666983892,4.0,1.0713528922711635,11.0,1.1426785440098914,28.0,1.1767115316748205,38.0,1.5141159351572009,142.0
2020-11-02,1.0858926227614538,4.0,1.1517355103645717,12.0,1.2342552836110687,28.0,1.269943748296033,39.0,1.6392271116203778,142.0
2020-11-09,1.061060740213785,4.0,1.1493631442309924,12.0,1.2372030158945428,28.0,1.272377186939734,39.0,1.6470960322396966,142.0
2020-11-16,1.0196629201441874,3.0,1.1137219527396605,12.0,1.2060854539966392,27.0,1.2398674716439124,38.0,1.6084993840382693,142.0
2020-11-23,1.0311426244985487,3.0,1.1349751960383418,12.0,1.2335407711491648,27.0,1.2682312420169735,38.0,1.6488220436277226,143.0
2020-11-30,1.026713791164316,4.0,1.147104680040652,12.0,1.2491138850867636,27.0,1.2842213027729055,39.0,1.6738814505733108,143.0
2020-12-07,0.9985082329713674,3.0,1.109276124507618,12.0,1.211459193164658,26.0,1.2440277609237056,39.0,1.625148952516715,142.0
2020-12-14,0.9750905506851418,2.0,1.070718361171456,12.0,1.1727830693583159,25.0,1.2016355420772447,39.0,1.5729964441631115,141.0
2020-12-21,0.9798755768966494,3.0,1.0675216671059242,13.0,1.1735867501085622,26.0,1.200156340612806,39.0,1.5743294320638839,141.0
2020-12-28,0.9918360683393334,3.0,1.0674886615972812,13.0,1.1771234929646281,27.0,1.202478621657619,39.0,1.5803217575351869,141.0
2021-01-04,1.0255744984225847,3.0,1.091716572363492,13.0,1.2087511786618628,27.0,1.233173525852737,39.0,1.6239522447266825,142.0
2021-01-11,0.9903949327632586,3.0,1.0441355250833424,12.0,1.1577737471455125,26.0,1.178807666796124,38.0,1.5546227766217156,141.0
2021-01-18,1.0638006051990352,4.0,1.1349400394425861,12.0,1.2604267651574241,27.0,1.2825903741065752,38.0,1.6951873528893024,142.0
2021-01-25,1.0162344012950002,3.0,1.0883782110964941,12.0,1.2088364577680766,27.0,1.2319195632745228,37.0,1.6306870264366136,141.0
2021-02-01,1.1185527431046982,3.0,1.2239200523199905,13.0,1.3665447253748624,28.0,1.3959801977363224,38.0,1.8545638236022035,142.0
2021-02-08,1.0873852072660495,3.0,1.2059065499510373,14.0,1.3542718968357634,29.0,1.388327657735392,38.0,1.8507306407250457,143.0
2021-02-15,1.0463802876926838,3.0,1.1830188126487022,14.0,1.3339577938125036,29.0,1.3754126601276162,37.0,1.839124028239169,142.0
2021-02-22,1.0008304136498838,2.0,1.1293126660632848,13.0,1.277499129199586,28.0,1.3238568179487546,36.0,1.7746209059264928,142.0
2021-03-01,1.0090011762176367,3.0,1.151024303391905,13.0,1.3052197213753094,29.0,1.3597982239717625,36.0,1.8281603490900655,143.0
2021-03-08,0.9901109937000272,2.0,1.1114496002377836,12.0,1.2625141819573706,28.0,1.3201378839003466,35.0,1.7795358581387675,142.0
2021-03-15,0.986894875991736,1.0,1.0901048199107655,11.0,1.23904055245161,27.0,1.299141117306944,34.0,1.7553753819198008,142.0
2021-03-22,0.9894692079631348,1.0,1.0747046286267743,11.0,1.2227192702658107,27.0,1.2864113405892645,33.0,1.7409287857538496,142.0
2021-03-29,1.029054670819702,2.0,1.118093447833043,11.0,1.2711108204755746,27.0,1.3421485572600302,33.0,1.8193364409493629,143.0
2021-04-05,1.0818889988987523,2.0,1.1806063955400585,11.0,1.344244034054385,27.0,1.4235283910076704,34.0,1.9347942902889441,144.0
2021-04-12,1.0637640003403797,3.0,1.170745349430894,12.0,1.3360960061069227,28.0,1.4188157887383066,35.0,1.9343805804609593,144.0
2021-04-19,1.0455427364934633,4.0,1.1649252323830699,12.0,1.3316972833028313,28.0,1.4180262938627626,35.0,1.9386384350625887,144.0
2021-04-26,1.0527474321332189,5.0,1.1959527904004323,12.0,1.3701258873233706,28.0,1.463446416078778,35.0,2.0066726229155996,144.0
2021-05-03,1.0244026586935575,4.0,1.1731789396111487,12.0,1.348293535512615,27.0,1.4437930451873964,35.0,1.9862021611291278,143.0
2021-05-10,0.9866050714766109,3.0,1.1175835517125887,12.0,1.28828120332893,27.0,1.3812268286644298,35.0,1.9080851319153433,142.0
2021-05-17,0.9949199602261104,3.0,1.1160018942438734,12.0,1.2907169998958667,27.0,1.3847651194244106,36.0,1.922027672264014,142.0
2021-05-24,1.014827119675808,3.0,1.130725943837263,12.0,1.3114810326614463,28.0,1.4082776095694718,37.0,1.9660027984592663,142.0
2021-05-31,1.0281407521866233,3.0,1.133265724172053,12.0,1.3185968411722284,28.0,1.4136771071617105,38.0,1.9879085283079374,143.0
2021-06-07,1.0441201020908915,4.0,1.14244523068188,13.0,1.337464066712594,28.0,1.4311443871338216,38.0,2.0268497603244104,144.0
2021-06-14,1.0264065471165147,4.0,1.1263963231093455,12.0,1.321505641500596,28.0,1.411645312972986,38.0,2.013471708002232,143.0
2021-06-21,1.0218047400967285,4.0,1.1223224116264852,13.0,1.3216341862088494,29.0,1.4109694863156859,38.0,2.024801683082396,144.0
2021-06-28,1.0222835676772208,4.0,1.1262686785698313,13.0,1.3239116697220004,30.0,1.414025198654353,38.0,2.0405407856006987,144.0
2021-07-05,1.0177832574380044,4.0,1.1223582324755201,13.0,1.317229223828453,30.0,1.4073229765534616,39.0,2.042417017690373,144.0
2021-07-12,1.025713385906035,4.0,1.129548547090082,14.0,1.3244786709453114,30.0,1.4159230349041176,39.0,2.066101402033724,145.0
2021-07-19,1.0521108215149744,5.0,1.1636221125251074,15.0,1.367627791584246,30.0,1.4629842387722751,39.0,2.146335133820654,146.0
2021-07-26,1.019495557729976,4.0,1.1281970240755892,14.0,1.327332004016104,29.0,1.4195163028941364,39.0,2.093363272549049,145.0
2021-08-02,1.0203829330285088,4.0,1.1281280488062566,15.0,1.3295189435568249,30.0,1.4228002010293377,39.0,2.108785871148306,145.0
2021-08-09,1.0172058128173969,4.0,1.12344340579728,16.0,1.3260933506323473,31.0,1.421339661962765,39.0,2.1170147799024295,146.0
2021-08-16,1.0076705118334943,4.0,1.1079948985003358,17.0,1.3092885493422177,32.0,1.406408619448999,39.0,2.1045692068554755,147.0
2021-08-23,1.0419548975024329,4.0,1.140553196258282,17.0,1.347905615334759,33.0,1.4512248563634447,40.0,2.183322943791492,148.0
2021-08-30,1.0293946799851839,5.0,1.1293899765117894,17.0,1.3314139127750124,33.0,1.4367217388154299,40.0,2.1727010716288198,148.0
2021-09-06,1.0021402918292575,4.0,1.09611865130575,16.0,1.2888304910034545,32.0,1.3921873708654169,40.0,2.1166761334441313,147.0
2021-09-13,0.9946150398245023,3.0,1.0823552941669359,15.0,1.2695881419771433,31.0,1.3731118946617966,39.0,2.0968506560232085,147.0
2021-09-20,0.9969552728062895,3.0,1.0825758046071485,15.0,1.265746429264522,31.0,1.3706220105044715,39.0,2.1013319535315276,147.0
2021-09-27,0.9647333415705402,2.0,1.029591659126376,15.0,1.1987083538119898,31.0,1.2993002541371594,39.0,1.999007840358887,146.0
2021-10-04,0.9967887813313404,2.0,1.047577891777109,16.0,1.2186841002891264,31.0,1.3206489020553434,40.0,2.0396300688351565,147.0
2021-10-11,1.008664543181348,3.0,1.0505500535153651,16.0,1.2210787791273245,31.0,1.3225481841548292,41.0,2.0508922844690756,148.0
2021-10-18,0.9909550663925523,3.0,1.0214246187636309,15.0,1.1838405301393276,31.0,1.281938094055743,40.0,1.995380651253176,147.0
2021-10-25,1.0514310591474612,3.0,1.08273831356852,15.0,1.2531444130632021,31.0,1.3566214024418277,40.0,2.1210446383408157,147.0
2021-11-01,1.0394745467451927,4.0,1.0809751489280182,15.0,1.248630053231922,31.0,1.3517160787381204,40.0,2.1216959587979614,148.0
2021-11-08,1.0285521724441187,4.0,1.0749775079322066,16.0,1.2389369821359346,32.0,1.3423675486202167,40.0,2.1144030478367863,148.0
2021-11-15,1.019066681640609,4.0,1.0687895812623907,16.0,1.228049137775854,33.0,1.3317717580738793,41.0,2.1056645988689264,149.0
2021-11-22,0.9650156221447725,4.0,1.013009344127297,15.0,1.158480508175657,32.0,1.256474723786292,41.0,1.993874873749803,148.0
2021-11-29,0.9706292118872262,3.0,1.0065822461595435,14.0,1.145530570649145,31.0,1.2419048138397588,41.0,1.9787143294988474,147.0
2021-12-06,1.0133254290975826,3.0,1.0441398943549054,14.0,1.1834422895423102,31.0,1.281982533555217,42.0,2.0519410182619424,147.0
2021-12-13,0.9824672898169522,2.0,1.0012311160048908,13.0,1.1262437794324736,31.0,1.2196840111750198,41.0,1.9599323852869295,146.0
2021-12-20,1.0162519056440364,2.0,1.0275666430732227,14.0,1.1506203353499487,31.0,1.2447024749237734,41.0,2.0079187424751703,146.0
2021-12-27,0.9966617453661304,2.0,1.007804689636541,13.0,1.1216948279008578,31.0,1.2131122744885985,40.0,1.9633693398329033,145.0
2022-01-03,0.9510179410715734,2.0,0.954786219878884,12.0,1.056711216164301,30.0,1.1404176717181398,39.0,1.8495493879913922,145.0
2022-01-10,0.9824525942028329,2.0,0.9737379176369865,12.0,1.072210707845879,30.0,1.154614410570359,40.0,1.8771410851587071,145.0
2022-01-17,0.9309507939569165,2.0,0.9105741665483397,11.0,0.9938744586718634,30.0,1.0686541009709118,39.0,1.738658585015459,145.0
2022-01-24,0.9731263399304241,2.0,0.9365402854882208,11.0,1.013231419075585,31.0,1.0886125610933783,39.0,1.7726637990172884,146.0
2022-01-31,1.0466804182711706,3.0,1.0045141749002204,12.0,1.08073613130152,31.0,1.1596468579413923,40.0,1.891869492872306,146.0
2022-02-07,0.9857948152541415,3.0,0.944417251821934,12.0,1.0086587847525004,31.0,1.0814050390276415,39.0,1.766021095863513,145.0
2022-02-14,0.9721942545160837,2.0,0.9223917219431279,11.0,0.9767848173158133,31.0,1.0466436844127138,38.0,1.7102228323490734,144.0
2022-02-21,0.9958174148171594,3.0,0.9516614683554787,12.0,1.0020041954074568,32.0,1.0729428373154861,39.0,1.755247598482099,144.0
2022-02-28,0.9797627979158856,2.0,0.9372052341719552,11.0,0.9803068926536727,31.0,1.047774832239715,39.0,1.7163122399774038,143.0
2022-03-07,0.985889653354055,1.0,0.9290403990286491,10.0,0.9656749079657032,30.0,1.0290782761615083,38.0,1.6877410212012252,142.0
2022-03-14,1.0295332926056242,2.0,0.9746868479923008,11.0,1.0090853375251014,30.0,1.072366121607353,38.0,1.76154715932887,142.0
2022-03-21,1.047624528598765,3.0,1.0106301561898574,11.0,1.0397858225197107,30.0,1.1023482009759982,38.0,1.8135417434853627,143.0
2022-03-28,1.0320992427247582,2.0,1.0076904148925547,10.0,1.0305645820289324,29.0,1.0886953535082189,38.0,1.794395177745157,143.0
2022-04-04,0.9803126258177772,2.0,0.9649256007317776,9.0,0.979463179841061,29.0,1.0319960240740382,37.0,1.7016397135203,142.0
2022-04-11,0.9352897636647464,2.0,0.9234564249201161,8.0,0.9284555763610397,29.0,0.9757274779326477,37.0,1.6091473626865338,142.0
2022-04-18,0.9019316871649861,1.0,0.8750341317936781,8.0,0.8724075467051742,28.0,0.9155150210137782,36.0,1.5069338147634987,141.0
2022-04-25,0.9030522708411125,0.0,0.8491864402349601,8.0,0.8392264754893052,27.0,0.8789012087783739,35.0,1.443497302264718,140.0
2022-05-02,0.9457011244219228,1.0,0.8643461011385745,8.0,0.8451793599798157,27.0,0.8830667534979089,36.0,1.4473335770295273,140.0
2022-05-09,0.9807553623170239,2.0,0.8789618960326285,9.0,0.8526225874707594,27.0,0.8880194579375443,37.0,1.4529888005848948,141.0
2022-05-16,0.948783930796331,2.0,0.8359886754112393,8.0,0.8019041744371649,27.0,0.8327343436809946,36.0,1.3589064911985094,141.0
2022-05-23,0.9907616021398448,3.0,0.8727814621559761,9.0,0.8292761397273531,27.0,0.8582833023512566,37.0,1.3975804227683353,142.0
2022-05-30,1.0069763340930118,4.0,0.8938285271928429,10.0,0.8440820513918321,27.0,0.8704091378864066,38.0,1.4146091819650166,143.0
2022-06-06,0.9867494337567829,3.0,0.8786146337669734,9.0,0.8232661714878186,26.0,0.845595223477528,38.0,1.371434603171008,142.0
2022-06-13,0.9700675719347234,2.0,0.8576859160590229,9.0,0.7999013853714562,25.0,0.8184677081887874,37.0,1.3236191433497526,141.0
2022-06-20,1.0486487857518438,3.0,0.9478418280697174,9.0,0.8816716825186837,25.0,0.898989563159545,37.0,1.449443989618064,142.0
2022-06-27,0.9713772289705505,2.0,0.8836404976335485,8.0,0.8146313272492802,25.0,0.8278465867419592,36.0,1.3297052282703463,142.0
2022-07-04,1.0595365355486848,2.0,0.978728943850392,9.0,0.8997956294127719,25.0,0.911509247633104,36.0,1.4596143589633155,142.0
2022-07-11,0.9919337562075737,2.0,0.9247950509114632,9.0,0.8477654689265438,24.0,0.8561646764483215,35.0,1.3654131896321453,141.0
2022-07-18,0.952339935588578,2.0,0.8978255731827135,8.0,0.8184899917544965,23.0,0.8238544581824538,35.0,1.3082872484516548,140.0
2022-07-25,1.028541487769636,2.0,0.9723698412210745,9.0,0.884919047635172,23.0,0.8867177497553935,36.0,1.4037034808073203,140.0
2022-08-01,1.0259383165204878,3.0,0.9903597734294572,10.0,0.900686506623745,23.0,0.8986245593351186,36.0,1.418020988335382,141.0
2022-08-08,1.0598181701649387,3.0,1.0333043283028642,10.0,0.9373044837751082,24.0,0.9320652637988113,36.0,1.466115164901736,141.0
2022-08-15,1.011318700966747,3.0,1.0045710715160896,9.0,0.9060531217276363,24.0,0.8981240804722272,35.0,1.4074900598877336,140.0
2022-08-22,0.9481539668028466,3.0,0.9579754196230588,9.0,0.8580358431200104,23.0,0.8477412568332913,34.0,1.3224491595327532,140.0
2022-08-29,0.9385632989956337,2.0,0.9452381939824853,9.0,0.8415929542238432,23.0,0.8294789734266822,34.0,1.2877856051746053,140.0
2022-09-05,0.9761933656583277,2.0,0.9784706478861249,10.0,0.8695653492107835,23.0,0.8547145727198829,34.0,1.3207781218033972,140.0
2022-09-12,0.9361167535678284,1.0,0.9132137510002664,10.0,0.8111659377443715,22.0,0.794816688026373,33.0,1.2214121413118568,140.0
2022-09-19,0.9275852909109157,1.0,0.8797426637117104,10.0,0.7812820177761848,22.0,0.7634354505450346,32.0,1.1662437006094897,139.0
2022-09-26,0.9255694178036471,1.0,0.860040240300778,9.0,0.7640257119206159,21.0,0.7434294458177078,31.0,1.1284490154229638,138.0
2022-10-03,0.9756025924751623,2.0,0.8971064907225021,9.0,0.7977614927169058,21.0,0.7735035528827074,31.0,1.1660383560947183,139.0
2022-10-10,0.9802299869221373,1.0,0.8801547243999882,9.0,0.7854915515324996,20.0,0.7584949194808156,31.0,1.1356632406333729,139.0
2022-10-17,1.0280620274486307,2.0,0.9236084285843936,9.0,0.8269981429849179,20.0,0.7955611291701328,31.0,1.183348972963793,139.0
2022-10-24,0.983583189163326,2.0,0.8859166934636876,8.0,0.793292116913542,20.0,0.7611085206479996,30.0,1.124088757479571,138.0
2022-10-31,0.9002927931257462,2.0,0.8039723601001564,8.0,0.7190074186060142,20.0,0.6876987351683621,29.0,1.0076967935184193,137.0
2022-11-07,1.0104038500971506,2.0,0.9014133637585368,9.0,0.8094512942867182,20.0,0.7719035547039185,29.0,1.1222940762899798,137.0
2022-11-14,1.020259146948099,3.0,0.9198495446442778,9.0,0.8248769199765698,21.0,0.785113676547601,29.0,1.1324903567955473,138.0
2022-11-21,1.0264823807061583,2.0,0.9227130791486298,9.0,0.8304191182296928,20.0,0.787958150692471,29.0,1.1277865434953547,138.0
2022-11-28,1.0510570097698113,3.0,0.9616215301269502,9.0,0.8646216857060232,21.0,0.8182960319478342,30.0,1.1626330720330182,138.0
2022-12-05,0.9574511703765447,3.0,0.8956255873957077,9.0,0.804392809937073,21.0,0.7601723944101434,29.0,1.0713404265785698,137.0
2022-12-12,0.9461429514888346,2.0,0.8814268693934638,9.0,0.7922717339845362,20.0,0.7465353562355376,29.0,1.0441261628039187,137.0
2022-12-19,0.9510345628361926,1.0,0.8821746185617685,8.0,0.7888888312889001,20.0,0.7427755801031419,28.0,1.0305531848204357,136.0
2022-12-26,0.9575869066746053,1.0,0.8837565848496773,7.0,0.7858099707838627,19.0,0.738979758077531,27.0,1.016669825879214,136.0
2023-01-02,0.9781861250565819,0.0,0.8926820399003944,6.0,0.7887449516385698,18.0,0.7391637651430485,27.0,1.008424919793076,136.0
2023-01-09,1.030286896637105,1.0,0.9512791839300457,7.0,0.8367033974930514,19.0,0.7838537423409918,27.0,1.059502153731222,136.0
2023-01-16,1.0820000587695189,2.0,1.0237111851151108,8.0,0.9004030607627586,20.0,0.8442434847779843,27.0,1.1309575087306725,137.0
2023-01-23,1.0721129000928464,3.0,1.042536290658967,9.0,0.9192444445796589,20.0,0.8620980980544113,27.0,1.1446788509390824,137.0
2023-01-30,1.0821317642572514,4.0,1.092756897237709,9.0,0.965348507136449,21.0,0.9062126713818686,27.0,1.193142391723384,137.0
2023-02-06,0.96232272284509,4.0,0.9894550694701824,9.0,0.8762650507986752,21.0,0.8223769538029421,27.0,1.0735538846222434,137.0
2023-02-13,0.9561112389977339,3.0,0.9888883457103409,9.0,0.8809270889397823,20.0,0.8254807876031045,27.0,1.0684580418977883,136.0
2023-02-20,0.9216470948946974,2.0,0.9372798764046554,9.0,0.8406357266216176,19.0,0.786212654043124,26.0,1.0077007797754198,135.0
2023-02-27,0.9833904899541569,2.0,0.9890099588026225,9.0,0.8927409239463706,20.0,0.8329806736814309,27.0,1.0584261702990838,136.0
2023-03-06,0.9810706861775512,1.0,0.9603153644575116,9.0,0.8715741677703157,20.0,0.812728845303665,26.0,1.022826692745987,135.0
2023-03-13,1.0866936838587817,2.0,1.0806008399625522,9.0,0.9861050125896846,21.0,0.9204871882228566,27.0,1.149107540073781,135.0
2023-03-20,1.0981569569177612,3.0,1.113268161363435,10.0,1.023534068711688,22.0,0.9570523060462819,28.0,1.1868192211239967,135.0
