Date,Close_Ratio_1,Trend_1,Close_Ratio_6,Trend_6,Close_Ratio_50,Trend_50
2005-08-01,1.0,0.0,0.9903566674545828,2.0,1.4502163596458757,35.0
2005-08-08,1.0,0.0,0.9822959390770685,1.0,1.411464381375321,35.0
2005-08-15,1.0,0.0,0.9581274917655093,0.0,1.340599292664315,34.0
2005-08-22,1.0,1.0,0.9802224949601889,1.0,1.3349539549842673,34.0
2005-08-29,1.0,1.0,1.005133940022777,2.0,1.3363693672073342,34.0
2005-09-05,1.0,1.0,1.035397174062389,3.0,1.3630240176547372,34.0
2005-09-12,1.0,1.0,1.0345540350497917,4.0,1.3474958843988396,34.0
2005-09-19,1.0,1.0,1.07102589208139,5.0,1.3933254735422778,34.0
2005-09-26,1.0,0.0,1.0530297045850099,5.0,1.3772111579947242,33.0
2005-10-03,1.0,1.0,1.024768738093088,5.0,1.345647099519814,33.0
2005-10-10,1.0,1.0,0.965547963341813,5.0,1.2617572864940898,33.0
2005-10-17,1.0,1.0,1.084181717848915,5.0,1.4274590815692318,34.0
2005-10-24,1.0,1.0,1.1083021785497835,5.0,1.482253697932718,34.0
2005-10-31,1.0,1.0,1.1630960690137475,5.0,1.5867307654915765,35.0
2005-11-07,1.0,1.0,1.1218229762961611,6.0,1.5598554607797535,35.0
2005-11-14,1.0,1.0,1.103900707649985,6.0,1.5714488892213379,35.0
2005-11-21,1.0,1.0,1.1143937953322633,6.0,1.649711034139274,35.0
2005-11-28,1.0,1.0,1.0505841604748094,6.0,1.578802589307996,35.0
2005-12-05,1.0,1.0,1.0076501652988485,6.0,1.5212258694152265,35.0
2005-12-12,1.0,1.0,1.0422488235171599,6.0,1.5713769769122332,35.0
2005-12-19,1.0,1.0,1.0273242514626932,6.0,1.5474227310119744,36.0
2005-12-26,1.0,1.0,0.9832902802112834,6.0,1.4670758698148063,37.0
2006-01-02,1.0,0.0,1.0877788864663511,5.0,1.6150368477083785,36.0
2006-01-09,1.0,0.0,1.0689517242814153,4.0,1.5867155940926427,36.0
2006-01-16,1.0,0.0,0.9192462883130861,3.0,1.3416043625510388,35.0
2006-01-23,1.0,0.0,0.9962805655793143,2.0,1.4322208080498677,35.0
2006-01-30,1.0,0.0,0.893814382685065,1.0,1.245504215614014,35.0
2006-02-06,1.0,0.0,0.8671353376945791,0.0,1.1701754541375222,35.0
2006-02-13,1.0,1.0,0.9172467481332474,1.0,1.176110041022517,36.0
2006-02-20,1.0,0.0,0.9746648726403961,1.0,1.1885655349740363,36.0
2006-02-27,1.0,0.0,0.9857080246317341,1.0,1.1763411270094724,35.0
2006-03-06,1.0,0.0,0.9179551327495056,1.0,1.0395701173919933,34.0
2006-03-13,1.0,1.0,0.9420162873901553,2.0,1.036424093669897,34.0
2006-03-20,1.0,1.0,1.0126325484282492,3.0,1.1040572565030076,34.0
2006-03-27,1.0,1.0,1.0691424264952016,3.0,1.1627095327802153,34.0
2006-04-03,1.0,1.0,1.099001996649061,4.0,1.1972983361347456,34.0
2006-04-10,1.0,1.0,1.076536662582582,5.0,1.1729103537487884,34.0
2006-04-17,1.0,0.0,1.1202857121967977,5.0,1.2594538355328353,33.0
2006-04-24,1.0,0.0,1.0365747154879503,4.0,1.1912919853618282,32.0
2006-05-01,1.0,0.0,0.9665558658773044,3.0,1.1142101306103536,31.0
2006-05-08,1.0,0.0,0.9230978380587357,2.0,1.050792432687803,30.0
2006-05-15,1.0,1.0,0.9267296310944528,2.0,1.0340351877991778,30.0
2006-05-22,1.0,1.0,0.9634754505584431,2.0,1.0598419960184011,30.0
2006-05-29,1.0,1.0,0.9825045677922736,3.0,1.0487544718280484,30.0
2006-06-05,1.0,1.0,1.0147037613611773,4.0,1.063211854157151,30.0
2006-06-12,1.0,1.0,1.0271622615625113,5.0,1.0687244275212764,30.0
2006-06-19,1.0,1.0,1.050247758837139,6.0,1.1009151638618628,30.0
2006-06-26,1.0,0.0,1.0650778027275514,5.0,1.1329832440342686,30.0
2006-07-03,1.0,0.0,1.0505340526926632,4.0,1.1288084586922058,30.0
2006-07-10,1.0,0.0,0.9981817950179785,3.0,1.0766110130172728,30.0
2006-07-17,1.0,0.0,0.9636509224026,2.0,1.0354820447629656,30.0
2006-07-24,1.0,0.0,0.9597547291576239,1.0,1.0248464867148772,30.0
2006-07-31,1.0,0.0,0.9364354374426397,0.0,0.9822973813208968,30.0
2006-08-07,1.0,0.0,0.9430460963533485,0.0,0.9639384480270803,29.0
2006-08-14,1.0,1.0,0.9968449914887054,1.0,0.9978552106615193,29.0
2006-08-21,1.0,0.0,0.983470919019835,1.0,0.9678287463493379,28.0
2006-08-28,1.0,1.0,1.002608450397742,2.0,0.9776998437441902,28.0
2006-09-04,1.0,1.0,1.0051786563613938,3.0,0.9726239362972459,28.0
2006-09-11,1.0,1.0,1.073241872785538,4.0,1.05002237011366,29.0
2006-09-18,1.0,1.0,1.0412381318421722,5.0,1.0296060845711785,29.0
2006-09-25,1.0,1.0,1.0281971841264688,5.0,1.019314478510867,29.0
2006-10-02,1.0,1.0,1.054541042653009,6.0,1.0621460213493712,29.0
2006-10-09,1.0,1.0,1.0502168717512703,6.0,1.0755659716715817,29.0
2006-10-16,1.0,1.0,1.093138035731283,6.0,1.1530261372175459,29.0
2006-10-23,1.0,1.0,1.1015511755808909,6.0,1.18693175443746,29.0
2006-10-30,1.0,1.0,1.0656648030444233,6.0,1.1742399971755195,29.0
2006-11-06,1.0,1.0,1.0415246342623627,6.0,1.1759654713762075,29.0
2006-11-13,1.0,1.0,1.0664324624431143,6.0,1.2336754066649989,29.0
2006-11-20,1.0,0.0,1.0506204743758634,5.0,1.2431436279938044,28.0
2006-11-27,1.0,0.0,0.9929985739820223,4.0,1.180627058456378,27.0
2006-12-04,1.0,0.0,0.9967776676620965,3.0,1.1856583454162843,26.0
2006-12-11,1.0,0.0,0.9860566805084184,2.0,1.172568464642576,25.0
2006-12-18,1.0,1.0,0.9410930277431144,2.0,1.1127665883018112,26.0
2006-12-25,1.0,1.0,0.9639287406322177,2.0,1.1250520995180804,27.0
2007-01-01,1.0,1.0,1.026217690840513,3.0,1.1852294829791656,28.0
2007-01-08,1.0,1.0,1.0547715426494375,4.0,1.2242976287851333,29.0
2007-01-15,1.0,0.0,1.020915112549766,4.0,1.1811296858077354,29.0
2007-01-22,1.0,0.0,1.0280596220559064,4.0,1.1881814674821447,29.0
2007-01-29,1.0,0.0,0.9894648850791156,3.0,1.1476171713519927,28.0
2007-02-05,1.0,0.0,0.9487089544510127,2.0,1.0964623449866147,28.0
2007-02-12,1.0,0.0,0.9709771405957731,1.0,1.1107329226086495,28.0
2007-02-19,1.0,0.0,0.9840323166729934,0.0,1.105384304897864,28.0
2007-02-26,1.0,0.0,0.933868350542419,0.0,1.0255997670473531,27.0
2007-03-05,1.0,1.0,0.9791647172254564,1.0,1.0546868922792403,27.0
2007-03-12,1.0,1.0,0.9671510184126932,2.0,1.024064649333023,27.0
2007-03-19,1.0,1.0,1.0131998344513207,3.0,1.0700322537348552,27.0
2007-03-26,1.0,1.0,1.0094965589869718,4.0,1.0587816268597519,27.0
2007-04-02,1.0,1.0,1.0385721706980982,5.0,1.0879025761414507,28.0
2007-04-09,1.0,1.0,1.0167684295047745,6.0,1.0734634961675067,29.0
2007-04-16,1.0,1.0,1.0409043551548764,6.0,1.1062436686506454,30.0
2007-04-23,1.0,0.0,1.0194304201843627,5.0,1.0930306342843263,30.0
2007-04-30,1.0,0.0,0.9993459801359571,4.0,1.0700896217593712,29.0
2007-05-07,1.0,1.0,0.9870609325928192,4.0,1.056044494411282,29.0
2007-05-14,1.0,1.0,0.9950493465408006,4.0,1.0597863010071376,29.0
2007-05-21,1.0,1.0,1.0167987242254652,4.0,1.0847905068263242,29.0
2007-05-28,1.0,1.0,1.0457280327624645,4.0,1.1171623595204685,29.0
2007-06-04,1.0,1.0,1.0637469258528298,5.0,1.1451943375915021,29.0
2007-06-11,1.0,1.0,1.0316004966518475,6.0,1.119561555266735,30.0
2007-06-18,1.0,1.0,1.049750043380226,6.0,1.1564582484263561,31.0
2007-06-25,1.0,1.0,1.0272586515769389,6.0,1.1454204628072258,32.0
2007-07-02,1.0,0.0,1.0410246641774077,5.0,1.174332414511796,32.0
2007-07-09,1.0,0.0,1.0481993554956468,4.0,1.193586885651557,32.0
2007-07-16,1.0,0.0,0.9859316149908206,3.0,1.117261822434482,32.0
2007-07-23,1.0,0.0,0.9684950782388926,2.0,1.0928508095830438,32.0
2007-07-30,1.0,0.0,0.9583173141882618,1.0,1.0684132828746415,31.0
2007-08-06,1.0,1.0,0.9847819746122985,1.0,1.0889040060995354,32.0
2007-08-13,1.0,0.0,0.966896110333161,1.0,1.0503492828859622,31.0
2007-08-20,1.0,1.0,1.0078935784516647,2.0,1.075576094741417,31.0
2007-08-27,1.0,1.0,1.0099871271001806,3.0,1.071382654566168,31.0
2007-09-03,1.0,1.0,1.0155488004805853,4.0,1.0747424912614507,31.0
2007-09-10,1.0,1.0,1.025325284391231,5.0,1.088480316562532,31.0
2007-09-17,1.0,1.0,1.0707696681717183,5.0,1.1464279263801755,31.0
2007-09-24,1.0,1.0,1.0617334128311513,6.0,1.1544886361967144,31.0
2007-10-01,1.0,1.0,1.0850988211777248,6.0,1.2024135190989598,31.0
2007-10-08,1.0,1.0,1.1225245596611622,6.0,1.2817223470900743,31.0
2007-10-15,1.0,1.0,1.0951201163440092,6.0,1.2874887294286337,31.0
2007-10-22,1.0,1.0,1.1004535577444408,6.0,1.3364476953157063,31.0
2007-10-29,1.0,0.0,1.1144421213664253,5.0,1.3972922146307476,30.0
2007-11-05,1.0,0.0,1.0147351921042111,4.0,1.2963110157386932,30.0
2007-11-12,1.0,1.0,0.9587018451809073,4.0,1.2297377820272748,31.0
2007-11-19,1.0,1.0,1.0138182337737027,4.0,1.303582326741829,32.0
2007-11-26,1.0,1.0,1.0258687313545296,4.0,1.3241312379567185,33.0
2007-12-03,1.0,1.0,1.0478328414581062,4.0,1.3525171642771836,33.0
2007-12-10,1.0,0.0,1.016608002093619,4.0,1.2941504032560294,32.0
2007-12-17,1.0,0.0,1.018341699753788,4.0,1.2965837546974652,31.0
2007-12-24,1.0,0.0,1.0099262983330046,3.0,1.2979096933857268,30.0
2007-12-31,1.0,0.0,0.9489534449855321,2.0,1.2063390417456379,30.0
2008-01-07,1.0,0.0,0.9341838742400586,1.0,1.165814697232391,30.0
2008-01-14,1.0,0.0,0.9038367485657747,0.0,1.0916689465196878,30.0
2008-01-21,1.0,0.0,0.8801591622715158,0.0,1.0262052211644603,30.0
2008-01-28,1.0,0.0,0.8410658968300944,0.0,0.9331550654288777,30.0
2008-02-04,1.0,0.0,0.8871509176155005,0.0,0.9330290033441077,30.0
2008-02-11,1.0,0.0,0.9437829955966204,0.0,0.9532822762255481,30.0
2008-02-18,1.0,0.0,0.9413349815849336,0.0,0.9121724724490563,29.0
2008-02-25,1.0,0.0,0.9097279969147335,0.0,0.8454697892318223,28.0
2008-03-03,1.0,0.0,0.8741124603741697,0.0,0.7783844871765948,27.0
2008-03-10,1.0,1.0,0.9071111032560739,1.0,0.7871654546766005,27.0
2008-03-17,1.0,1.0,0.9245976202423526,2.0,0.7803753024774693,27.0
2008-03-24,1.0,1.0,0.9656855513454597,3.0,0.7893308299095668,27.0
2008-03-31,1.0,1.0,1.052648438521023,4.0,0.8491565840727988,27.0
2008-04-07,1.0,1.0,1.0274234203006203,5.0,0.8252114054420661,28.0
2008-04-14,1.0,1.0,1.165242126319968,6.0,0.9706705976547964,29.0
2008-04-21,1.0,1.0,1.1320275854889503,6.0,0.9763214460875709,29.0
2008-04-28,1.0,1.0,1.150545319065538,6.0,1.0389930652873187,29.0
2008-05-05,1.0,0.0,1.0861203218083124,5.0,1.02125901431802,28.0
2008-05-12,1.0,1.0,1.06256790137831,5.0,1.0305734049588895,28.0
2008-05-19,1.0,0.0,0.9717692799892835,4.0,0.9665911759672668,27.0
2008-05-26,1.0,1.0,1.03102339665243,4.0,1.0367367341780909,27.0
2008-06-02,1.0,0.0,0.9912645395437982,3.0,1.001974647883146,26.0
2008-06-09,1.0,0.0,1.002004555656755,2.0,1.008205221613427,25.0
2008-06-16,1.0,0.0,0.9655860974109817,2.0,0.9637223666912159,25.0
2008-06-23,1.0,0.0,0.9476554964119435,1.0,0.9321333873762108,25.0
2008-06-30,1.0,0.0,0.9658823941015783,1.0,0.9473319281891234,25.0
2008-07-07,1.0,0.0,0.9753304545097795,0.0,0.9409592730332798,25.0
2008-07-14,1.0,0.0,0.9030026941960029,0.0,0.8490988422391162,25.0
2008-07-21,1.0,1.0,0.9465401181903155,1.0,0.8686326828790585,25.0
2008-07-28,1.0,1.0,0.923398735756166,2.0,0.8269864404593356,26.0
2008-08-04,1.0,1.0,0.9877251894072954,3.0,0.8755954393091049,26.0
2008-08-11,1.0,0.0,1.0271063096752424,3.0,0.9025385781180111,25.0
2008-08-18,1.0,0.0,1.0022574818451215,3.0,0.8688178689517249,24.0
2008-08-25,1.0,0.0,0.9523310176598341,3.0,0.822377216171796,23.0
2008-09-01,1.0,0.0,0.9283737284390859,2.0,0.7918364785253394,22.0
2008-09-08,1.0,0.0,0.9243246545685796,1.0,0.7837114051777828,21.0
2008-09-15,1.0,0.0,0.96415498760144,0.0,0.8084818735604686,20.0
2008-09-22,1.0,0.0,0.9522308553989878,0.0,0.7816903438214556,19.0
2008-09-29,1.0,0.0,0.8886651851386719,0.0,0.7082834282023759,18.0
2008-10-06,1.0,0.0,0.8028987956877504,0.0,0.6154845592561115,17.0
2008-10-13,1.0,1.0,0.9277549117322186,1.0,0.699424098236834,18.0
2008-10-20,1.0,0.0,0.8809180403749752,1.0,0.6448607275138266,18.0
2008-10-27,1.0,0.0,0.9707447830464206,1.0,0.6902019885336486,17.0
2008-11-03,1.0,0.0,0.9366408478476945,1.0,0.6445572744622047,16.0
2008-11-10,1.0,0.0,0.9098833741322823,1.0,0.6125807596052246,15.0
2008-11-17,1.0,0.0,0.7973445642627018,1.0,0.5279861442505662,14.0
2008-11-24,1.0,1.0,0.9274798795139209,1.0,0.5989781693088474,15.0
2008-12-01,1.0,1.0,0.9261046721987283,2.0,0.5906053940846225,16.0
2008-12-08,1.0,1.0,1.0547013257665463,3.0,0.6674132262223091,17.0
2008-12-15,1.0,1.0,1.048267110600932,4.0,0.6653530260999142,18.0
2008-12-22,1.0,1.0,1.0206663990278257,5.0,0.6537868594104904,19.0
2008-12-29,1.0,0.0,1.0566492970571941,5.0,0.7080072148699279,19.0
2009-01-05,1.0,1.0,1.0236912144272479,5.0,0.7020110065532567,20.0
2009-01-12,1.0,1.0,0.9654576322053328,5.0,0.6741944835618032,21.0
2009-01-19,1.0,1.0,1.0410999239076917,5.0,0.7368723067678584,22.0
2009-01-26,1.0,1.0,1.0692390916984948,5.0,0.7749803305139832,23.0
2009-02-02,1.0,1.0,1.1304749935972742,5.0,0.8552994576724092,24.0
2009-02-09,1.0,0.0,1.06933476015299,5.0,0.8283011903034575,24.0
2009-02-16,1.0,0.0,1.019815466911675,4.0,0.8055373550499337,24.0
2009-02-23,1.0,0.0,0.9765533552209471,3.0,0.789535779997879,23.0
2009-03-02,1.0,0.0,0.8985294426996804,2.0,0.7250449418953894,22.0
2009-03-09,1.0,1.0,0.95119688788549,2.0,0.766381016739329,22.0
2009-03-16,1.0,1.0,0.9878769888142694,2.0,0.7851687723532765,22.0
2009-03-23,1.0,1.0,1.0455622834377174,3.0,0.8312204006553345,22.0
2009-03-30,1.0,1.0,1.0991073535924893,4.0,0.8912337443684152,22.0
2009-04-06,1.0,1.0,1.0885818708291675,5.0,0.9052758596615054,22.0
2009-04-13,1.0,1.0,1.1013852925604073,6.0,0.9620899161748141,22.0
2009-04-20,1.0,1.0,1.0613432787830392,6.0,0.9640326040921101,23.0
2009-04-27,1.0,1.0,1.0427033067096954,6.0,0.9835021753301849,23.0
2009-05-04,1.0,0.0,1.0511605511232003,5.0,1.0246052548376507,23.0
2009-05-11,1.0,1.0,0.9977613783620284,5.0,0.9907725513970049,23.0
2009-05-18,1.0,1.0,0.9977812780241829,5.0,1.0085548727673161,24.0
2009-05-25,1.0,1.0,1.046896182661434,5.0,1.0779003358970154,25.0
2009-06-01,1.0,1.0,1.0898788606787604,5.0,1.153974783984357,26.0
2009-06-08,1.0,0.0,1.0289922287254067,4.0,1.1093303188676011,26.0
2009-06-15,1.0,0.0,1.0122731832330343,4.0,1.1036655623278497,26.0
2009-06-22,1.0,0.0,1.010541360219141,3.0,1.1238116726561662,26.0
2009-06-29,1.0,1.0,0.9648268669306252,3.0,1.083512350619803,27.0
2009-07-06,1.0,1.0,0.9798774843915227,3.0,1.103730966508402,27.0
2009-07-13,1.0,1.0,1.0230284641604261,3.0,1.1482469250202414,27.0
2009-07-20,1.0,1.0,1.0530592265803824,4.0,1.1952828755502298,27.0
2009-07-27,1.0,1.0,1.035070906559672,5.0,1.1897352307115068,28.0
2009-08-03,1.0,1.0,1.0548420822210633,6.0,1.2296757463645238,29.0
2009-08-10,1.0,1.0,1.040912384386393,6.0,1.237696333807717,30.0
2009-08-17,1.0,1.0,1.0329638136273371,6.0,1.2503830135364007,31.0
2009-08-24,1.0,1.0,1.0188683584968248,6.0,1.2472499168298683,32.0
2009-08-31,1.0,1.0,1.0059459899591707,6.0,1.2371843275909546,33.0
2009-09-07,1.0,1.0,1.0188129792751186,6.0,1.2634712827596006,34.0
2009-09-14,1.0,1.0,1.0475577527942184,6.0,1.3078542524088188,35.0
2009-09-21,1.0,1.0,1.0377576108881033,6.0,1.2994695429371548,36.0
2009-09-28,1.0,1.0,1.01422181039473,6.0,1.2711087617951264,36.0
2009-10-05,1.0,1.0,1.0614383756401444,6.0,1.3417266906172045,37.0
2009-10-12,1.0,1.0,1.0972275666962232,6.0,1.4150413630893164,38.0
2009-10-19,1.0,1.0,1.0757145846562892,6.0,1.408786498056226,39.0
2009-10-26,1.0,1.0,1.0267318525313376,6.0,1.3485660521107374,40.0
2009-11-02,1.0,1.0,1.0360353343653754,6.0,1.3664033753661062,41.0
2009-11-09,1.0,1.0,1.0467329070408324,6.0,1.3989856779841192,41.0
2009-11-16,1.0,1.0,1.0261014441606247,6.0,1.3746470747369277,41.0
2009-11-23,1.0,1.0,1.0344605851077657,6.0,1.3807004605625528,41.0
2009-11-30,1.0,1.0,1.0341956387987685,6.0,1.375201110333461,41.0
2009-12-07,1.0,1.0,1.027453348053609,6.0,1.3694490079225696,41.0
2009-12-14,1.0,1.0,1.024275042121353,6.0,1.3657286641136281,42.0
2009-12-21,1.0,1.0,1.048229712746797,6.0,1.3968337322837614,42.0
2009-12-28,1.0,0.0,1.0361320999695784,5.0,1.3802515085141138,41.0
2010-01-04,1.0,0.0,0.9999169844741675,4.0,1.323919910210848,40.0
2010-01-11,1.0,0.0,0.9646810352640042,3.0,1.262091034704258,39.0
2010-01-18,1.0,0.0,0.9251873507142422,2.0,1.187594649703901,38.0
2010-01-25,1.0,0.0,0.9083569937110783,1.0,1.1358098151660563,38.0
2010-02-01,1.0,1.0,0.9339337377693476,1.0,1.129751882925233,39.0
2010-02-08,1.0,0.0,0.9616219264639858,1.0,1.124312998759082,39.0
2010-02-15,1.0,1.0,0.9937031812542639,2.0,1.1293649162043211,40.0
2010-02-22,1.0,1.0,0.9840842853985101,3.0,1.0909872674479104,40.0
2010-03-01,1.0,1.0,1.0493285667868795,4.0,1.1572436616105983,40.0
2010-03-08,1.0,0.0,1.061519266369041,4.0,1.177488338489719,39.0
2010-03-15,1.0,0.0,1.0168168256900985,3.0,1.1290604866563976,38.0
2010-03-22,1.0,1.0,1.0126394528509823,4.0,1.125849676656358,38.0
2010-03-29,1.0,0.0,1.015097976594568,3.0,1.130090307475865,37.0
2010-04-05,1.0,0.0,0.9987829132452154,2.0,1.1171194059195821,36.0
2010-04-12,1.0,0.0,0.9744641793853647,1.0,1.0787542335087308,35.0
2010-04-19,1.0,0.0,0.975271780640097,1.0,1.062898193945987,35.0
2010-04-26,1.0,0.0,0.9504753836841664,1.0,1.0198784364569249,34.0
2010-05-03,1.0,0.0,0.9106925111738262,0.0,0.9530262332658256,33.0
2010-05-10,1.0,0.0,0.9552816742930553,0.0,0.9774244858250349,32.0
2010-05-17,1.0,0.0,0.9155471377732327,0.0,0.9081255153403016,31.0
2010-05-24,1.0,1.0,0.9619483250419205,1.0,0.9320705214350087,32.0
2010-05-31,1.0,1.0,1.003201700590295,2.0,0.9543137752201978,33.0
2010-06-07,1.0,0.0,0.995053556829578,2.0,0.9325027900827971,33.0
2010-06-14,1.0,0.0,1.0161628087439547,2.0,0.9511883325362915,32.0
2010-06-21,1.0,0.0,0.9720558809937077,2.0,0.8971721383589467,31.0
2010-06-28,1.0,0.0,0.9088133555376497,2.0,0.8283973644832047,30.0
2010-07-05,1.0,1.0,0.9793887840026305,2.0,0.8864104050901795,30.0
2010-07-12,1.0,1.0,0.9762112428653633,2.0,0.8709221697852826,30.0
2010-07-19,1.0,1.0,1.0403125199143213,3.0,0.9274638483794946,30.0
2010-07-26,1.0,0.0,1.0348102265363794,3.0,0.9167412984765554,29.0
2010-08-02,1.0,0.0,1.0572569717130347,3.0,0.9445530594503793,28.0
2010-08-09,1.0,0.0,1.0102195363481785,3.0,0.9176141505001715,27.0
2010-08-16,1.0,0.0,0.9615034079350735,2.0,0.8716862232026551,26.0
2010-08-23,1.0,1.0,0.9551230513862135,2.0,0.8661025907211763,26.0
2010-08-30,1.0,1.0,0.9857576213375715,2.0,0.8884636040591043,26.0
2010-09-06,1.0,1.0,1.0010441568993864,3.0,0.9000517586901524,26.0
2010-09-13,1.0,1.0,1.0341480352206371,4.0,0.9263398997797522,26.0
2010-09-20,1.0,1.0,1.0967196359031535,5.0,0.9961155917775275,26.0
2010-09-27,1.0,1.0,1.0696631568653463,6.0,0.9938705831255245,26.0
2010-10-04,1.0,1.0,1.063535843891317,6.0,1.0148249056177177,26.0
2010-10-11,1.0,1.0,1.1430788881323883,6.0,1.135193846843996,26.0
2010-10-18,1.0,1.0,1.1159262151884006,6.0,1.1534319441037026,26.0
2010-10-25,1.0,0.0,1.077630839400863,5.0,1.1538251534201782,25.0
2010-11-01,1.0,0.0,1.0670748439120434,4.0,1.1727900800609907,24.0
2010-11-08,1.0,0.0,1.0076105393352142,3.0,1.1309086732756377,23.0
2010-11-15,1.0,0.0,0.9720583100791449,2.0,1.1073099091044123,22.0
2010-11-22,1.0,1.0,0.9737499939438456,2.0,1.1057754728282485,22.0
2010-11-29,1.0,1.0,0.9560889081749564,2.0,1.0748577798135799,22.0
2010-12-06,1.0,1.0,0.9940829520497083,3.0,1.1119886433560073,22.0
2010-12-13,1.0,1.0,1.0013191270984871,4.0,1.1105580181507788,23.0
2010-12-20,1.0,1.0,1.0238091783051166,5.0,1.1357087613421806,24.0
2010-12-27,1.0,1.0,1.0055329814726481,6.0,1.1158381322104092,25.0
2011-01-03,1.0,1.0,1.0358449717902642,6.0,1.1551672297016806,26.0
2011-01-10,1.0,0.0,1.0340297932472564,5.0,1.1655548318758286,26.0
2011-01-17,1.0,0.0,1.0081094332008569,4.0,1.1390669952927512,25.0
2011-01-24,1.0,1.0,0.9874850905316976,4.0,1.1160653207425957,26.0
2011-01-31,1.0,1.0,1.0020473104774614,4.0,1.131665711502349,26.0
2011-02-07,1.0,0.0,1.0157444576031616,3.0,1.1525364122632333,25.0
2011-02-14,1.0,0.0,1.0210448946266095,2.0,1.1600141354105178,24.0
2011-02-21,1.0,0.0,0.9923598641791466,2.0,1.1218594118550416,24.0
2011-02-28,1.0,0.0,0.9800147105425288,2.0,1.1028883494164363,24.0
2011-03-07,1.0,0.0,0.947256056380836,1.0,1.0584386920302584,23.0
2011-03-14,1.0,1.0,0.9343188359400844,1.0,1.0300088258821258,24.0
2011-03-21,1.0,1.0,0.9775704411454982,2.0,1.0637739718186991,25.0
2011-03-28,1.0,0.0,1.0087585976914788,2.0,1.0842457932596101,25.0
2011-04-04,1.0,0.0,0.994515632141104,2.0,1.057969870419285,25.0
2011-04-11,1.0,0.0,0.9315510666952779,2.0,0.9709455315304237,25.0
2011-04-18,1.0,1.0,0.9358514364790155,3.0,0.9595778663715054,26.0
2011-04-25,1.0,1.0,0.9746238617051269,3.0,0.9929716745445394,27.0
2011-05-02,1.0,0.0,0.971753238655099,2.0,0.9746616962823195,27.0
2011-05-09,1.0,0.0,0.9797681493528758,2.0,0.9626525879857556,26.0
2011-05-16,1.0,0.0,0.9860135114154089,2.0,0.9517422290353242,25.0
2011-05-23,1.0,0.0,0.9831455561913701,2.0,0.9449454028133765,25.0
2011-05-30,1.0,0.0,0.9878877471862042,1.0,0.9481071060657175,25.0
2011-06-06,1.0,0.0,0.9728516690859285,0.0,0.9222794878691234,25.0
2011-06-13,1.0,1.0,0.9411498263207211,1.0,0.8764115418974826,26.0
2011-06-20,1.0,1.0,0.9380592868183891,2.0,0.8578598916366682,26.0
2011-06-27,1.0,1.0,1.0302397433428894,3.0,0.939144786311698,26.0
2011-07-04,1.0,1.0,1.0480805875041905,4.0,0.957452630013659,26.0
2011-07-11,1.0,1.0,1.149250818063484,5.0,1.0712224345525339,27.0
2011-07-18,1.0,0.0,1.1488523342053645,5.0,1.1034969801174177,27.0
2011-07-25,1.0,0.0,1.0820626997476168,4.0,1.0730492406139296,27.0
2011-08-01,1.0,0.0,1.0065592684909759,3.0,1.0249703591983157,27.0
2011-08-08,1.0,0.0,0.9680283558306583,2.0,0.994246941266031,26.0
2011-08-15,1.0,0.0,0.8529654771898905,1.0,0.8651417567953825,25.0
2011-08-22,1.0,1.0,0.9345604331061832,1.0,0.9268214683640055,25.0
2011-08-29,1.0,1.0,0.9574111196984534,2.0,0.9221425555387895,25.0
2011-09-05,1.0,1.0,0.9809424728917635,3.0,0.9222391882042572,25.0
2011-09-12,1.0,0.0,1.032146781506011,3.0,0.9598872811836046,24.0
2011-09-19,1.0,0.0,1.0042679265703012,3.0,0.923067315470783,23.0
2011-09-26,1.0,1.0,0.9767556660641066,4.0,0.9074312468677422,23.0
2011-10-03,1.0,1.0,0.9805459240354147,4.0,0.9106981162741417,23.0
2011-10-10,1.0,1.0,1.102892934910071,4.0,1.0468662297877545,24.0
2011-10-17,1.0,1.0,1.0786781494259836,4.0,1.0460410894671253,25.0
2011-10-24,1.0,1.0,1.078748197203823,5.0,1.0632545126127306,26.0
2011-10-31,1.0,0.0,1.0493544595711262,5.0,1.0559691893571415,26.0
2011-11-07,1.0,0.0,1.0423139278779168,4.0,1.0768971907697533,25.0
2011-11-14,1.0,1.0,0.996537955766701,4.0,1.0522376084754985,25.0
2011-11-21,1.0,1.0,0.9507458270493384,4.0,0.996877596070365,25.0
2011-11-28,1.0,1.0,1.0388766919901813,4.0,1.0972936629463308,25.0
2011-12-05,1.0,1.0,1.0427599908638232,4.0,1.1088716778866645,25.0
2011-12-12,1.0,1.0,1.0318107062736475,5.0,1.1050418241542115,25.0
2011-12-19,1.0,1.0,1.0365862714023402,6.0,1.1170583891695012,25.0
2011-12-26,1.0,0.0,1.042957280881092,5.0,1.1386982878672376,25.0
2012-01-02,1.0,0.0,1.0255917232152045,4.0,1.1444208101683213,25.0
2012-01-09,1.0,0.0,0.9849005869347397,3.0,1.0994240051366957,24.0
2012-01-16,1.0,0.0,0.933600639123031,2.0,1.0317259338285472,23.0
2012-01-23,1.0,1.0,0.935446598225795,2.0,1.0227477631209954,24.0
2012-01-30,1.0,1.0,0.9714298254604588,2.0,1.0528328640893976,25.0
2012-02-06,1.0,1.0,0.9978700067533602,3.0,1.0699025658672467,26.0
2012-02-13,1.0,1.0,1.0083383334386407,4.0,1.0675084719562253,27.0
2012-02-20,1.0,0.0,1.021394186614716,4.0,1.0755346763792266,27.0
2012-02-27,1.0,1.0,1.030262475657291,5.0,1.0932291647084413,27.0
2012-03-05,1.0,1.0,0.9898908507654555,5.0,1.055513074061377,27.0
2012-03-12,1.0,1.0,1.022702549879983,5.0,1.0978217963446728,28.0
2012-03-19,1.0,1.0,1.0410052910599914,5.0,1.12609797889189,29.0
2012-03-26,1.0,0.0,1.0286529881884217,4.0,1.1193952848063662,29.0
2012-04-02,1.0,0.0,1.0082999071684622,4.0,1.0997072327895994,28.0
2012-04-09,1.0,0.0,0.9951036247280906,3.0,1.083247778499528,27.0
2012-04-16,1.0,0.0,0.9506917862325527,2.0,1.0315765424814434,27.0
2012-04-23,1.0,1.0,0.9834985544222079,2.0,1.0611827302999508,28.0
2012-04-30,1.0,0.0,0.9664478205697148,1.0,1.0275189021163442,28.0
2012-05-07,1.0,0.0,0.9894337159167864,1.0,1.038720829137963,28.0
2012-05-14,1.0,0.0,0.9901490797629691,1.0,1.027703843384785,28.0
2012-05-21,1.0,0.0,0.9844695505911006,1.0,1.009686036476949,28.0
2012-05-28,1.0,0.0,0.9569256410516114,1.0,0.9717574389921368,27.0
2012-06-04,1.0,1.0,0.9822707485802367,1.0,0.9843373865657449,27.0
2012-06-11,1.0,0.0,0.964122830119054,1.0,0.9558964178407372,26.0
2012-06-18,1.0,1.0,0.9854944522839191,2.0,0.9664064648262322,26.0
2012-06-25,1.0,1.0,1.0061867091644727,3.0,0.9815151998308872,26.0
2012-07-02,1.0,1.0,1.0180716974508512,4.0,0.992598625228626,27.0
2012-07-09,1.0,1.0,1.000031769835314,5.0,0.9774739008882978,28.0
2012-07-16,1.0,1.0,1.050306943050182,5.0,1.0345138278852326,29.0
2012-07-23,1.0,1.0,1.0702084402581244,6.0,1.0728115178151394,30.0
2012-07-30,1.0,1.0,1.0601430651565802,6.0,1.0780945935470727,31.0
2012-08-06,1.0,1.0,1.043447128165057,6.0,1.075059181961167,31.0
2012-08-13,1.0,1.0,1.074038400814991,6.0,1.1281485717975936,31.0
2012-08-20,1.0,1.0,1.0481095590611207,6.0,1.1248669525896537,31.0
2012-08-27,1.0,1.0,1.0382380409252383,6.0,1.1303881220889174,32.0
2012-09-03,1.0,1.0,1.0512513047294376,6.0,1.1582325196857006,33.0
2012-09-10,1.0,1.0,1.038888012194223,6.0,1.1566372440172539,33.0
2012-09-17,1.0,1.0,1.0508890718589874,6.0,1.1877836936589712,33.0
2012-09-24,1.0,1.0,1.0606742094781538,6.0,1.2145737234184941,33.0
2012-10-01,1.0,0.0,1.0571118866329186,5.0,1.2287338443514135,32.0
2012-10-08,1.0,0.0,1.011723624731238,4.0,1.1865859565478718,31.0
2012-10-15,1.0,0.0,0.9313307420804954,3.0,1.0833171387142104,31.0
2012-10-22,1.0,0.0,0.9295682100335445,2.0,1.0704942769880301,31.0
2012-10-29,1.0,0.0,0.9572703097657665,1.0,1.0875331541544397,30.0
2012-11-05,1.0,0.0,0.9426318671767289,0.0,1.0448798371846686,29.0
2012-11-12,1.0,1.0,0.9471342649794836,1.0,1.0190401857421858,29.0
2012-11-19,1.0,1.0,0.9962167842203314,2.0,1.0504344111883188,29.0
2012-11-26,1.0,1.0,1.0372807326429938,3.0,1.0957453111109294,29.0
2012-12-03,1.0,1.0,1.013974924895059,4.0,1.0718105375388984,29.0
2012-12-10,1.0,1.0,1.0366847790744294,5.0,1.0976878689503162,30.0
2012-12-17,1.0,1.0,1.0433647555158094,6.0,1.1167726934385653,31.0
2012-12-24,1.0,1.0,1.0076557317250758,6.0,1.0898452835416501,32.0
2012-12-31,1.0,1.0,1.0447530339968099,6.0,1.143533546640483,33.0
2013-01-07,1.0,1.0,1.037424951452793,6.0,1.1410055508446444,33.0
2013-01-14,1.0,1.0,0.9830212271792009,6.0,1.0826862590302058,33.0
2013-01-21,1.0,1.0,1.0391196553180655,6.0,1.1529986613609406,33.0
2013-01-28,1.0,1.0,1.0548194832628606,6.0,1.1803737564108698,33.0
2013-02-04,1.0,1.0,1.0478329053199296,6.0,1.188892793955258,34.0
2013-02-11,1.0,1.0,1.0451029167031032,6.0,1.194071481850353,34.0
2013-02-18,1.0,1.0,1.040442380910907,6.0,1.19715026745944,34.0
2013-02-25,1.0,1.0,1.0262462686741762,6.0,1.2003405264566127,34.0
2013-03-04,1.0,1.0,1.0412917111378808,6.0,1.231128244645734,34.0
2013-03-11,1.0,0.0,1.0115570191029464,5.0,1.1994859003699716,34.0
2013-03-18,1.0,0.0,1.0014294574357017,4.0,1.1873822056858896,34.0
2013-03-25,1.0,0.0,0.9812446532697945,3.0,1.1580054199276637,34.0
2013-04-01,1.0,1.0,0.9708113806705422,3.0,1.1355699733591107,35.0
2013-04-08,1.0,1.0,0.9827674158249192,3.0,1.1399330901223912,35.0
2013-04-15,1.0,1.0,1.0015547491478318,3.0,1.1473839012858595,36.0
2013-04-22,1.0,1.0,1.006200167325917,4.0,1.1431728866891624,37.0
2013-04-29,1.0,1.0,1.0540099398797647,5.0,1.1979797097233356,38.0
2013-05-06,1.0,1.0,1.0777578506703387,6.0,1.2367484417503765,39.0
2013-05-13,1.0,0.0,1.0852706016509852,5.0,1.2653982241179025,39.0
2013-05-20,1.0,0.0,1.0254768559902891,4.0,1.2056592741038104,38.0
2013-05-27,1.0,1.0,1.008922801825488,4.0,1.1926599540569454,39.0
2013-06-03,1.0,1.0,1.0036087669426728,4.0,1.1942309470572394,39.0
2013-06-10,1.0,1.0,0.9927241464996152,4.0,1.178426970596294,39.0
2013-06-17,1.0,1.0,0.9992740180944156,4.0,1.177008636605145,39.0
2013-06-24,1.0,1.0,1.004107861337076,5.0,1.1667866980781942,39.0
2013-07-01,1.0,1.0,1.0151796096416577,6.0,1.175368551664301,39.0
2013-07-08,1.0,0.0,1.0385256037197386,5.0,1.2050561879338988,38.0
2013-07-15,1.0,0.0,1.0056398598578542,4.0,1.1628377590290229,37.0
2013-07-22,1.0,0.0,0.9911115412113721,3.0,1.141044682777392,36.0
2013-07-29,1.0,0.0,1.0100345882153494,2.0,1.161524096689112,35.0
2013-08-05,1.0,0.0,0.9901842982410459,1.0,1.1346619124487558,34.0
2013-08-12,1.0,0.0,0.9594352426561045,0.0,1.08721139503472,33.0
2013-08-19,1.0,1.0,0.9840200617275042,1.0,1.0995084949404066,33.0
2013-08-26,1.0,1.0,0.9667164572924885,2.0,1.0663587993378596,33.0
2013-09-02,1.0,1.0,1.0051232719445653,3.0,1.1034615849448557,33.0
2013-09-09,1.0,0.0,1.0193652317379127,3.0,1.1116137108579418,32.0
2013-09-16,1.0,0.0,1.0329559991550454,3.0,1.1253561179885196,32.0
2013-09-23,1.0,0.0,0.9986857557704261,3.0,1.088489638225461,32.0
2013-09-30,1.0,1.0,0.9936780645813177,3.0,1.0783673103106444,33.0
2013-10-07,1.0,1.0,0.988559235872672,3.0,1.0727019552375996,34.0
2013-10-14,1.0,1.0,1.1187503697120587,3.0,1.2343887396409847,35.0
2013-10-21,1.0,1.0,1.0974245462021457,4.0,1.2284542623506314,36.0
2013-10-28,1.0,1.0,1.0859758731121512,5.0,1.2314604102786912,36.0
2013-11-04,1.0,1.0,1.0485309647925773,6.0,1.2081747037578507,36.0
2013-11-11,1.0,1.0,1.0378446189391077,6.0,1.2193001844330553,36.0
2013-11-18,1.0,1.0,1.0091619840944828,6.0,1.207425224416273,36.0
2013-11-25,1.0,1.0,1.0281774813704208,6.0,1.2295468281892112,36.0
2013-12-02,1.0,1.0,1.0290543013238989,6.0,1.2313525508980194,36.0
2013-12-09,1.0,1.0,1.0148300479742771,6.0,1.2108463293171743,36.0
2013-12-16,1.0,1.0,1.038921877542282,6.0,1.245994964601718,36.0
2013-12-23,1.0,1.0,1.0417999306553476,6.0,1.2553676569065033,36.0
2013-12-30,1.0,1.0,1.0177655918540218,6.0,1.2292744724402531,36.0
2014-01-06,1.0,1.0,1.0297986511368062,6.0,1.2468414687921525,36.0
2014-01-13,1.0,1.0,1.0356551581761948,6.0,1.2588778798412419,36.0
2014-01-20,1.0,1.0,1.0021430917037908,6.0,1.2206226840880035,36.0
2014-01-27,1.0,1.0,1.0406687790060518,6.0,1.2719612928697193,36.0
2014-02-03,1.0,1.0,1.0286388103382165,6.0,1.2579239773840856,36.0
2014-02-10,1.0,1.0,1.03604059677045,6.0,1.2742191844517532,36.0
2014-02-17,1.0,1.0,1.0260506560829985,6.0,1.2652880499562256,36.0
2014-02-24,1.0,0.0,1.0266620547919645,5.0,1.2670636395260395,36.0
2014-03-03,1.0,0.0,1.0129665546848365,4.0,1.2555805529894077,36.0
2014-03-10,1.0,0.0,0.9790643899195766,3.0,1.2027671981203374,36.0
2014-03-17,1.0,0.0,0.986843901463792,2.0,1.2033958958783086,35.0
2014-03-24,1.0,0.0,0.945920290496606,1.0,1.1327610904768215,34.0
2014-03-31,1.0,0.0,0.9327283078103495,0.0,1.0923303796983446,33.0
2014-04-07,1.0,0.0,0.9316231730373717,0.0,1.0615474643229257,32.0
2014-04-14,1.0,0.0,0.9611622530491565,0.0,1.0676951703956599,31.0
2014-04-21,1.0,0.0,0.945113676914042,0.0,1.0248993573332743,30.0
2014-04-28,1.0,1.0,0.9855753268037858,1.0,1.045166748880687,31.0
2014-05-05,1.0,1.0,0.9809939897410948,2.0,1.023609154555968,32.0
2014-05-12,1.0,1.0,0.9916226849419648,3.0,1.023905228563953,32.0
2014-05-19,1.0,1.0,1.0453713075007176,4.0,1.082154706153002,32.0
2014-05-26,1.0,0.0,1.0510879395822066,4.0,1.0909858168351791,31.0
2014-06-02,1.0,0.0,1.0314472912588255,4.0,1.0791575215942775,30.0
2014-06-09,1.0,1.0,1.0154967371754666,4.0,1.0656616911301844,30.0
2014-06-16,1.0,1.0,1.0122783557015684,4.0,1.0699970584317295,30.0
2014-06-23,1.0,1.0,1.0325434852167221,4.0,1.105213838868895,31.0
2014-06-30,1.0,1.0,1.03604806188356,4.0,1.1137170511574193,32.0
2014-07-07,1.0,1.0,1.020401706927309,5.0,1.097421172449066,33.0
2014-07-14,1.0,0.0,1.036619420616187,5.0,1.1215027115567568,33.0
2014-07-21,1.0,0.0,1.0150820889827297,4.0,1.1040783967563426,33.0
2014-07-28,1.0,0.0,0.97281830535366,3.0,1.0555974153452168,33.0
2014-08-04,1.0,1.0,0.9798354749993913,3.0,1.0553541420064823,33.0
2014-08-11,1.0,1.0,0.9911510593169286,3.0,1.0581853886121215,33.0
2014-08-18,1.0,1.0,1.00586478515776,3.0,1.0692886152743015,33.0
2014-08-25,1.0,0.0,0.9936548937673726,3.0,1.0442833415306414,33.0
2014-09-01,1.0,1.0,1.0196951869643385,4.0,1.065482761172553,34.0
2014-09-08,1.0,0.0,0.9987305218125457,4.0,1.0412472656255518,34.0
2014-09-15,1.0,0.0,1.0261259711840343,3.0,1.0720389043472986,33.0
2014-09-22,1.0,0.0,0.992421984381226,2.0,1.0326463555947654,32.0
2014-09-29,1.0,0.0,0.9913607259544737,1.0,1.0268144970719695,31.0
2014-10-06,1.0,0.0,0.9456645304920285,1.0,0.9705618401257234,30.0
2014-10-13,1.0,1.0,0.9074721818822434,1.0,0.9112281184420478,30.0
2014-10-20,1.0,1.0,0.9685337831795132,2.0,0.9611233891829789,30.0
2014-10-27,1.0,1.0,1.0143880845216813,3.0,0.9939730362324374,30.0
2014-11-03,1.0,0.0,0.9924330669140116,3.0,0.9609728166655673,29.0
2014-11-10,1.0,1.0,1.008169902443176,4.0,0.9664746723807902,29.0
2014-11-17,1.0,0.0,0.9975440127575886,4.0,0.9541200949381361,28.0
2014-11-24,1.0,0.0,0.9961331155109948,3.0,0.9613979572672577,27.0
2014-12-01,1.0,0.0,0.9699853240214642,2.0,0.9328078956337544,26.0
2014-12-08,1.0,1.0,0.9698628071482024,2.0,0.9223968498402402,26.0
2014-12-15,1.0,1.0,0.9730213869921784,3.0,0.919452905446374,26.0
2014-12-22,1.0,0.0,1.0096261864051523,2.0,0.9519691318658995,25.0
2014-12-29,1.0,0.0,0.9961783388618444,2.0,0.9372001021336148,24.0
2015-01-05,1.0,1.0,0.9556187981478458,3.0,0.8881227734396315,24.0
2015-01-12,1.0,1.0,0.9839837205602872,4.0,0.9121126058867989,24.0
2015-01-19,1.0,1.0,1.0385683981776659,4.0,0.9710058399524341,24.0
2015-01-26,1.0,1.0,1.0221700938828249,4.0,0.9635378751997637,24.0
2015-02-02,1.0,1.0,1.0164203255597182,5.0,0.9596245849037776,24.0
2015-02-09,1.0,1.0,1.0428431862700607,6.0,0.9942641232439132,25.0
2015-02-16,1.0,1.0,1.010054641162965,6.0,0.9784494872096647,26.0
2015-02-23,1.0,1.0,1.0303121677613654,6.0,1.014770541250064,27.0
2015-03-02,1.0,1.0,1.0385858922832099,6.0,1.032516281172009,28.0
2015-03-09,1.0,0.0,0.997434991654861,5.0,0.99593508545916,28.0
2015-03-16,1.0,0.0,1.0121728569314306,4.0,1.0190247527654357,28.0
2015-03-23,1.0,0.0,0.9906610946261264,3.0,0.9965232235545167,28.0
2015-03-30,1.0,0.0,0.9685152213340987,2.0,0.9732631931329014,28.0
2015-04-06,1.0,1.0,0.9820610503597498,2.0,0.9805557491499993,29.0
2015-04-13,1.0,0.0,0.9658098057163353,1.0,0.9517095384602937,28.0
2015-04-20,1.0,1.0,1.0357462705770244,2.0,1.0244624794928432,28.0
2015-04-27,1.0,0.0,0.995047939023685,2.0,0.9772341720457566,27.0
2015-05-04,1.0,1.0,0.9982925601637577,3.0,0.9782764056110796,27.0
2015-05-11,1.0,0.0,0.9902524912443259,3.0,0.9711986547364544,27.0
2015-05-18,1.0,0.0,1.0013757016953284,2.0,0.9831128335841175,27.0
2015-05-25,1.0,0.0,0.9836574855484547,2.0,0.9691911119627977,26.0
2015-06-01,1.0,1.0,0.9951671983107195,2.0,0.972174914697649,26.0
2015-06-08,1.0,0.0,0.9950248798788376,2.0,0.9718873494530226,25.0
2015-06-15,1.0,0.0,1.0036528673274416,1.0,0.9815117943524808,24.0
2015-06-22,1.0,0.0,0.9949723130879122,1.0,0.9740030383895424,23.0
2015-06-29,1.0,1.0,0.9845903117010318,2.0,0.9612837632462711,24.0
2015-07-06,1.0,1.0,0.9978698599878278,3.0,0.9756969741421767,25.0
2015-07-13,1.0,1.0,1.2135177846443406,3.0,1.2335956750548733,26.0
2015-07-20,1.0,0.0,1.0944769423286151,3.0,1.1407353964342306,25.0
2015-07-27,1.0,1.0,1.0702359824867966,4.0,1.142241437371114,25.0
2015-08-03,1.0,0.0,1.055628312524272,4.0,1.157636574198042,24.0
2015-08-10,1.0,0.0,1.052894106981567,3.0,1.1936085564306083,24.0
2015-08-17,1.0,0.0,0.9602508741109224,2.0,1.111392746890667,23.0
2015-08-24,1.0,1.0,0.9994265832929171,2.0,1.141539737084685,24.0
2015-08-31,1.0,0.0,0.9581586548345291,2.0,1.0875467183176475,24.0
2015-09-07,1.0,1.0,0.9981046123607368,2.0,1.1308774363493426,25.0
2015-09-14,1.0,1.0,1.0052719854193792,3.0,1.1348880091107352,26.0
2015-09-21,1.0,1.0,0.9895621809436288,4.0,1.1009834517508579,27.0
2015-09-28,1.0,1.0,1.0097933790119757,5.0,1.1231279380871644,27.0
2015-10-05,1.0,1.0,1.0330238302527728,5.0,1.1487120807107971,27.0
2015-10-12,1.0,1.0,1.0456587650693798,6.0,1.1774927988149324,27.0
2015-10-19,1.0,1.0,1.086704087038016,6.0,1.2410922057711462,28.0
2015-10-26,1.0,1.0,1.0776652121046866,6.0,1.249251314058664,28.0
2015-11-02,1.0,1.0,1.0792466232650626,6.0,1.2806848720446333,29.0
2015-11-09,1.0,1.0,1.0318080527773505,6.0,1.2437626843770098,30.0
2015-11-16,1.0,1.0,1.0600672582945128,6.0,1.3019416282308935,31.0
2015-11-23,1.0,0.0,1.0300039277914814,5.0,1.2807607516272856,30.0
2015-11-30,1.0,0.0,1.0373418267838255,4.0,1.2978522815442044,29.0
2015-12-07,1.0,0.0,0.9932606018122723,3.0,1.2418901888653204,29.0
2015-12-14,1.0,1.0,0.9926177795511058,3.0,1.2336745715534319,30.0
2015-12-21,1.0,0.0,0.9978111805006494,2.0,1.2383623680911737,29.0
2015-12-28,1.0,0.0,1.0112714509313907,1.0,1.2453102328591787,28.0
2016-01-04,1.0,0.0,0.9597200540958466,1.0,1.1657007509976527,27.0
2016-01-11,1.0,1.0,0.9481883725267833,2.0,1.127101097184108,27.0
2016-01-18,1.0,0.0,0.9933208227163677,2.0,1.1696595387752657,26.0
2016-01-25,1.0,0.0,1.016718352085564,1.0,1.1906991956154365,25.0
2016-02-01,1.0,0.0,0.9494973176829455,1.0,1.0904267727417751,24.0
2016-02-08,1.0,1.0,0.9649571161780748,2.0,1.0842181859394235,24.0
2016-02-15,1.0,1.0,0.9943091019446547,3.0,1.1088783943965252,24.0
2016-02-22,1.0,1.0,0.9977053068927791,3.0,1.1098673492384319,25.0
2016-02-29,1.0,1.0,1.0093591468591503,4.0,1.1136969733328141,26.0
2016-03-07,1.0,1.0,1.0359316232153568,5.0,1.132268167992321,27.0
2016-03-14,1.0,1.0,1.0379741711905073,6.0,1.141820817476594,28.0
2016-03-21,1.0,1.0,1.0220567354589274,6.0,1.131367977792698,28.0
2016-03-28,1.0,1.0,1.0306647803317057,6.0,1.1458330359478015,29.0
2016-04-04,1.0,0.0,1.00800744213095,5.0,1.1233627708027014,28.0
2016-04-11,1.0,0.0,1.023881597741478,4.0,1.1458302457299334,28.0
2016-04-18,1.0,0.0,0.9713698666883281,3.0,1.0792134788374486,27.0
2016-04-25,1.0,0.0,0.9460586353845185,2.0,1.0355860254832876,27.0
2016-05-02,1.0,1.0,0.9761516838747946,2.0,1.057244824700019,28.0
2016-05-09,1.0,1.0,0.9845563533922104,2.0,1.0512272764796593,29.0
2016-05-16,1.0,1.0,0.9897663261092823,3.0,1.044167075352349,29.0
2016-05-23,1.0,1.0,1.0280229883297898,4.0,1.0715705314938713,30.0
2016-05-30,1.0,0.0,1.0126971650391503,4.0,1.0507705314655669,30.0
2016-06-06,1.0,0.0,1.0024059142628343,4.0,1.0408239489312856,30.0
2016-06-13,1.0,0.0,0.9681852805063923,3.0,0.9959121870922937,29.0
2016-06-20,1.0,1.0,0.9530073885469293,3.0,0.9681115251143833,29.0
2016-06-27,1.0,1.0,0.9893174155283878,3.0,1.0017527230889407,29.0
2016-07-04,1.0,1.0,1.0048059863422227,3.0,1.0085788955323518,30.0
2016-07-11,1.0,1.0,1.0256611185256388,4.0,1.0261395177288541,30.0
2016-07-18,1.0,1.0,1.0524446568140045,5.0,1.0555358147014307,31.0
2016-07-25,1.0,1.0,1.0698838013695302,6.0,1.089099621797567,32.0
2016-08-01,1.0,1.0,1.0622119998286406,6.0,1.1028214432679935,33.0
2016-08-08,1.0,0.0,1.0437250579361725,5.0,1.0994928390001593,32.0
2016-08-15,1.0,0.0,1.0175581332018362,4.0,1.0832293732438556,32.0
2016-08-22,1.0,0.0,0.9989853015722321,3.0,1.0707144331616445,31.0
2016-08-29,1.0,0.0,0.9952931738766672,2.0,1.069154878051638,30.0
2016-09-05,1.0,1.0,0.9819973038922877,2.0,1.0485092239357459,30.0
2016-09-12,1.0,1.0,0.9967805801285876,2.0,1.0570921637453536,30.0
2016-09-19,1.0,1.0,1.0193313315670443,3.0,1.0776210625098337,30.0
2016-09-26,1.0,0.0,1.006476356793727,3.0,1.0611157034731777,29.0
2016-10-03,1.0,1.0,1.0024163495625507,4.0,1.0559917994458234,29.0
2016-10-10,1.0,1.0,1.0053460966204093,5.0,1.0587384318821544,29.0
2016-10-17,1.0,0.0,1.0235101698289024,4.0,1.085142736391058,28.0
2016-10-24,1.0,0.0,1.0126641208476777,3.0,1.0774203554564865,27.0
2016-10-31,1.0,0.0,0.9753523549171832,2.0,1.0320923970205023,26.0
2016-11-07,1.0,0.0,0.9699274710362823,2.0,1.02115301841942,26.0
2016-11-14,1.0,0.0,0.9813736024344231,1.0,1.030157867302472,26.0
2016-11-21,1.0,1.0,0.986419150863709,1.0,1.0310648633691462,27.0
2016-11-28,1.0,1.0,0.9823020046064658,2.0,1.0156231761002266,27.0
2016-12-05,1.0,1.0,1.034444789635496,3.0,1.0669354033152374,28.0
2016-12-12,1.0,0.0,1.0299490202838586,3.0,1.0680548862306425,28.0
2016-12-19,1.0,1.0,1.0208368814978246,4.0,1.0646831946517745,29.0
2016-12-26,1.0,1.0,0.995040811604955,5.0,1.038135337498864,29.0
2017-01-02,1.0,1.0,1.029462755018017,5.0,1.0819561873589494,30.0
2017-01-09,1.0,1.0,1.019224771635121,5.0,1.0823916365085229,31.0
2017-01-16,1.0,0.0,1.0122684651877354,4.0,1.0750611572098665,31.0
2017-01-23,1.0,1.0,1.028261358977444,5.0,1.095364041884503,31.0
2017-01-30,1.0,1.0,0.9986025020615511,5.0,1.0634876415791226,31.0
2017-02-06,1.0,1.0,1.0050436883327176,5.0,1.076546463120049,31.0
2017-02-13,1.0,1.0,1.0182356889123856,5.0,1.0922120897820786,31.0
2017-02-20,1.0,1.0,1.01461979895622,5.0,1.0900360843428145,31.0
2017-02-27,1.0,1.0,1.0101984622406739,6.0,1.0879963316332102,31.0
2017-03-06,1.0,0.0,1.0233202365812917,5.0,1.1034651462820035,30.0
2017-03-13,1.0,0.0,1.0236024084596507,4.0,1.1120974443566887,29.0
2017-03-20,1.0,0.0,0.9781787818344905,3.0,1.060823987017798,29.0
2017-03-27,1.0,1.0,0.9960537255904122,3.0,1.0785488336833011,30.0
2017-04-03,1.0,1.0,0.9909695964551739,3.0,1.069246747214175,31.0
2017-04-10,1.0,1.0,0.9907310227686088,3.0,1.0642048334946494,32.0
2017-04-17,1.0,1.0,1.0143577991461066,4.0,1.0858644067279706,32.0
2017-04-24,1.0,1.0,1.0782307084846048,5.0,1.1608656746930832,32.0
2017-05-01,1.0,1.0,1.0792984551781457,6.0,1.1814103574654526,32.0
2017-05-08,1.0,1.0,1.0640302931980157,6.0,1.181885512326564,32.0
2017-05-15,1.0,1.0,1.0443509001949594,6.0,1.1778332726642902,33.0
2017-05-22,1.0,1.0,1.0570985318564836,6.0,1.2173333930480605,34.0
2017-05-29,1.0,0.0,1.0366977580628287,5.0,1.2138724525508071,34.0
2017-06-05,1.0,0.0,1.001532459458526,4.0,1.1737874942721391,33.0
2017-06-12,1.0,0.0,0.9887372948107981,3.0,1.1545032551787318,32.0
2017-06-19,1.0,0.0,1.0099820620887754,2.0,1.1786820152413808,31.0
2017-06-26,1.0,0.0,0.9547154754834128,1.0,1.1041821806290808,30.0
2017-07-03,1.0,1.0,0.9740938870266771,1.0,1.1114133327665807,30.0
2017-07-10,1.0,1.0,1.0172793809919258,2.0,1.1514480678281156,30.0
2017-07-17,1.0,0.0,1.031072493627112,2.0,1.1664809454576595,29.0
2017-07-24,1.0,0.0,0.9974979476472666,2.0,1.1245769348165504,29.0
2017-07-31,1.0,0.0,0.989697295825457,2.0,1.104344563346336,29.0
2017-08-07,1.0,0.0,0.9742443547915975,2.0,1.0844564393434262,29.0
2017-08-14,1.0,1.0,0.9716473619520535,2.0,1.0764899392068776,30.0
2017-08-21,1.0,1.0,0.9842352683061688,2.0,1.0786762362381803,30.0
2017-08-28,1.0,1.0,1.0137460517211498,3.0,1.099575569965863,30.0
2017-09-04,1.0,0.0,1.004744489850716,3.0,1.0833112724945178,29.0
2017-09-11,1.0,1.0,0.999395470723993,4.0,1.072463814245783,30.0
2017-09-18,1.0,1.0,1.005769736359311,5.0,1.078210116994193,30.0
2017-09-25,1.0,1.0,1.029887322906342,5.0,1.1090685160050362,30.0
2017-10-02,1.0,1.0,1.0394077818646603,5.0,1.1272609921452026,31.0
2017-10-09,1.0,1.0,1.0412204291398617,5.0,1.1346088270885186,32.0
2017-10-16,1.0,1.0,1.028535738049523,6.0,1.127067056061416,33.0
2017-10-23,1.0,1.0,1.042966205025378,6.0,1.1555117926764524,34.0
2017-10-30,1.0,0.0,1.0380804409204263,5.0,1.1633147649816584,34.0
2017-11-06,1.0,1.0,1.021838473270275,5.0,1.1514339323990228,34.0
2017-11-13,1.0,0.0,1.0062121261922612,4.0,1.134550442591272,33.0
2017-11-20,1.0,1.0,1.0189205554358427,4.0,1.1520618145607975,33.0
2017-11-27,1.0,1.0,0.9855813797459461,4.0,1.112955671143312,34.0
2017-12-04,1.0,1.0,1.0088902208214225,4.0,1.1363823365325334,34.0
2017-12-11,1.0,1.0,1.029997517288126,5.0,1.1586975310805676,34.0
2017-12-18,1.0,1.0,1.0207808296147989,5.0,1.1479175684715581,34.0
2017-12-25,1.0,1.0,1.0031732641684,6.0,1.1272385560310547,34.0
2018-01-01,1.0,1.0,1.0463943929425734,6.0,1.1798267294952043,35.0
2018-01-08,1.0,1.0,1.0468436225989113,6.0,1.1936276980093685,35.0
2018-01-15,1.0,0.0,1.0447517198607668,5.0,1.2012611681185066,34.0
2018-01-22,1.0,0.0,1.0618088137583004,4.0,1.2323129583603247,33.0
2018-01-29,1.0,0.0,0.9963053583549455,3.0,1.1584104367729096,32.0
2018-02-05,1.0,1.0,0.9310895523161107,3.0,1.076498865275153,32.0
2018-02-12,1.0,1.0,0.9833400710181984,3.0,1.129420149266947,32.0
2018-02-19,1.0,1.0,1.01138733308367,3.0,1.1556609607547572,33.0
2018-02-26,1.0,1.0,0.9769831790575658,4.0,1.1014402494768294,34.0
2018-03-05,1.0,0.0,1.0529497219505635,4.0,1.175955357403799,34.0
2018-03-12,1.0,0.0,1.0271809270633372,4.0,1.1442092579167178,33.0
2018-03-19,1.0,0.0,0.9261950478757667,3.0,1.0251298440545942,32.0
2018-03-26,1.0,1.0,0.9444532761094208,3.0,1.0310765053653028,32.0
2018-04-02,1.0,1.0,0.9389519321785117,3.0,1.0030588843772765,32.0
2018-04-09,1.0,1.0,0.9671408907739663,3.0,1.022688813527096,32.0
2018-04-16,1.0,1.0,1.0221327253682517,4.0,1.0630188376811431,32.0
2018-04-23,1.0,1.0,0.9980008425662135,5.0,1.018532006780163,32.0
2018-04-30,1.0,1.0,1.0112455954596753,6.0,1.0341533672210457,32.0
2018-05-07,1.0,1.0,1.048326437721026,6.0,1.0808281548906564,32.0
2018-05-14,1.0,1.0,1.0083607937679329,6.0,1.0475631734191027,33.0
2018-05-21,1.0,1.0,1.0097723813122124,6.0,1.0540932731262063,34.0
2018-05-28,1.0,1.0,1.0433299401027512,6.0,1.0932036150859625,35.0
2018-06-04,1.0,1.0,1.0300756857081501,6.0,1.091232118192433,36.0
2018-06-11,1.0,0.0,1.0423117381651938,5.0,1.1164978855109395,36.0
2018-06-18,1.0,0.0,1.036284775521856,4.0,1.1145015315593343,35.0
2018-06-25,1.0,1.0,0.9932457405720331,4.0,1.0727800218546795,35.0
2018-07-02,1.0,1.0,1.0054512607973474,4.0,1.09284268581474,36.0
2018-07-09,1.0,1.0,1.037779836135934,4.0,1.1340971325869984,37.0
2018-07-16,1.0,1.0,1.024818030819332,4.0,1.124852525293576,38.0
2018-07-23,1.0,1.0,1.05801497851178,5.0,1.1685355585719732,39.0
2018-07-30,1.0,0.0,1.035322699291515,5.0,1.1478009021639357,38.0
2018-08-06,1.0,0.0,1.0293801364970059,4.0,1.153874715525951,37.0
2018-08-13,1.0,0.0,0.9905491916817365,3.0,1.1142272255213377,36.0
2018-08-20,1.0,0.0,1.0024034084869253,2.0,1.126347485233259,36.0
2018-08-27,1.0,0.0,0.995847190825858,1.0,1.1179314530026134,35.0
2018-09-03,1.0,0.0,0.9618811053491485,0.0,1.0643469398675496,34.0
2018-09-10,1.0,1.0,0.9751079871319578,1.0,1.0672203140459562,34.0
2018-09-17,1.0,0.0,0.9794617330688241,1.0,1.057754194616928,33.0
2018-09-24,1.0,0.0,1.0035118847746485,1.0,1.0786026994983224,32.0
2018-10-01,1.0,0.0,0.9818507301628041,1.0,1.042770961082695,31.0
2018-10-08,1.0,0.0,0.9563678081192856,1.0,0.9985467555202499,30.0
2018-10-15,1.0,0.0,0.9539993089713464,1.0,0.9851612496333388,30.0
2018-10-22,1.0,0.0,0.9461215255909912,0.0,0.9619576907669983,29.0
2018-10-29,1.0,0.0,0.9491701132962709,0.0,0.9490163919632363,29.0
2018-11-05,1.0,0.0,0.9752412291624062,0.0,0.9560785656484314,28.0
2018-11-12,1.0,1.0,0.9853793075965488,1.0,0.9510243566197253,28.0
2018-11-19,1.0,0.0,0.9633132774067247,1.0,0.9175448180393941,27.0
2018-11-26,1.0,1.0,1.0300178361588668,2.0,0.9802365644087156,27.0
2018-12-03,1.0,0.0,0.9809410015002675,2.0,0.9288142929714626,26.0
2018-12-10,1.0,1.0,0.9886111868063706,3.0,0.9338323966648026,26.0
2018-12-17,1.0,1.0,0.9421643605536081,4.0,0.8797063700203902,26.0
2018-12-24,1.0,1.0,1.001427513212948,4.0,0.9328091065213545,26.0
2018-12-31,1.0,1.0,1.0261674837364865,5.0,0.9642165186622847,27.0
2019-01-07,1.0,1.0,1.0192730603727578,5.0,0.9540800994829896,28.0
2019-01-14,1.0,1.0,1.0484782199205922,6.0,0.9913884836234315,29.0
2019-01-21,1.0,0.0,1.0334982092435627,5.0,0.983880791778276,28.0
2019-01-28,1.0,1.0,1.030861639822188,5.0,1.0014127252465033,28.0
2019-02-04,1.0,0.0,1.0072666248254047,4.0,0.9878323483101222,27.0
2019-02-11,1.0,1.0,1.0176670352481891,4.0,1.0039729625564175,27.0
2019-02-18,1.0,1.0,1.0065175612733612,4.0,1.001913311715535,28.0
2019-02-25,1.0,1.0,1.0276396388245563,4.0,1.0294447151561243,29.0
2019-03-04,1.0,1.0,1.0209708397050463,5.0,1.0284039256233541,30.0
2019-03-11,1.0,1.0,1.0471367385893795,5.0,1.063418316323677,30.0
2019-03-18,1.0,1.0,1.0486727601915664,6.0,1.078465044986903,30.0
2019-03-25,1.0,1.0,1.0119175792249822,6.0,1.0469689231255996,30.0
2019-04-01,1.0,1.0,1.0268184023194074,6.0,1.074591571719007,30.0
2019-04-08,1.0,1.0,1.0247678818885024,6.0,1.0805212903551555,30.0
2019-04-15,1.0,0.0,1.0267915759579613,5.0,1.093284633945606,29.0
2019-04-22,1.0,0.0,1.043857139583995,4.0,1.1215007833877666,28.0
2019-04-29,1.0,0.0,0.9753328192931482,3.0,1.0428104818954909,27.0
2019-05-06,1.0,0.0,0.9591363277899713,2.0,1.022627875942545,26.0
2019-05-13,1.0,0.0,0.9634463028927518,1.0,1.0201305557472489,25.0
2019-05-20,1.0,0.0,0.9506331313112224,0.0,0.994606953413402,24.0
2019-05-27,1.0,0.0,0.9431055532548901,0.0,0.9692498864087029,24.0
2019-06-03,1.0,1.0,0.9385380077089785,1.0,0.9377100285425107,25.0
2019-06-10,1.0,1.0,0.969775426831835,2.0,0.955204726299726,25.0
2019-06-17,1.0,1.0,1.0087836132579937,3.0,0.9876723466451189,25.0
2019-06-24,1.0,1.0,0.9839454773919427,4.0,0.9534149912649063,25.0
2019-07-01,1.0,1.0,1.0303729884005046,5.0,0.9990568745044357,25.0
2019-07-08,1.0,1.0,1.0360038816461967,6.0,1.012481381584212,25.0
2019-07-15,1.0,1.0,1.0128265150691005,6.0,1.001050582100105,26.0
2019-07-22,1.0,1.0,1.0936865383999401,6.0,1.107370899803316,27.0
2019-07-29,1.0,0.0,1.033474242167431,5.0,1.057535567181933,27.0
2019-08-05,1.0,0.0,1.0126523845282902,4.0,1.0528477432095098,27.0
2019-08-12,1.0,1.0,0.9972604213073816,4.0,1.0443734701109126,28.0
2019-08-19,1.0,1.0,0.9741009955426989,4.0,1.0212852620823225,29.0
2019-08-26,1.0,1.0,0.9970906410569547,4.0,1.0536475853965659,29.0
2019-09-02,1.0,1.0,1.0176887958115184,4.0,1.0678373671028194,30.0
2019-09-09,1.0,1.0,1.040264424866152,5.0,1.0976306575523596,31.0
2019-09-16,1.0,0.0,1.0261659206107818,5.0,1.087705118892355,31.0
2019-09-23,1.0,0.0,1.015422266477093,4.0,1.081225414444054,31.0
2019-09-30,1.0,1.0,0.9941603205399487,4.0,1.0649094574369005,32.0
2019-10-07,1.0,1.0,0.9957318075238659,4.0,1.0678821262790847,33.0
2019-10-14,1.0,1.0,1.0147219616162677,4.0,1.090677712697633,34.0
2019-10-21,1.0,1.0,1.027156638378166,4.0,1.1040289884354746,35.0
2019-10-28,1.0,1.0,1.0280525647102507,5.0,1.1074401463769472,35.0
2019-11-04,1.0,1.0,1.0462807576574435,6.0,1.1344856896513844,36.0
2019-11-11,1.0,0.0,1.0474977296064054,5.0,1.1500316223714868,35.0
2019-11-18,1.0,1.0,1.005966892554854,5.0,1.1110216895982417,36.0
2019-11-25,1.0,1.0,1.0056965792272374,5.0,1.1142485773953077,36.0
2019-12-02,1.0,1.0,1.0232568666614186,5.0,1.1376818665184982,36.0
2019-12-09,1.0,1.0,1.0191544485628163,5.0,1.1377995348612673,36.0
2019-12-16,1.0,1.0,1.0155934669606734,5.0,1.133946104309324,36.0
2019-12-23,1.0,1.0,1.0151572323308737,6.0,1.1302811539264972,36.0
2019-12-30,1.0,1.0,1.0134577688661337,6.0,1.1326437967439447,36.0
2020-01-06,1.0,1.0,1.0486607438890987,6.0,1.1834651709508086,37.0
2020-01-13,1.0,1.0,1.0675774011122876,6.0,1.2179460283976036,37.0
2020-01-20,1.0,0.0,1.0428121301348792,5.0,1.1993568547280482,37.0
2020-01-27,1.0,1.0,1.0095933731577782,5.0,1.1666805521301498,37.0
2020-02-03,1.0,1.0,1.0259428247710678,5.0,1.1961081313419655,37.0
2020-02-10,1.0,0.0,1.035570191504678,4.0,1.2221674654549175,36.0
2020-02-17,1.0,0.0,1.004990732082689,3.0,1.1869927452780948,35.0
2020-02-24,1.0,0.0,0.9209922519066382,2.0,1.0678326699285299,34.0
2020-03-02,1.0,0.0,0.9104142256373116,2.0,1.0336762400788242,33.0
2020-03-09,1.0,0.0,0.877235361442692,1.0,0.9703211618780505,32.0
2020-03-16,1.0,0.0,0.8107625912206338,0.0,0.854887297740933,31.0
2020-03-23,1.0,1.0,0.8855441495975717,1.0,0.8870085569763743,31.0
2020-03-30,1.0,1.0,0.9227976199223689,2.0,0.8787062484035737,32.0
2020-04-06,1.0,1.0,1.0368304353387676,3.0,0.9705473084410409,33.0
2020-04-13,1.0,1.0,1.1006612765805222,4.0,1.0264602093456403,34.0
2020-04-20,1.0,1.0,1.0880151753028193,5.0,1.0214288344845244,35.0
2020-04-27,1.0,1.0,1.0849558327901259,6.0,1.0517449166059336,36.0
2020-05-04,1.0,1.0,1.098847530060692,6.0,1.1012384286249146,37.0
2020-05-11,1.0,1.0,1.0487463340098988,6.0,1.0845599591445616,38.0
2020-05-18,1.0,1.0,1.0505726513950535,6.0,1.1079375922634165,38.0
2020-05-25,1.0,1.0,1.0454466419554824,6.0,1.1164436875831336,38.0
2020-06-01,1.0,1.0,1.032349676044375,6.0,1.118311764905605,38.0
2020-06-08,1.0,0.0,1.0031481326497755,5.0,1.0930640854432605,37.0
2020-06-15,1.0,1.0,1.0111230954531834,5.0,1.1022866184581153,37.0
2020-06-22,1.0,1.0,0.9619064444280109,5.0,1.0435374717317096,37.0
2020-06-29,1.0,1.0,1.029447776834144,5.0,1.1182148668977632,37.0
2020-07-06,1.0,1.0,1.0694607498489712,5.0,1.1718179007233775,37.0
2020-07-13,1.0,0.0,1.0419982273710486,4.0,1.14630857152776,37.0
2020-07-20,1.0,0.0,1.0278443667397925,4.0,1.1379502174683966,37.0
2020-07-27,1.0,0.0,1.0023702836529396,3.0,1.111083010290507,36.0
2020-08-03,1.0,1.0,0.9950762253672206,3.0,1.1139926961185331,36.0
2020-08-10,1.0,1.0,0.9991208409269109,3.0,1.1185318626710798,36.0
2020-08-17,1.0,1.0,1.0428351005946837,3.0,1.1659622345951173,36.0
2020-08-24,1.0,0.0,1.0698967691931531,3.0,1.2059670934941231,35.0
2020-08-31,1.0,0.0,1.0263615529016135,3.0,1.1606793837894305,35.0
2020-09-07,1.0,0.0,0.9770324331101966,3.0,1.1046157283613782,35.0
2020-09-14,1.0,0.0,0.9414926606587569,2.0,1.056649944843372,34.0
2020-09-21,1.0,1.0,0.9381293665948341,2.0,1.0423095736910708,34.0
2020-09-28,1.0,1.0,0.9595352139166775,2.0,1.0487969764232838,34.0
2020-10-05,1.0,1.0,1.0112309480050614,3.0,1.0857383974056136,34.0
2020-10-12,1.0,1.0,1.0519085084885298,4.0,1.1223345042991342,34.0
2020-10-19,1.0,1.0,1.082858635120223,5.0,1.1653634768521544,34.0
2020-10-26,1.0,1.0,1.051054601401439,6.0,1.1465079411886836,35.0
2020-11-02,1.0,1.0,1.1044981541084107,6.0,1.237883442936258,35.0
2020-11-09,1.0,1.0,1.0781786792052463,6.0,1.2403843034992263,35.0
2020-11-16,1.0,1.0,1.033329418572312,6.0,1.2092931438131638,35.0
2020-11-23,1.0,1.0,1.0409223582648581,6.0,1.2370451680703205,35.0
2020-11-30,1.0,0.0,1.0422677517561023,5.0,1.252783109318682,34.0
2020-12-07,1.0,0.0,1.000628066422623,4.0,1.2139541350872556,33.0
2020-12-14,1.0,0.0,0.9749267130027245,3.0,1.1734484995051466,32.0
2020-12-21,1.0,1.0,0.982863854958387,3.0,1.1738435773852494,32.0
2020-12-28,1.0,0.0,0.98932583165915,2.0,1.1783206644550914,31.0
2021-01-04,1.0,1.0,1.0192269284195261,2.0,1.2099934579181955,32.0
2021-01-11,1.0,1.0,0.9876959464355942,3.0,1.1577616566659905,32.0
2021-01-18,1.0,1.0,1.069388401255004,4.0,1.2606050891800482,32.0
2021-01-25,1.0,1.0,1.0226090581214016,5.0,1.2122332260476176,33.0
2021-02-01,1.0,1.0,1.1309902040424513,5.0,1.374292780290747,34.0
2021-02-08,1.0,0.0,1.0994887588705342,5.0,1.3646224273876717,34.0
2021-02-15,1.0,1.0,1.0705327505512319,5.0,1.3486537640131742,35.0
2021-02-22,1.0,0.0,1.0119451393664451,4.0,1.2938226285716905,35.0
2021-03-01,1.0,1.0,1.0298631128613085,4.0,1.3219516035727874,36.0
2021-03-08,1.0,0.0,0.9888853995434915,3.0,1.2774862343828643,35.0
2021-03-15,1.0,1.0,0.9842185854525415,3.0,1.2512315568020318,35.0
2021-03-22,1.0,1.0,0.985960476871261,4.0,1.2340905510253006,35.0
2021-03-29,1.0,1.0,1.032411898652809,4.0,1.2827603838061339,35.0
2021-04-05,1.0,1.0,1.0822577956624277,5.0,1.3552745035775744,35.0
2021-04-12,1.0,1.0,1.0718780760339235,5.0,1.3467138929863791,35.0
2021-04-19,1.0,1.0,1.0591943557474266,6.0,1.3424081850634437,35.0
2021-04-26,1.0,1.0,1.072565919418292,6.0,1.3807818596126693,35.0
2021-05-03,1.0,0.0,1.0394814434035413,5.0,1.3588462579528553,34.0
2021-05-10,1.0,1.0,0.9909475977785218,5.0,1.2990350341031156,34.0
2021-05-17,1.0,1.0,0.9991102679229256,5.0,1.3020237388103908,34.0
2021-05-24,1.0,1.0,1.0191893896239292,5.0,1.3242422410380257,35.0
2021-05-31,1.0,1.0,1.026314068244246,5.0,1.3314018274758177,35.0
2021-06-07,1.0,1.0,1.0447718608533554,5.0,1.3482639364000861,35.0
2021-06-14,1.0,1.0,1.0356181948685048,6.0,1.331926998548596,35.0
2021-06-21,1.0,1.0,1.0315292361573272,6.0,1.3329559247644152,35.0
2021-06-28,1.0,1.0,1.0295542825568749,6.0,1.3362011347618437,36.0
2021-07-05,1.0,1.0,1.0241147364363163,6.0,1.3301742380359556,37.0
2021-07-12,1.0,1.0,1.0295094908068834,6.0,1.3376419203400856,38.0
2021-07-19,1.0,1.0,1.0594201664943892,6.0,1.3805420749710284,38.0
2021-07-26,1.0,1.0,1.0267726559989678,6.0,1.3385018059974765,38.0
2021-08-02,1.0,1.0,1.0274977112158927,6.0,1.341065200369801,38.0
2021-08-09,1.0,1.0,1.0253575429456603,6.0,1.339739475001523,39.0
2021-08-16,1.0,1.0,1.0144858900160427,6.0,1.3249353609302312,40.0
2021-08-23,1.0,1.0,1.0431004113927975,6.0,1.3655372985159349,41.0
2021-08-30,1.0,0.0,1.036049085289433,5.0,1.3493593845435519,41.0
2021-09-06,1.0,0.0,1.0075734644467493,4.0,1.305799902353676,40.0
2021-09-13,1.0,0.0,0.9990912831034443,3.0,1.2853779264148757,39.0
2021-09-20,1.0,0.0,1.0023635770999564,2.0,1.2804438722032088,38.0
2021-09-27,1.0,0.0,0.9612229165183208,1.0,1.2124649600545991,37.0
2021-10-04,1.0,1.0,0.9917680864143739,1.0,1.2316972678609992,37.0
2021-10-11,1.0,1.0,1.0069165407528713,2.0,1.232790029059285,37.0
2021-10-18,1.0,1.0,0.9891011655645267,3.0,1.195733750319422,37.0
2021-10-25,1.0,1.0,1.0494277265508716,4.0,1.2659557201030138,37.0
2021-11-01,1.0,1.0,1.0481265997456304,5.0,1.260864563126749,37.0
2021-11-08,1.0,0.0,1.034996559832176,5.0,1.2515959586760603,36.0
2021-11-15,1.0,0.0,1.0254220086053492,4.0,1.2419989976361117,36.0
2021-11-22,1.0,0.0,0.975294840149535,3.0,1.1723749891359758,36.0
2021-11-29,1.0,0.0,0.9690481580535836,2.0,1.1593766772779208,36.0
2021-12-06,1.0,1.0,1.0104317074849363,2.0,1.1974160157199132,36.0
2021-12-13,1.0,0.0,0.9776535109662138,1.0,1.1399854861724765,36.0
2021-12-20,1.0,0.0,1.0102477695990302,1.0,1.164074268571149,35.0
2021-12-27,1.0,0.0,0.9993674277758336,1.0,1.1342037406394199,34.0
2022-01-03,1.0,0.0,0.9527158009609115,1.0,1.067017745470074,33.0
2022-01-10,1.0,0.0,0.9751514558431466,1.0,1.0806052445221632,32.0
2022-01-17,1.0,1.0,0.9275633452228059,1.0,1.0017611317396689,32.0
2022-01-24,1.0,1.0,0.9612287382409347,2.0,1.021963094962921,33.0
2022-01-31,1.0,0.0,1.036513099823615,2.0,1.0901927357433936,32.0
2022-02-07,1.0,0.0,0.984659000765928,2.0,1.017447603689948,32.0
2022-02-14,1.0,0.0,0.9654943823961201,2.0,0.9859201198944975,31.0
2022-02-21,1.0,1.0,1.0019894033739103,3.0,1.0117354191016428,32.0
2022-02-28,1.0,1.0,0.9816573011208668,3.0,0.9892450429843415,32.0
2022-03-07,1.0,1.0,0.9728138389449684,3.0,0.9727368228005688,32.0
2022-03-14,1.0,1.0,1.0279180373504746,4.0,1.0153702923041572,32.0
2022-03-21,1.0,0.0,1.053630860357665,4.0,1.0461747660068281,31.0
2022-03-28,1.0,0.0,1.0343813538169877,4.0,1.036147772525709,30.0
2022-04-04,1.0,0.0,0.9858171238866333,3.0,0.984239803374741,29.0
2022-04-11,1.0,0.0,0.9417288964021644,2.0,0.9336840187648706,28.0
2022-04-18,1.0,0.0,0.897216590843147,1.0,0.877676228108455,28.0
2022-04-25,1.0,0.0,0.886556471398062,0.0,0.8436790597029358,27.0
2022-05-02,1.0,0.0,0.9225689132406131,0.0,0.8489670658064609,26.0
2022-05-09,1.0,0.0,0.9602668841628618,0.0,0.8557569635520015,25.0
2022-05-16,1.0,0.0,0.9325430107896635,0.0,0.8044262779648302,24.0
2022-05-23,1.0,1.0,0.9824727093332173,1.0,0.8316581760863556,24.0
2022-05-30,1.0,0.0,1.00521484051075,1.0,0.8460441333074962,23.0
2022-06-06,1.0,1.0,0.9827805545171934,2.0,0.8247777485285717,23.0
2022-06-13,1.0,0.0,0.9623909496165871,2.0,0.8008845511918984,22.0
2022-06-20,1.0,1.0,1.054441243826999,3.0,0.8815709994452445,22.0
2022-06-27,1.0,0.0,0.970651438662045,3.0,0.8139951690306055,21.0
2022-07-04,1.0,0.0,1.0577522564928976,2.0,0.8991015023235377,20.0
2022-07-11,1.0,0.0,0.9952261148293798,2.0,0.8465678823108143,19.0
2022-07-18,1.0,1.0,0.9606666826819543,2.0,0.817001169917973,19.0
2022-07-25,1.0,1.0,1.020837864607098,3.0,0.8823257734235477,19.0
2022-08-01,1.0,1.0,1.0351462649706782,3.0,0.897021394720461,19.0
2022-08-08,1.0,0.0,1.0530827320419547,3.0,0.9337383202141841,18.0
2022-08-15,1.0,0.0,1.0171695621720913,3.0,0.9029157858777891,18.0
2022-08-22,1.0,0.0,0.960462555341612,3.0,0.8547849002598235,18.0
2022-08-29,1.0,0.0,0.9374218227267246,2.0,0.8388875193020648,18.0
2022-09-05,1.0,0.0,0.9709446040797131,1.0,0.8669452939286686,18.0
2022-09-12,1.0,0.0,0.9195752191092682,0.0,0.8078496305634519,18.0
2022-09-19,1.0,0.0,0.9116565372547901,0.0,0.7780412869723877,17.0
2022-09-26,1.0,0.0,0.9146834678262453,0.0,0.7597751544470006,16.0
2022-10-03,1.0,1.0,0.9651685067249185,1.0,0.7916863773791445,16.0
2022-10-10,1.0,0.0,0.9598340783760919,1.0,0.7790124236131944,15.0
2022-10-17,1.0,0.0,1.0195921159959254,1.0,0.819759095855198,14.0
2022-10-24,1.0,0.0,0.9819531394635675,1.0,0.7869232362183977,14.0
2022-10-31,1.0,1.0,0.900529685959933,2.0,0.7137793149417184,15.0
2022-11-07,1.0,1.0,1.0037009107431305,3.0,0.8024416783448055,16.0
2022-11-14,1.0,1.0,1.0179194221761072,3.0,0.8173828291247639,17.0
2022-11-21,1.0,0.0,1.0150981707426179,3.0,0.8227352620684691,16.0
2022-11-28,1.0,0.0,1.0498750611189647,3.0,0.8560206216974685,16.0
2022-12-05,1.0,0.0,0.9750143957814096,3.0,0.7974618936299314,16.0
2022-12-12,1.0,0.0,0.9449981747458381,2.0,0.7857728606786195,16.0
2022-12-19,1.0,0.0,0.9454181521790403,1.0,0.783084513015056,16.0
2022-12-26,1.0,1.0,0.9491531800558187,1.0,0.7806179681236147,17.0
2023-01-02,1.0,1.0,0.9591992447914989,2.0,0.7813682946034958,17.0
2023-01-09,1.0,1.0,1.0246030034793117,3.0,0.8284388271787074,17.0
2023-01-16,1.0,1.0,1.0837638910355796,4.0,0.8932619309630059,18.0
2023-01-23,1.0,0.0,1.080019282872103,4.0,0.9116105180961765,18.0
2023-01-30,1.0,0.0,1.098138802001144,4.0,0.9568076276092922,18.0
2023-02-06,1.0,0.0,0.9795707577652492,3.0,0.8688669500589831,17.0
2023-02-13,1.0,0.0,0.9660912724471908,2.0,0.8723919520638126,16.0
2023-02-20,1.0,0.0,0.9179637264554578,1.0,0.830363152176177,15.0
2023-02-27,1.0,1.0,0.974721360336816,1.0,0.880766788242667,15.0
