Date,Close_Ratio_1,Trend_1,Close_Ratio_2,Trend_2,Close_Ratio_13,Trend_13,Close_Ratio_50,Trend_50
2005-08-01,1.0,1.0,1.0079122412749775,1.0,1.04172029896527,10.0,1.4502163596458757,31.0
2005-08-08,1.0,0.0,0.9954816705254619,1.0,1.0155143796658794,9.0,1.411464381375321,31.0
2005-08-15,1.0,0.0,0.9829389512011381,0.0,0.9713893231009745,8.0,1.340599292664315,31.0
2005-08-22,1.0,1.0,1.0063522754306133,1.0,0.9792153011419862,8.0,1.3349539549842673,31.0
2005-08-29,1.0,1.0,1.008513513169783,2.0,0.9938695149579984,8.0,1.3363693672073342,31.0
2005-09-05,1.0,1.0,1.0181094285747987,2.0,1.0260187807585217,8.0,1.3630240176547372,31.0
2005-09-12,1.0,1.0,1.0018521710762296,2.0,1.024446925753298,8.0,1.3474958843988396,31.0
2005-09-19,1.0,1.0,1.024627996126591,2.0,1.0710892952669249,8.0,1.3933254735422778,31.0
2005-09-26,1.0,0.0,1.0017409925693894,1.0,1.0677924030928523,8.0,1.3772111579947242,30.0
2005-10-03,1.0,0.0,0.9944872374051386,0.0,1.05150981701466,7.0,1.345647099519814,29.0
2005-10-10,1.0,1.0,0.9723376053880641,1.0,0.9962012982718392,7.0,1.2617572864940898,30.0
2005-10-17,1.0,1.0,1.0688007120039629,2.0,1.1324192657406909,8.0,1.4274590815692318,31.0
2005-10-24,1.0,1.0,1.0261721818880223,2.0,1.1721373646004827,9.0,1.482253697932718,31.0
2005-10-31,1.0,1.0,1.043093795712599,2.0,1.2469236805088584,9.0,1.5867307654915765,32.0
2005-11-07,1.0,1.0,0.9999615545948781,2.0,1.2167329844171915,10.0,1.5598554607797535,32.0
2005-11-14,1.0,1.0,1.0124081429203728,2.0,1.2123676123264404,11.0,1.5714488892213379,33.0
2005-11-21,1.0,1.0,1.0342772334622523,2.0,1.2559812005819815,11.0,1.649711034139274,34.0
2005-11-28,1.0,0.0,0.9870970917693966,1.0,1.1893326095454775,10.0,1.578802589307996,33.0
2005-12-05,1.0,1.0,0.9897206588224661,1.0,1.1376926079671499,10.0,1.5212258694152265,33.0
2005-12-12,1.0,1.0,1.0249597507254724,2.0,1.163600515976203,10.0,1.5713769769122332,33.0
2005-12-19,1.0,0.0,1.0009058446702508,1.0,1.1383353920160106,9.0,1.5474227310119744,32.0
2005-12-26,1.0,1.0,0.9810000252613486,1.0,1.0744028703806192,10.0,1.4670758698148063,33.0
2006-01-02,1.0,1.0,1.057693194966157,2.0,1.1703687508049374,11.0,1.6150368477083785,34.0
2006-01-09,1.0,0.0,1.0006331189888569,1.0,1.1345386963583115,10.0,1.5867155940926427,33.0
2006-01-16,1.0,0.0,0.9228494403459387,0.0,0.9612998225406214,9.0,1.3416043625510388,33.0
2006-01-23,1.0,0.0,1.040854756693399,0.0,1.0288477858119107,8.0,1.4322208080498677,33.0
2006-01-30,1.0,0.0,0.9362730873002484,0.0,0.9070436328831386,7.0,1.245504215614014,33.0
2006-02-06,1.0,0.0,0.9745484673134529,0.0,0.8664213206346909,6.0,1.1701754541375222,33.0
2006-02-13,1.0,1.0,1.0083953515523358,1.0,0.8862167291397361,6.0,1.176110041022517,34.0
2006-02-20,1.0,1.0,1.011592802175705,2.0,0.9156757324675293,6.0,1.1885655349740363,35.0
2006-02-27,1.0,0.0,1.0010323764442224,1.0,0.924386484637232,6.0,1.1763411270094724,34.0
2006-03-06,1.0,0.0,0.943158877587647,0.0,0.8362255047766278,5.0,1.0395701173919933,34.0
2006-03-13,1.0,1.0,1.0033811330772981,1.0,0.8566527076412762,5.0,1.036424093669897,34.0
2006-03-20,1.0,1.0,1.0368628011096648,2.0,0.9340247114881498,6.0,1.1040572565030076,34.0
2006-03-27,1.0,1.0,1.032019027241547,2.0,1.000702619395852,6.0,1.1627095327802153,34.0
2006-04-03,1.0,1.0,1.0202974387578772,2.0,1.0545522647431333,6.0,1.1972983361347456,34.0
2006-04-10,1.0,1.0,0.995051466341672,2.0,1.05770556916329,7.0,1.1729103537487884,34.0
2006-04-17,1.0,1.0,1.0416319224897315,2.0,1.1409118551259163,8.0,1.2594538355328353,34.0
2006-04-24,1.0,0.0,0.977591705753435,1.0,1.0943173947139537,8.0,1.1912919853618282,33.0
2006-05-01,1.0,0.0,0.9708953157408091,0.0,1.0297749188760816,8.0,1.1142101306103536,32.0
2006-05-08,1.0,0.0,0.9737516761167011,0.0,0.9748417635702427,8.0,1.050792432687803,31.0
2006-05-15,1.0,1.0,0.9944768608564107,1.0,0.9638871890243395,8.0,1.0340351877991778,31.0
2006-05-22,1.0,1.0,1.015079170985755,2.0,0.992615811110453,8.0,1.0598419960184011,31.0
2006-05-29,1.0,1.0,0.9974894282244878,2.0,0.9873951311451483,9.0,1.0487544718280484,31.0
2006-06-05,1.0,1.0,1.0093079870457669,2.0,0.9961643554181717,10.0,1.063211854157151,31.0
2006-06-12,1.0,1.0,1.0053134599490956,2.0,0.9967482162062804,10.0,1.0687244275212764,32.0
2006-06-19,1.0,1.0,1.017798794354402,2.0,1.0250159390792128,10.0,1.1009151638618628,32.0
2006-06-26,1.0,1.0,1.0175566363263941,2.0,1.0556209878130505,10.0,1.1329832440342686,32.0
2006-07-03,1.0,0.0,1.0013336602814813,1.0,1.0555195903887464,9.0,1.1288084586922058,32.0
2006-07-10,1.0,0.0,0.9794284022202459,0.0,1.0127054417911925,8.0,1.0766110130172728,32.0
2006-07-17,1.0,0.0,0.9831276874339939,0.0,0.9880627720742285,7.0,1.0354820447629656,31.0
2006-07-24,1.0,0.0,0.9974429573231048,0.0,0.9887671674519943,7.0,1.0248464867148772,31.0
2006-07-31,1.0,0.0,0.9812722082319912,0.0,0.9562453417639448,7.0,0.9822973813208968,31.0
2006-08-07,1.0,1.0,0.9927931217856371,1.0,0.9436061523169319,8.0,0.9639384480270803,31.0
2006-08-14,1.0,1.0,1.0197643527247309,2.0,0.979085058896608,8.0,0.9978552106615193,31.0
2006-08-21,1.0,0.0,0.9866511459634186,1.0,0.9548075893985782,7.0,0.9678287463493379,30.0
2006-08-28,1.0,1.0,1.0071023781982016,1.0,0.9686275189780836,7.0,0.9776998437441902,30.0
2006-09-04,1.0,1.0,0.9990085459823436,2.0,0.9683705689459453,7.0,0.9726239362972459,30.0
2006-09-11,1.0,1.0,1.0406611500509557,2.0,1.046501466129624,7.0,1.05002237011366,31.0
2006-09-18,1.0,0.0,0.9925029972999007,1.0,1.0311456982872458,6.0,1.0296060845711785,31.0
2006-09-25,1.0,1.0,0.9976665691294876,1.0,1.0298709302344802,6.0,1.019314478510867,31.0
2006-10-02,1.0,1.0,1.0226167283811314,2.0,1.0775229031144566,7.0,1.0621460213493712,31.0
2006-10-09,1.0,1.0,1.0080207479359193,2.0,1.0898349964516316,8.0,1.0755659716715817,31.0
2006-10-16,1.0,1.0,1.036495059694637,2.0,1.1566107009200108,9.0,1.1530261372175459,31.0
2006-10-23,1.0,1.0,1.0166119194327907,2.0,1.175868202989677,10.0,1.18693175443746,31.0
2006-10-30,1.0,0.0,0.9964097201663216,1.0,1.1460871611383354,10.0,1.1742399971755195,30.0
2006-11-06,1.0,1.0,1.001851170643473,1.0,1.1281922194069778,10.0,1.1759654713762075,30.0
2006-11-13,1.0,1.0,1.0259580098973278,2.0,1.1637073073628812,10.0,1.2336754066649989,31.0
2006-11-20,1.0,0.0,1.0061865329930306,1.0,1.150983016572737,10.0,1.2431436279938044,30.0
2006-11-27,1.0,0.0,0.9754513907473471,0.0,1.0765377522701625,9.0,1.180627058456378,29.0
2006-12-04,1.0,0.0,1.0034303859352827,0.0,1.064467499421695,8.0,1.1856583454162843,29.0
2006-12-11,1.0,0.0,0.9960493940093433,0.0,1.0436591973548999,7.0,1.172568464642576,28.0
2006-12-18,1.0,0.0,0.973586360939432,0.0,0.9814466710304126,7.0,1.1127665883018112,27.0
2006-12-25,1.0,1.0,1.0053489990862425,1.0,0.9824653529456279,7.0,1.1250520995180804,28.0
2007-01-01,1.0,1.0,1.0281849185885383,2.0,1.0281991073531846,7.0,1.1852294829791656,29.0
2007-01-08,1.0,1.0,1.0179501900604955,2.0,1.0525100711358075,7.0,1.2242976287851333,30.0
2007-01-15,1.0,0.0,0.9846695056086174,1.0,1.0158275398662169,6.0,1.1811296858077354,30.0
2007-01-22,1.0,0.0,1.0061790578694703,0.0,1.0250835481953267,5.0,1.1881814674821447,30.0
2007-01-29,1.0,0.0,0.9853275114713355,0.0,0.9939043062666397,5.0,1.1476171713519927,29.0
2007-02-05,1.0,0.0,0.9792132933875378,0.0,0.9551941849246613,4.0,1.0964623449866147,28.0
2007-02-12,1.0,1.0,1.0086388777977056,1.0,0.9763223460007446,4.0,1.1107329226086495,29.0
2007-02-19,1.0,0.0,1.0007230050434488,1.0,0.9831367965777896,4.0,1.105384304897864,29.0
2007-02-26,1.0,0.0,0.9648740499201988,0.0,0.9226582495600627,4.0,1.0255997670473531,28.0
2007-03-05,1.0,1.0,1.016015400839361,1.0,0.95751839128697,5.0,1.0546868922792403,28.0
2007-03-12,1.0,1.0,0.9864512982712393,2.0,0.9379357452778521,6.0,1.024064649333023,28.0
2007-03-19,1.0,1.0,1.023241887010946,2.0,0.9815679568124708,7.0,1.0700322537348552,28.0
2007-03-26,1.0,1.0,0.9960108506593457,2.0,0.9741373188256496,7.0,1.0587816268597519,28.0
2007-04-02,1.0,1.0,1.0143599584443588,2.0,1.0050996559263903,7.0,1.0879025761414507,28.0
2007-04-09,1.0,1.0,0.9944337477818834,2.0,1.0003217905188522,7.0,1.0734634961675067,29.0
2007-04-16,1.0,1.0,1.017064187749409,2.0,1.0362970733802912,8.0,1.1062436686506454,30.0
2007-04-23,1.0,0.0,0.9963909895044598,1.0,1.0317127934767787,8.0,1.0930306342843263,30.0
2007-04-30,1.0,0.0,0.9916959235801548,0.0,1.0164671458362646,8.0,1.0700896217593712,29.0
2007-05-07,1.0,0.0,0.9953297651401514,0.0,1.0062070763579918,8.0,1.056044494411282,28.0
2007-05-14,1.0,1.0,1.0038204964087383,1.0,1.0138610892298023,8.0,1.0597863010071376,28.0
2007-05-21,1.0,1.0,1.013838762045847,2.0,1.0400911811730802,9.0,1.0847905068263242,28.0
2007-05-28,1.0,1.0,1.017155917703524,2.0,1.0655197413894635,10.0,1.1171623595204685,28.0
2007-06-04,1.0,1.0,1.0148539277894606,2.0,1.0865230399073897,10.0,1.1451943375915021,28.0
2007-06-11,1.0,1.0,0.9906009699012704,2.0,1.055161776750169,10.0,1.119561555266735,28.0
2007-06-18,1.0,1.0,1.0185183328018121,2.0,1.0839958033461752,10.0,1.1564582484263561,29.0
2007-06-25,1.0,1.0,0.997823786458064,2.0,1.0683364096474448,10.0,1.1454204628072258,30.0
2007-07-02,1.0,1.0,1.015723540824083,2.0,1.0908259364401278,10.0,1.174332414511796,31.0
2007-07-09,1.0,0.0,1.0116896690778951,1.0,1.1019110069461409,9.0,1.193586885651557,31.0
2007-07-16,1.0,0.0,0.9701197784190305,0.0,1.0320077762183653,8.0,1.117261822434482,31.0
2007-07-23,1.0,0.0,0.9920252663769693,0.0,1.0106063632131719,8.0,1.0928508095830438,30.0
2007-07-30,1.0,1.0,0.9912404211914078,1.0,0.9882704185574448,9.0,1.0684132828746415,30.0
2007-08-06,1.0,0.0,1.0125153563865616,1.0,1.0058704445731712,9.0,1.0889040060995354,30.0
2007-08-13,1.0,0.0,0.9845341808320733,0.0,0.9709021288700823,8.0,1.0503492828859622,29.0
2007-08-20,1.0,1.0,1.0147383737225522,1.0,0.9952697290791589,8.0,1.075576094741417,29.0
2007-08-27,1.0,1.0,1.0002426176481891,2.0,0.9935594299519824,8.0,1.071382654566168,29.0
2007-09-03,1.0,1.0,1.0039628589623466,2.0,1.0008923668688172,8.0,1.0747424912614507,30.0
2007-09-10,1.0,1.0,1.0089686400090718,2.0,1.0155664653140957,8.0,1.088480316562532,30.0
2007-09-17,1.0,1.0,1.0287918258491766,2.0,1.0702269361106544,8.0,1.1464279263801755,30.0
2007-09-24,1.0,1.0,1.0063599566456751,2.0,1.076872643018727,8.0,1.1544886361967144,30.0
2007-10-01,1.0,1.0,1.0230599627611605,2.0,1.1187819840497313,8.0,1.2024135190989598,30.0
2007-10-08,1.0,1.0,1.03519458433302,2.0,1.1857638243535162,9.0,1.2817223470900743,30.0
2007-10-15,1.0,1.0,1.0057093578134209,2.0,1.1783720032262932,10.0,1.2874887294286337,31.0
2007-10-22,1.0,1.0,1.0226558267218624,2.0,1.2054277818723906,11.0,1.3364476953157063,31.0
2007-10-29,1.0,0.0,1.0264458067738231,1.0,1.2355498354495966,10.0,1.3972922146307476,30.0
2007-11-05,1.0,0.0,0.9656200599934113,0.0,1.1310161467066588,10.0,1.2963110157386932,30.0
2007-11-12,1.0,1.0,0.9766183983832762,1.0,1.0607663648132153,11.0,1.2297377820272748,31.0
2007-11-19,1.0,1.0,1.0328695804939423,2.0,1.109761331672177,11.0,1.303582326741829,32.0
2007-11-26,1.0,1.0,1.011900385616797,2.0,1.111567601035537,11.0,1.3241312379567185,33.0
2007-12-03,1.0,0.0,1.0155341039463839,1.0,1.1196367493172492,10.0,1.3525171642771836,33.0
2007-12-10,1.0,0.0,0.9822683230354043,0.0,1.060034254476771,9.0,1.2941504032560294,32.0
2007-12-17,1.0,1.0,1.0048534209653737,1.0,1.0533699681586577,9.0,1.2965837546974652,32.0
2007-12-24,1.0,0.0,1.004173742855626,1.0,1.0457487245632224,8.0,1.2979096933857268,31.0
2007-12-31,1.0,0.0,0.9665105022855742,0.0,0.9709764273017693,7.0,1.2063390417456379,31.0
2008-01-07,1.0,0.0,0.9855240160737121,0.0,0.9431736786917624,6.0,1.165814697232391,31.0
2008-01-14,1.0,0.0,0.9693177641657693,0.0,0.8915249446384269,5.0,1.0916689465196878,31.0
2008-01-21,1.0,0.0,0.9709852949371925,0.0,0.8517786240089475,4.0,1.0262052211644603,31.0
2008-01-28,1.0,0.0,0.9533400990833548,0.0,0.793772169453252,4.0,0.9331550654288777,30.0
2008-02-04,1.0,1.0,1.0007650649226114,1.0,0.809091215970507,5.0,0.9330290033441077,31.0
2008-02-11,1.0,0.0,1.012376600036441,1.0,0.8398903385349322,4.0,0.9532822762255481,31.0
2008-02-18,1.0,0.0,0.9789482013789462,0.0,0.8221966515398942,3.0,0.9121724724490563,30.0
2008-02-25,1.0,0.0,0.9625936636845,0.0,0.7845797637744906,2.0,0.8454697892318223,29.0
2008-03-03,1.0,0.0,0.9581771959853813,0.0,0.748580850639626,2.0,0.7783844871765948,28.0
2008-03-10,1.0,1.0,1.0052451973299383,1.0,0.7826880467071782,3.0,0.7871654546766005,28.0
2008-03-17,1.0,1.0,0.9949854903961391,2.0,0.8039629133062083,3.0,0.7803753024774693,28.0
2008-03-24,1.0,1.0,1.0051972126257795,2.0,0.8442087093573513,4.0,0.7893308299095668,28.0
2008-03-31,1.0,1.0,1.0363077999154915,2.0,0.9335482557877219,5.0,0.8491565840727988,28.0
2008-04-07,1.0,1.0,0.9853102794147501,2.0,0.9322104265677523,6.0,0.8252114054420661,29.0
2008-04-14,1.0,1.0,1.0822181625668061,2.0,1.1098163096396214,7.0,0.9706705976547964,30.0
2008-04-21,1.0,1.0,1.0042917745099793,2.0,1.1233553496794684,8.0,0.9763214460875709,31.0
2008-04-28,1.0,1.0,1.0330830527467407,2.0,1.187889392343163,9.0,1.0389930652873187,31.0
2008-05-05,1.0,0.0,0.9929925622649993,1.0,1.1610434409063983,8.0,1.02125901431802,30.0
2008-05-12,1.0,0.0,1.0059569607428251,0.0,1.165798582602988,8.0,1.0305734049588895,29.0
2008-05-19,1.0,1.0,0.9684802111982116,1.0,1.088357592707837,9.0,0.9665911759672668,29.0
2008-05-26,1.0,1.0,1.0364289434435097,2.0,1.1503816600413528,10.0,1.0367367341780909,29.0
2008-06-02,1.0,0.0,0.9836918931314302,1.0,1.0914276373031675,10.0,1.001974647883146,28.0
2008-06-09,1.0,0.0,1.0039613024954979,0.0,1.0787701053295295,9.0,1.008205221613427,27.0
2008-06-16,1.0,0.0,0.9775658816119225,0.0,1.0147971161686904,8.0,0.9637223666912159,26.0
2008-06-23,1.0,0.0,0.9829129503373009,0.0,0.9682524087785251,7.0,0.9321333873762108,26.0
2008-06-30,1.0,1.0,1.0083844821183272,1.0,0.9755573126207959,7.0,0.9473319281891234,27.0
2008-07-07,1.0,0.0,0.9970115382643179,1.0,0.9595064009034707,6.0,0.9409592730332798,27.0
2008-07-14,1.0,0.0,0.9483016922160626,0.0,0.8721789359257521,5.0,0.8490988422391162,26.0
2008-07-21,1.0,0.0,1.0109524305212148,0.0,0.8980144833022978,4.0,0.8686326828790585,26.0
2008-07-28,1.0,1.0,0.9748707787708542,1.0,0.8678091984816796,4.0,0.8269864404593356,27.0
2008-08-04,1.0,1.0,1.028196985048039,2.0,0.9285272161807137,5.0,0.8755954393091049,27.0
2008-08-11,1.0,0.0,1.0150622807963197,1.0,0.9666790613488435,5.0,0.9025385781180111,26.0
2008-08-18,1.0,0.0,0.9804544603223888,0.0,0.9369942336388433,4.0,0.8688178689517249,25.0
2008-08-25,1.0,0.0,0.9713800348948088,0.0,0.9010713409751395,3.0,0.822377216171796,24.0
2008-09-01,1.0,0.0,0.9790202650206353,0.0,0.8802044879303703,3.0,0.7918364785253394,23.0
2008-09-08,1.0,1.0,0.9925275737512858,1.0,0.8852057627743251,4.0,0.7837114051777828,23.0
2008-09-15,1.0,0.0,1.0129565220470025,1.0,0.922406021801382,4.0,0.8084818735604686,22.0
2008-09-22,1.0,0.0,0.9794248958890248,0.0,0.8989940782180806,4.0,0.7816903438214556,21.0
2008-09-29,1.0,0.0,0.9460480734972415,0.0,0.8268653616105323,3.0,0.7082834282023759,20.0
2008-10-06,1.0,0.0,0.923620456959152,0.0,0.7338625900193646,3.0,0.6154845592561115,19.0
2008-10-13,1.0,1.0,1.0575410764872522,1.0,0.8389915288123064,4.0,0.699424098236834,20.0
2008-10-20,1.0,0.0,0.9532894034021867,1.0,0.7848708018689907,4.0,0.6448607275138266,20.0
2008-10-27,1.0,0.0,1.0287268667470593,0.0,0.8476640704599007,3.0,0.6902019885336486,19.0
2008-11-03,1.0,0.0,0.9591310592260494,0.0,0.8050350107240978,2.0,0.6445572744622047,18.0
2008-11-10,1.0,0.0,0.967059715602903,0.0,0.7829944081974952,2.0,0.6125807596052246,17.0
2008-11-17,1.0,0.0,0.9168661178986123,0.0,0.6935423303544441,2.0,0.5279861442505662,17.0
2008-11-24,1.0,1.0,1.054970310616147,1.0,0.8019962494267443,3.0,0.5989781693088474,18.0
2008-12-01,1.0,1.0,0.9844527640328846,2.0,0.8045936690363016,4.0,0.5906053940846225,18.0
2008-12-08,1.0,1.0,1.0529720715070598,2.0,0.9190187640494584,4.0,0.6674132262223091,19.0
2008-12-15,1.0,0.0,0.9910693066363363,1.0,0.9317406484876976,4.0,0.6653530260999142,19.0
2008-12-22,1.0,1.0,0.9839319913504702,1.0,0.9303657936915894,5.0,0.6537868594104904,20.0
2008-12-29,1.0,1.0,1.0337150913962654,2.0,1.0110908560432816,6.0,0.7080072148699279,21.0
2009-01-05,1.0,0.0,0.9901789289413508,1.0,0.9955035375267973,6.0,0.7020110065532567,21.0
2009-01-12,1.0,1.0,0.974948804450988,1.0,0.9639172345422767,6.0,0.6741944835618032,22.0
2009-01-19,1.0,1.0,1.0400883654967972,2.0,1.0482125930022121,7.0,0.7368723067678584,22.0
2009-01-26,1.0,1.0,1.0208525342163488,2.0,1.0985417416431436,8.0,0.7749803305139832,23.0
2009-02-02,1.0,1.0,1.0461391236050095,2.0,1.192864567801858,9.0,0.8552994576724092,24.0
2009-02-09,1.0,0.0,0.9813432590826369,1.0,1.1357916046648442,9.0,0.8283011903034575,24.0
2009-02-16,1.0,0.0,0.9840512625250022,0.0,1.078007384055582,9.0,0.8055373550499337,24.0
2009-02-23,1.0,0.0,0.9876395118506193,0.0,1.0404691442417826,8.0,0.789535779997879,23.0
2009-03-02,1.0,0.0,0.954497630862217,0.0,0.9444055627299988,7.0,0.7250449418953894,22.0
2009-03-09,1.0,1.0,1.0250398512221042,1.0,0.9908955501119708,7.0,0.766381016739329,22.0
2009-03-16,1.0,1.0,1.0087690543109282,2.0,1.0037136162866682,8.0,0.7851687723532765,22.0
2009-03-23,1.0,1.0,1.0258755171412033,2.0,1.0454627235133402,8.0,0.8312204006553345,22.0
2009-03-30,1.0,1.0,1.03077440246924,2.0,1.0995288526800266,8.0,0.8912337443684152,22.0
2009-04-06,1.0,1.0,1.0036643902022324,2.0,1.093255826217541,9.0,0.9052758596615054,22.0
2009-04-13,1.0,1.0,1.0258126989626655,2.0,1.127624988404841,9.0,0.9620899161748141,22.0
2009-04-20,1.0,1.0,0.9964821320314562,2.0,1.103902704030782,9.0,0.9640326040921101,23.0
2009-04-27,1.0,1.0,1.0053627841067985,2.0,1.1025474634977597,9.0,0.9835021753301849,24.0
2009-05-04,1.0,0.0,1.0170282324258026,1.0,1.1319558907559222,8.0,1.0246052548376507,23.0
2009-05-11,1.0,0.0,0.9782649629804824,0.0,1.076359935769913,8.0,0.9907725513970049,22.0
2009-05-18,1.0,1.0,1.00446714550536,1.0,1.0752789613268192,9.0,1.0085548727673161,23.0
2009-05-25,1.0,1.0,1.0292699291097613,2.0,1.1214445656367007,10.0,1.0779003358970154,24.0
2009-06-01,1.0,1.0,1.0314433191746488,2.0,1.161653599483582,11.0,1.153974783984357,25.0
2009-06-08,1.0,0.0,0.9775875820643034,1.0,1.0887363807839787,10.0,1.1093303188676011,25.0
2009-06-15,1.0,1.0,0.9943782061431967,1.0,1.057810699216852,10.0,1.1036655623278497,25.0
2009-06-22,1.0,0.0,1.0061863772160151,1.0,1.055116792138509,9.0,1.1238116726561662,25.0
2009-06-29,1.0,0.0,0.9798155390422216,0.0,1.0059348112733597,8.0,1.083512350619803,25.0
2009-07-06,1.0,1.0,1.007181978477144,1.0,1.012452659000515,8.0,1.103730966508402,26.0
2009-07-13,1.0,1.0,1.0187651398674882,2.0,1.0437211729448683,8.0,1.1482469250202414,26.0
2009-07-20,1.0,1.0,1.018780622644836,2.0,1.0722243573835288,8.0,1.1952828755502298,26.0
2009-07-27,1.0,1.0,0.99587536401536,2.0,1.0538117746455755,8.0,1.1897352307115068,27.0
2009-08-03,1.0,1.0,1.0156084689394294,2.0,1.0774190245555835,9.0,1.2296757463645238,28.0
2009-08-10,1.0,1.0,1.003162146759382,2.0,1.0706657224939908,10.0,1.237696333807717,29.0
2009-08-17,1.0,1.0,1.0056634157890574,2.0,1.069129702829987,10.0,1.2503830135364007,30.0
2009-08-24,1.0,0.0,0.9994731163125898,1.0,1.0591070334562118,9.0,1.2472499168298683,29.0
2009-08-31,1.0,1.0,0.9962744975293562,1.0,1.0481250991245465,9.0,1.2371843275909546,30.0
2009-09-07,1.0,1.0,1.0116129598602357,2.0,1.0639590518722197,10.0,1.2634712827596006,31.0
2009-09-14,1.0,1.0,1.0200497753544602,2.0,1.093962164221286,10.0,1.3078542524088188,32.0
2009-09-21,1.0,0.0,1.0010366548693457,1.0,1.0837697629046144,10.0,1.2994695429371548,32.0
2009-09-28,1.0,1.0,0.9919144959742168,1.0,1.0528237930602353,11.0,1.2711087617951264,32.0
2009-10-05,1.0,1.0,1.0316437809281709,2.0,1.1028590340361506,11.0,1.3417266906172045,33.0
2009-10-12,1.0,1.0,1.0315167183197385,2.0,1.1519970870377851,11.0,1.4150413630893164,34.0
2009-10-19,1.0,0.0,1.0034797317975066,1.0,1.1403826849409842,10.0,1.408786498056226,34.0
2009-10-26,1.0,0.0,0.9838779260778736,0.0,1.088150451715211,9.0,1.3485660521107374,34.0
2009-11-02,1.0,1.0,1.0137782493732652,1.0,1.102376373950822,9.0,1.3664033753661062,35.0
2009-11-09,1.0,1.0,1.0186529005780125,2.0,1.12488863581865,9.0,1.3989856779841192,35.0
2009-11-16,1.0,1.0,0.9981699103597061,2.0,1.103302286338141,9.0,1.3746470747369277,35.0
2009-11-23,1.0,1.0,1.0085237881666078,2.0,1.10337677918722,10.0,1.3807004605625528,35.0
2009-11-30,1.0,1.0,1.004507338429018,2.0,1.0935631253804006,10.0,1.375201110333461,36.0
2009-12-07,1.0,1.0,1.0046787545132034,2.0,1.085370436071346,10.0,1.3694490079225696,36.0
2009-12-14,1.0,1.0,1.0049792462317573,2.0,1.0802030618458733,10.0,1.3657286641136281,36.0
2009-12-21,1.0,1.0,1.0181578675824907,2.0,1.100832698494611,11.0,1.3968337322837614,37.0
2009-12-28,1.0,0.0,1.001211188968327,1.0,1.0834177872646227,10.0,1.3802515085141138,36.0
2010-01-04,1.0,0.0,0.9853027980432892,0.0,1.0400414861338323,9.0,1.323919910210848,35.0
2010-01-11,1.0,0.0,0.9813708583245039,0.0,0.9980013413825748,8.0,1.262091034704258,34.0
2010-01-18,1.0,0.0,0.9734604151082566,0.0,0.946859000453851,8.0,1.187594649703901,33.0
2010-01-25,1.0,0.0,0.981415818256674,0.0,0.9130551390777678,8.0,1.1358098151660563,33.0
2010-02-01,1.0,1.0,1.0012720984117875,1.0,0.9177907459596647,8.0,1.129751882925233,34.0
2010-02-08,1.0,1.0,1.0017192547284541,2.0,0.9257409896887777,8.0,1.124312998759082,35.0
2010-02-15,1.0,0.0,1.007114419929518,1.0,0.942684396734931,7.0,1.1293649162043211,35.0
2010-02-22,1.0,1.0,0.9869234327492749,1.0,0.9249170180602652,7.0,1.0909872674479104,35.0
2010-03-01,1.0,1.0,1.034289307702858,2.0,0.993389322816049,7.0,1.1572436616105983,35.0
2010-03-08,1.0,0.0,1.0134032764353202,1.0,1.0218987079483728,6.0,1.177488338489719,34.0
2010-03-15,1.0,0.0,0.9828527493509417,0.0,0.9923461266601497,5.0,1.1290604866563976,33.0
2010-03-22,1.0,1.0,1.0023960170449977,1.0,1.0047538628159505,5.0,1.125849676656358,33.0
2010-03-29,1.0,1.0,1.005399963885635,2.0,1.0228545839413523,6.0,1.130090307475865,33.0
2010-04-05,1.0,0.0,0.9977269323099468,1.0,1.0232825452818033,6.0,1.1171194059195821,32.0
2010-04-12,1.0,0.0,0.9856051068184399,0.0,0.9983834580723172,6.0,1.0787542335087308,31.0
2010-04-19,1.0,0.0,0.99528828005422,0.0,0.98971293612346,6.0,1.062898193945987,31.0
2010-04-26,1.0,0.0,0.9819835970687364,0.0,0.9552477298575814,6.0,1.0198784364569249,31.0
2010-05-03,1.0,0.0,0.9680420694946705,0.0,0.9008869926699858,5.0,0.9530262332658256,30.0
2010-05-10,1.0,0.0,1.0143803818526567,0.0,0.9305214347547212,4.0,0.9774244858250349,29.0
2010-05-17,1.0,0.0,0.9637803856513706,0.0,0.8739400950096236,4.0,0.9081255153403016,28.0
2010-05-24,1.0,1.0,1.0141800944198809,1.0,0.9043842559203734,4.0,0.9320705214350087,29.0
2010-05-31,1.0,1.0,1.0132981118365507,2.0,0.9375574682138693,4.0,0.9543137752201978,29.0
2010-06-07,1.0,1.0,0.9896476863842899,2.0,0.9305961447931717,5.0,0.9325027900827971,30.0
2010-06-14,1.0,0.0,1.0116638091127101,1.0,0.961006200174982,5.0,0.9511883325362915,30.0
2010-06-21,1.0,0.0,0.9718826589214703,0.0,0.9206938793318514,4.0,0.8971721383589467,29.0
2010-06-28,1.0,0.0,0.9602630987488247,0.0,0.8675092467967779,3.0,0.8283973644832047,28.0
2010-07-05,1.0,1.0,1.0342241580383602,1.0,0.9432281955132343,4.0,0.8864104050901795,28.0
2010-07-12,1.0,1.0,0.9915003814540321,2.0,0.9405458219029197,5.0,0.8709221697852826,28.0
2010-07-19,1.0,1.0,1.032063780493125,2.0,1.0116058936288024,6.0,0.9274638483794946,28.0
2010-07-26,1.0,1.0,0.9946558781922927,2.0,1.0073854935929631,7.0,0.9167412984765554,28.0
2010-08-02,1.0,1.0,1.015602962367067,2.0,1.0381454386793483,8.0,0.9445530594503793,28.0
2010-08-09,1.0,0.0,0.9859411892463192,1.0,1.0127844469493459,8.0,0.9176141505001715,28.0
2010-08-16,1.0,0.0,0.9743454830674633,0.0,0.9636675354113802,8.0,0.8716862232026551,27.0
2010-08-23,1.0,1.0,0.9965357536971733,1.0,0.9611466553586051,8.0,0.8661025907211763,27.0
2010-08-30,1.0,1.0,1.0123449494330088,2.0,0.9897062421371037,8.0,0.8884636040591043,27.0
2010-09-06,1.0,1.0,1.0061704343230191,2.0,1.004004734489033,8.0,0.9000517586901524,28.0
2010-09-13,1.0,1.0,1.014498742278924,2.0,1.0352056536000949,9.0,0.9263398997797522,28.0
2010-09-20,1.0,1.0,1.0365034144990324,2.0,1.1038525843134261,10.0,0.9961155917775275,28.0
2010-09-27,1.0,1.0,0.9984139038537354,2.0,1.0847969121332253,11.0,0.9938705831255245,28.0
2010-10-04,1.0,1.0,1.0101038588570637,2.0,1.0949716899626067,11.0,1.0148249056177177,29.0
2010-10-11,1.0,1.0,1.0572156900792362,2.0,1.2011204854750819,11.0,1.135193846843996,30.0
2010-10-18,1.0,1.0,1.0091270376963575,2.0,1.2006589884027807,11.0,1.1534319441037026,30.0
2010-10-25,1.0,1.0,1.000954102918899,2.0,1.180026450225301,11.0,1.1538251534201782,30.0
2010-11-01,1.0,0.0,1.009186461876582,1.0,1.18011387278206,10.0,1.1727900800609907,29.0
2010-11-08,1.0,0.0,0.9822610678258753,0.0,1.1199557666583897,10.0,1.1309086732756377,28.0
2010-11-15,1.0,0.0,0.9895655283422057,0.0,1.0770140213889774,10.0,1.1073099091044123,27.0
2010-11-22,1.0,0.0,0.9992970949238333,0.0,1.0560767016160002,9.0,1.1057754728282485,26.0
2010-11-29,1.0,1.0,0.9853826526412827,1.0,1.0113462869664185,9.0,1.0748577798135799,26.0
2010-12-06,1.0,1.0,1.016486293778974,2.0,1.0290356458184848,9.0,1.1119886433560073,26.0
2010-12-13,1.0,1.0,0.9988081016462568,2.0,1.0129580407993288,9.0,1.1105580181507788,27.0
2010-12-20,1.0,1.0,1.011238220966984,2.0,1.0255774457875146,9.0,1.1357087613421806,28.0
2010-12-27,1.0,1.0,0.9914371679288153,2.0,0.999245561830015,9.0,1.1158381322104092,29.0
2011-01-03,1.0,1.0,1.018563927773159,2.0,1.0264090765294298,9.0,1.1551672297016806,30.0
2011-01-10,1.0,0.0,1.006238853816047,1.0,1.0362797960117713,8.0,1.1655548318758286,30.0
2011-01-17,1.0,0.0,0.9900081681480516,0.0,1.015866816974523,7.0,1.1390669952927512,29.0
2011-01-24,1.0,0.0,0.9910621514856135,0.0,0.9994908616499415,6.0,1.1160653207425957,28.0
2011-01-31,1.0,1.0,1.0082427491732466,1.0,1.0179410708350585,7.0,1.131665711502349,29.0
2011-02-07,1.0,1.0,1.0109431401508888,2.0,1.0376459100613744,8.0,1.1525364122632333,29.0
2011-02-14,1.0,0.0,1.0044476999259886,1.0,1.041691628977412,8.0,1.1600141354105178,28.0
2011-02-21,1.0,0.0,0.9838402685224795,0.0,1.0059962512003604,8.0,1.1218594118550416,28.0
2011-02-28,1.0,0.0,0.9922191046097104,0.0,0.9870039252715284,7.0,1.1028883494164363,28.0
2011-03-07,1.0,0.0,0.9796913588698802,0.0,0.9495729912051193,6.0,1.0584386920302584,27.0
2011-03-14,1.0,1.0,0.986245035728419,1.0,0.9272976549301764,6.0,1.0300088258821258,27.0
2011-03-21,1.0,1.0,1.0163744607335627,2.0,0.9611638167413565,6.0,1.0637739718186991,28.0
2011-03-28,1.0,0.0,1.010294139516125,1.0,0.9814299592729872,5.0,1.0842457932596101,28.0
2011-04-04,1.0,0.0,0.9883414877910918,0.0,0.9635147740583613,4.0,1.057969870419285,28.0
2011-04-11,1.0,0.0,0.9571992688284681,0.0,0.8951488085681953,4.0,0.9709455315304237,28.0
2011-04-18,1.0,1.0,0.9946959814403595,1.0,0.8957834780842042,5.0,0.9595778663715054,29.0
2011-04-25,1.0,1.0,1.0177703069628272,2.0,0.9351776387328585,6.0,0.9929716745445394,30.0
2011-05-02,1.0,0.0,0.9918472970710347,1.0,0.9293514296257446,5.0,0.9746616962823195,30.0
2011-05-09,1.0,0.0,0.9946001756767777,0.0,0.9311763953429341,4.0,0.9626525879857556,29.0
2011-05-16,1.0,0.0,0.994760761731646,0.0,0.9348805430815649,4.0,0.9517422290353242,28.0
2011-05-23,1.0,0.0,0.9970045722001801,0.0,0.9408053040529826,4.0,0.9449454028133765,27.0
2011-05-30,1.0,0.0,1.0020881263173198,0.0,0.955030904374396,4.0,0.9481071060657175,27.0
2011-06-06,1.0,0.0,0.9868582888865528,0.0,0.9391183267113651,4.0,0.9222794878691234,27.0
2011-06-13,1.0,0.0,0.9753753140057206,0.0,0.9037220789010006,3.0,0.8764115418974826,27.0
2011-06-20,1.0,1.0,0.9894364156356255,1.0,0.8983299358975734,3.0,0.8578598916366682,27.0
2011-06-27,1.0,1.0,1.0463395319583357,2.0,0.9958876083459468,4.0,0.939144786311698,27.0
2011-07-04,1.0,1.0,1.0104081253745745,2.0,1.023786112138635,5.0,0.957452630013659,27.0
2011-07-11,1.0,1.0,1.058099717000533,2.0,1.13880602266501,6.0,1.0712224345525339,27.0
2011-07-18,1.0,1.0,1.0169510965269402,2.0,1.1622141606495704,6.0,1.1034969801174177,27.0
2011-07-25,1.0,0.0,0.9881006950176302,1.0,1.1251843994579458,5.0,1.0730492406139296,27.0
2011-08-01,1.0,0.0,0.9791583856117584,0.0,1.0725147543887552,5.0,1.0249703591983157,27.0
2011-08-08,1.0,0.0,0.9866382355842324,0.0,1.0391646964142796,5.0,0.994246941266031,26.0
2011-08-15,1.0,0.0,0.930927562356366,0.0,0.9091525868976866,5.0,0.8651417567953825,25.0
2011-08-22,1.0,1.0,1.035312136803996,1.0,0.9748834386845251,6.0,0.9268214683640055,25.0
2011-08-29,1.0,0.0,0.9980793128909798,1.0,0.970902498815528,6.0,0.9221425555387895,24.0
2011-09-05,1.0,1.0,1.0000095205998605,1.0,0.9688061904994418,7.0,0.9222391882042572,24.0
2011-09-12,1.0,1.0,1.0203727239777358,2.0,1.0003434368303863,8.0,0.9598872811836046,24.0
2011-09-19,1.0,0.0,0.980255346618237,1.0,0.9548009852384675,7.0,0.923067315470783,23.0
2011-09-26,1.0,0.0,0.9899380446374317,0.0,0.9365621285994721,6.0,0.9074312468677422,22.0
2011-10-03,1.0,1.0,1.0000776459184804,1.0,0.9389232087881065,6.0,0.9106981162741417,22.0
2011-10-10,1.0,1.0,1.0691723917094424,2.0,1.0793701543020409,6.0,1.0468662297877545,22.0
2011-10-17,1.0,1.0,0.9989933650973356,2.0,1.0814088348369977,6.0,1.0460410894671253,23.0
2011-10-24,1.0,1.0,1.0081049431006779,2.0,1.0996315206755858,7.0,1.0632545126127306,24.0
2011-10-31,1.0,1.0,0.9966563343188128,2.0,1.0896761193424693,8.0,1.0559691893571415,25.0
2011-11-07,1.0,0.0,1.0101370521619397,1.0,1.1050677418314123,8.0,1.0768971907697533,25.0
2011-11-14,1.0,0.0,0.9888051447791758,0.0,1.065127042203901,8.0,1.0522376084754985,24.0
2011-11-21,1.0,1.0,0.9724668989853532,1.0,1.0030533962264983,8.0,0.996877596070365,24.0
2011-11-28,1.0,1.0,1.048472181021,2.0,1.0909657018123133,9.0,1.0972936629463308,24.0
2011-12-05,1.0,1.0,1.0056580316388493,2.0,1.088281095524748,9.0,1.1088716778866645,24.0
2011-12-12,1.0,1.0,0.998835152904129,2.0,1.074383864077869,9.0,1.1050418241542115,24.0
2011-12-19,1.0,1.0,1.0057024697280954,2.0,1.0714813621401542,10.0,1.1170583891695012,24.0
2011-12-26,1.0,1.0,1.0099762130696814,2.0,1.0747665354718723,11.0,1.1386982878672376,25.0
2012-01-02,1.0,0.0,1.0031792672138018,1.0,1.0632628817387646,10.0,1.1444208101683213,25.0
2012-01-09,1.0,0.0,0.9803687585121282,0.0,1.018053362203854,9.0,1.0994240051366957,25.0
2012-01-16,1.0,0.0,0.9677946739086787,0.0,0.9550643222927854,8.0,1.0317259338285472,24.0
2012-01-23,1.0,1.0,0.9948455006468411,1.0,0.9476642641667397,8.0,1.0227477631209954,24.0
2012-01-30,1.0,1.0,1.0138993996668935,2.0,0.9743562509656924,8.0,1.0528328640893976,25.0
2012-02-06,1.0,1.0,1.0079684538455442,2.0,0.9903129087655371,9.0,1.0699025658672467,26.0
2012-02-13,1.0,1.0,0.9989508890304517,2.0,0.9870260366889084,10.0,1.0675084719562253,27.0
2012-02-20,1.0,1.0,1.0043308628796535,2.0,0.9897834703122749,10.0,1.0755346763792266,28.0
2012-02-27,1.0,0.0,1.0092190111509411,1.0,1.0080909299956402,9.0,1.0932291647084413,27.0
2012-03-05,1.0,1.0,0.982808044658722,1.0,0.9773291752612847,9.0,1.055513074061377,27.0
2012-03-12,1.0,1.0,1.0202319365900905,2.0,1.0178096016560356,9.0,1.0978217963446728,28.0
2012-03-19,1.0,1.0,1.0138447416487448,2.0,1.0451507169030618,9.0,1.12609797889189,29.0
2012-03-26,1.0,0.0,0.9989484376553684,1.0,1.0435633629578913,8.0,1.1193952848063662,29.0
2012-04-02,1.0,0.0,0.9929960189641057,0.0,1.0313320571471702,8.0,1.0997072327895994,28.0
2012-04-09,1.0,0.0,0.9938580158880227,0.0,1.0187903919480075,8.0,1.083247778499528,27.0
2012-04-16,1.0,0.0,0.9766191799601611,0.0,0.9710116493139743,8.0,1.0315765424814434,27.0
2012-04-23,1.0,1.0,1.0156229562303971,1.0,0.9974585611140451,8.0,1.0611827302999508,28.0
2012-04-30,1.0,0.0,0.9851396296772424,1.0,0.9681701369837259,7.0,1.0275189021163442,28.0
2012-05-07,1.0,1.0,1.0068707572541267,1.0,0.981649577974078,7.0,1.038720829137963,29.0
2012-05-14,1.0,0.0,0.9959937875011747,1.0,0.9743309935622898,6.0,1.027703843384785,29.0
2012-05-21,1.0,0.0,0.9925583018897685,0.0,0.9621430898882366,5.0,1.009686036476949,29.0
2012-05-28,1.0,0.0,0.9823227084036888,0.0,0.9345960996532879,5.0,0.9717574389921368,29.0
2012-06-04,1.0,0.0,1.008224544500541,0.0,0.9524713713050282,4.0,0.9843373865657449,28.0
2012-06-11,1.0,0.0,0.986078120865188,0.0,0.9334470175349939,3.0,0.9558964178407372,27.0
2012-06-18,1.0,1.0,1.0061356488265019,1.0,0.9535975657441618,3.0,0.9664064648262322,27.0
2012-06-25,1.0,1.0,1.0074594840686448,2.0,0.9755911494271464,4.0,0.9815151998308872,27.0
2012-07-02,1.0,0.0,1.0050684075262482,1.0,0.9914749573214624,4.0,0.992598625228626,26.0
2012-07-09,1.0,1.0,0.9918623382315165,1.0,0.9816113463438192,5.0,0.9774739008882978,27.0
2012-07-16,1.0,1.0,1.0288881274655002,2.0,1.0380056323664297,6.0,1.0345138278852326,28.0
2012-07-23,1.0,1.0,1.019377432444789,2.0,1.0762174576613763,6.0,1.0728115178151394,29.0
2012-07-30,1.0,1.0,1.0049910237055775,2.0,1.080763439475764,7.0,1.0780945935470727,30.0
2012-08-06,1.0,1.0,1.0005220476285144,2.0,1.0767600802812458,7.0,1.075059181961167,30.0
2012-08-13,1.0,1.0,1.0266386216939305,2.0,1.124563007552192,8.0,1.1281485717975936,31.0
2012-08-20,1.0,1.0,1.0010989613075922,2.0,1.114634835138975,9.0,1.1248669525896537,31.0
2012-08-27,1.0,1.0,1.004737080705576,2.0,1.1092530360019772,10.0,1.1303881220889174,31.0
2012-09-03,1.0,1.0,1.0151375830915188,2.0,1.1257278669908255,11.0,1.1582325196857006,32.0
2012-09-10,1.0,1.0,1.0024932025815938,2.0,1.1115670609799198,12.0,1.1566372440172539,33.0
2012-09-17,1.0,1.0,1.0168390197015564,2.0,1.127566038519397,12.0,1.1877836936589712,33.0
2012-09-24,1.0,1.0,1.013779075160514,2.0,1.1356649780977852,12.0,1.2145737234184941,33.0
2012-10-01,1.0,0.0,1.0086390937051577,1.0,1.1316544938846536,12.0,1.2287338443514135,32.0
2012-10-08,1.0,0.0,0.9848585043807113,0.0,1.0773432587232745,11.0,1.1865859565478718,31.0
2012-10-15,1.0,0.0,0.9558652235582309,0.0,0.9785385657070257,10.0,1.0833171387142104,30.0
2012-10-22,1.0,1.0,0.9951066827365554,1.0,0.9647279756551996,10.0,1.0704942769880301,31.0
2012-10-29,1.0,0.0,1.0093685065970235,1.0,0.9779668902442982,9.0,1.0875331541544397,31.0
2012-11-05,1.0,0.0,0.9815759245142353,0.0,0.9404198051820011,8.0,1.0448798371846686,30.0
2012-11-12,1.0,1.0,0.987902721687434,1.0,0.9209491197925821,8.0,1.0190401857421858,30.0
2012-11-19,1.0,1.0,1.015808076635,2.0,0.9516441130147433,8.0,1.0504344111883188,30.0
2012-11-26,1.0,1.0,1.0222492246531572,2.0,0.9935085073811578,8.0,1.0957453111109294,30.0
2012-12-03,1.0,1.0,0.9897582712739574,2.0,0.9757069396463639,8.0,1.0718105375388984,30.0
2012-12-10,1.0,1.0,1.0128050666925954,2.0,1.0018674765513647,8.0,1.0976878689503162,30.0
2012-12-17,1.0,0.0,1.009643108920251,1.0,1.0234408115647449,7.0,1.1167726934385653,30.0
2012-12-24,1.0,1.0,0.988966171686388,1.0,1.007139572163176,7.0,1.0898452835416501,31.0
2012-12-31,1.0,1.0,1.0263981234145594,2.0,1.0652536141139406,8.0,1.143533546640483,32.0
2013-01-07,1.0,0.0,1.0013667656360155,1.0,1.0687343698018892,8.0,1.1410055508446444,31.0
2013-01-14,1.0,1.0,0.9754378613523477,1.0,1.014930380456949,9.0,1.0826862590302058,31.0
2013-01-21,1.0,1.0,1.0337132691562954,2.0,1.076385234724234,9.0,1.1529986613609406,31.0
2013-01-28,1.0,1.0,1.0143401491777726,2.0,1.0971371314607756,10.0,1.1803737564108698,31.0
2013-02-04,1.0,1.0,1.0062589217193498,2.0,1.0963624779109211,11.0,1.188892793955258,31.0
2013-02-11,1.0,1.0,1.0047647375071085,2.0,1.0898082332676915,11.0,1.194071481850353,32.0
2013-02-18,1.0,1.0,1.0042823395543574,2.0,1.0840823404668167,11.0,1.19715026745944,32.0
2013-02-25,1.0,1.0,1.0040350971478595,2.0,1.0807159534298072,11.0,1.2003405264566127,32.0
2013-03-04,1.0,1.0,1.0154667380915618,2.0,1.0979927189101426,11.0,1.231128244645734,32.0
2013-03-11,1.0,0.0,0.9895371373392233,1.0,1.0631231934298302,10.0,1.1994859003699716,32.0
2013-03-18,1.0,0.0,0.9975439993577999,0.0,1.0479494472802762,10.0,1.1873822056858896,32.0
2013-03-25,1.0,0.0,0.9899532592855592,0.0,1.0175681048874203,9.0,1.1580054199276637,32.0
2013-04-01,1.0,0.0,0.9929370269500375,0.0,0.998856850565938,8.0,1.1355699733591107,32.0
2013-04-08,1.0,1.0,1.0044498231423127,1.0,1.0028599771554467,9.0,1.1399330901223912,32.0
2013-04-15,1.0,1.0,1.0061764085392344,2.0,1.0059583705735506,9.0,1.1473839012858595,33.0
2013-04-22,1.0,1.0,1.0009679555077147,2.0,1.0032731343190795,9.0,1.1431728866891624,33.0
2013-04-29,1.0,1.0,1.0268951185639459,2.0,1.0516299613644127,9.0,1.1979797097233356,34.0
2013-05-06,1.0,1.0,1.019994769697648,2.0,1.0847001237726595,9.0,1.2367484417503765,35.0
2013-05-13,1.0,0.0,1.0161785398465184,1.0,1.1081594153511662,8.0,1.2653982241179025,35.0
2013-05-20,1.0,0.0,0.9798821885177046,0.0,1.057155248396529,7.0,1.2056592741038104,35.0
2013-05-27,1.0,1.0,0.9987962150504329,1.0,1.0482655716719511,7.0,1.1926599540569454,36.0
2013-06-03,1.0,1.0,1.0048602300087253,2.0,1.0538028126854744,7.0,1.1942309470572394,36.0
2013-06-10,1.0,1.0,0.9973272943501971,2.0,1.0423509697514695,8.0,1.178426970596294,36.0
2013-06-17,1.0,1.0,1.0033542662609607,2.0,1.0426203674370376,9.0,1.177008636605145,37.0
2013-06-24,1.0,1.0,0.9996820366074867,2.0,1.0338460015927466,10.0,1.1667866980781942,37.0
2013-07-01,1.0,1.0,1.007396329961148,2.0,1.0388889212712107,11.0,1.175368551664301,37.0
2013-07-08,1.0,1.0,1.0162456125454986,2.0,1.0605894729409158,11.0,1.2050561879338988,37.0
2013-07-15,1.0,0.0,0.9854913134237905,1.0,1.0215201354418662,10.0,1.1628377590290229,36.0
2013-07-22,1.0,1.0,0.993686707258024,1.0,1.0013372359829056,10.0,1.141044682777392,36.0
2013-07-29,1.0,1.0,1.0118420393593872,2.0,1.019937659671688,10.0,1.161524096689112,36.0
2013-08-05,1.0,0.0,0.991007151245473,1.0,1.00087508757696,9.0,1.1346619124487558,35.0
2013-08-12,1.0,0.0,0.9808277618174208,0.0,0.9675921270702917,9.0,1.08721139503472,34.0
2013-08-19,1.0,0.0,1.0077006462771623,0.0,0.9828754537584923,9.0,1.0995084949404066,33.0
2013-08-26,1.0,1.0,0.9864249054931933,1.0,0.9585730399881482,9.0,1.0663587993378596,33.0
2013-09-02,1.0,1.0,1.0189286973998812,2.0,0.99557527331121,9.0,1.1034615849448557,33.0
2013-09-09,1.0,1.0,1.0053656381797964,2.0,1.0050889319094005,9.0,1.1116137108579418,33.0
2013-09-16,1.0,0.0,1.0078340392762524,1.0,1.0189956511859888,8.0,1.1253561179885196,33.0
2013-09-23,1.0,0.0,0.9849845704062682,0.0,0.9891887295488765,7.0,1.088489638225461,33.0
2013-09-30,1.0,0.0,0.9976897366608085,0.0,0.9864392580962519,6.0,1.0783673103106444,33.0
2013-10-07,1.0,1.0,0.9997936169647645,1.0,0.9904267213303338,6.0,1.0727019552375996,33.0
2013-10-14,1.0,1.0,1.0740257061949792,2.0,1.1373741727651985,7.0,1.2343887396409847,34.0
2013-10-21,1.0,1.0,1.001870126230781,2.0,1.128955272020433,7.0,1.2284542623506314,35.0
2013-10-28,1.0,1.0,1.0057975282743357,2.0,1.1304720580837033,7.0,1.2314604102786912,35.0
2013-11-04,1.0,1.0,0.9946110651301681,2.0,1.1065834100045229,8.0,1.2081747037578507,35.0
2013-11-11,1.0,1.0,1.008552959886367,2.0,1.1092593148244576,9.0,1.2193001844330553,35.0
2013-11-18,1.0,1.0,0.9991914329863011,2.0,1.0928793835409634,10.0,1.207425224416273,35.0
2013-11-25,1.0,1.0,1.01324422272896,2.0,1.1031023113320697,10.0,1.2295468281892112,35.0
2013-12-02,1.0,1.0,1.004827520061383,2.0,1.0970862059987911,10.0,1.2313525508980194,36.0
2013-12-09,1.0,1.0,0.9957384079999997,2.0,1.0732379304636488,10.0,1.2108463293171743,36.0
2013-12-16,1.0,1.0,1.0184277756688735,2.0,1.0966778644192274,11.0,1.245994964601718,36.0
2013-12-23,1.0,1.0,1.0080125541610783,2.0,1.0940992330517654,12.0,1.2553676569065033,37.0
2013-12-30,1.0,1.0,0.9939731807732683,2.0,1.0623907634272742,13.0,1.2292744724402531,37.0
2014-01-06,1.0,1.0,1.0112653172762125,2.0,1.0662400431545969,13.0,1.2468414687921525,37.0
2014-01-13,1.0,0.0,1.0089226774264213,1.0,1.0745896125809704,12.0,1.2588778798412419,36.0
2014-01-20,1.0,1.0,0.9882604134552977,1.0,1.0415232160055516,12.0,1.2206226840880035,36.0
2014-01-27,1.0,1.0,1.0247917501822876,2.0,1.0825984515394524,12.0,1.2719612928697193,36.0
2014-02-03,1.0,1.0,0.9985032171285265,2.0,1.0672155007589397,12.0,1.2579239773840856,36.0
2014-02-10,1.0,1.0,1.0106543772800134,2.0,1.0774873531277385,12.0,1.2742191844517532,36.0
2014-02-17,1.0,1.0,1.0004113808931394,2.0,1.0657499529791996,12.0,1.2652880499562256,36.0
2014-02-24,1.0,1.0,1.0049019640425993,2.0,1.0649318312302838,12.0,1.2670636395260395,37.0
2014-03-03,1.0,0.0,0.9996461577202651,1.0,1.0538866445319253,11.0,1.2555805529894077,37.0
2014-03-10,1.0,0.0,0.9824132318943524,0.0,1.0099093955855947,10.0,1.2027671981203374,37.0
2014-03-17,1.0,0.0,1.00434662787221,0.0,1.0131956494299545,9.0,1.2033958958783086,37.0
2014-03-24,1.0,0.0,0.9731179618643231,0.0,0.9599773919084355,8.0,1.1327610904768215,36.0
2014-03-31,1.0,0.0,0.9847252902911936,0.0,0.9321745710915202,7.0,1.0923303796983446,35.0
2014-04-07,1.0,0.0,0.9883211782325877,0.0,0.9147495623850568,6.0,1.0615474643229257,34.0
2014-04-14,1.0,0.0,1.0051560731997151,0.0,0.9289857039208818,6.0,1.0676951703956599,33.0
2014-04-21,1.0,0.0,0.9810696802444812,0.0,0.8998858262730811,5.0,1.0248993573332743,32.0
2014-04-28,1.0,1.0,1.0112536093496665,1.0,0.9280824505931969,5.0,1.045166748880687,33.0
2014-05-05,1.0,0.0,0.9912101406161147,1.0,0.9205486060880792,4.0,1.023609154555968,33.0
2014-05-12,1.0,1.0,1.001828048470758,1.0,0.934143495844826,4.0,1.023905228563953,33.0
2014-05-19,1.0,1.0,1.0298789750297794,2.0,0.9983813176690305,4.0,1.082154706153002,33.0
2014-05-26,1.0,1.0,1.0064624164512825,2.0,1.0180642271564282,4.0,1.0909858168351791,33.0
2014-06-02,1.0,0.0,0.996810655948431,1.0,1.018781172586741,4.0,1.0791575215942775,32.0
2014-06-09,1.0,1.0,0.9958757793238159,1.0,1.0152827085648555,5.0,1.0656616911301844,32.0
2014-06-16,1.0,1.0,1.0041511723188716,2.0,1.0287809648697388,6.0,1.0699970584317295,32.0
2014-06-23,1.0,1.0,1.0184191949595212,2.0,1.0647781683168063,7.0,1.105213838868895,32.0
2014-06-30,1.0,1.0,1.0064459409448205,2.0,1.0722664500495591,8.0,1.1137170511574193,33.0
2014-07-07,1.0,1.0,0.9952316088159646,2.0,1.0548603686762017,9.0,1.097421172449066,33.0
2014-07-14,1.0,1.0,1.013540450527457,2.0,1.0749367399604035,10.0,1.1215027115567568,33.0
2014-07-21,1.0,0.0,0.9948821667554016,1.0,1.0533290622249496,10.0,1.1040783967563426,33.0
2014-07-28,1.0,0.0,0.9801314265929973,0.0,1.0070049208349114,9.0,1.0555974153452168,33.0
2014-08-04,1.0,1.0,1.0023791870329537,1.0,1.0049267650909564,10.0,1.0553541420064823,34.0
2014-08-11,1.0,1.0,1.004123448407366,2.0,1.006022454576381,10.0,1.0581853886121215,34.0
2014-08-18,1.0,0.0,1.0078543981370345,1.0,1.017849683493048,9.0,1.0692886152743015,33.0
2014-08-25,1.0,1.0,0.9905038887378329,1.0,0.9971309963502123,9.0,1.0442833415306414,33.0
2014-09-01,1.0,1.0,1.0125078003174248,2.0,1.0183254939013906,10.0,1.065482761172553,34.0
2014-09-08,1.0,1.0,0.9909959496722544,2.0,0.9969716705632244,10.0,1.0412472656255518,35.0
2014-09-15,1.0,1.0,1.0174618039565655,2.0,1.026973649387965,10.0,1.0720389043472986,36.0
2014-09-22,1.0,0.0,0.983821750273598,1.0,0.9942918580419197,9.0,1.0326463555947654,35.0
2014-09-29,1.0,0.0,0.9984206790631914,0.0,0.9923990984074849,8.0,1.0268144970719695,34.0
2014-10-06,1.0,0.0,0.9725032629940402,0.0,0.9436279044512411,7.0,0.9705618401257234,33.0
2014-10-13,1.0,0.0,0.9684368174708899,0.0,0.8959044634199052,6.0,0.9112281184420478,32.0
2014-10-20,1.0,1.0,1.0272230056328768,1.0,0.9523702654658198,7.0,0.9611233891829789,32.0
2014-10-27,1.0,1.0,1.0175636331509572,2.0,0.9873592053977593,8.0,0.9939730362324374,32.0
2014-11-03,1.0,0.0,0.9835740797192805,1.0,0.959063629132164,7.0,0.9609728166655673,31.0
2014-11-10,1.0,0.0,1.0031232261305163,0.0,0.9689153371267559,6.0,0.9664746723807902,30.0
2014-11-17,1.0,0.0,0.9936223350645774,0.0,0.9625729481736685,6.0,0.9541200949381361,29.0
2014-11-24,1.0,0.0,1.0040117633216286,0.0,0.974322988388856,5.0,0.9613979572672577,28.0
2014-12-01,1.0,0.0,0.9844717626928133,0.0,0.9525402131548333,4.0,0.9328078956337544,27.0
2014-12-08,1.0,0.0,0.993677688338224,0.0,0.9481047883635305,3.0,0.9223968498402402,26.0
2014-12-15,1.0,1.0,0.9977681547027393,1.0,0.954584195326846,3.0,0.919452905446374,26.0
2014-12-22,1.0,1.0,1.0168319811027735,2.0,0.9933536674616624,4.0,0.9519691318658995,26.0
2014-12-29,1.0,0.0,0.9912923577474498,1.0,0.983304418027097,4.0,0.9372001021336148,26.0
2015-01-05,1.0,0.0,0.9719485500371697,0.0,0.9361630532771267,4.0,0.8881227734396315,25.0
2015-01-12,1.0,1.0,1.0118595710506986,1.0,0.9590646558990592,5.0,0.9121126058867989,25.0
2015-01-19,1.0,1.0,1.030409418410041,2.0,1.0191980891015084,5.0,0.9710058399524341,25.0
2015-01-26,1.0,0.0,0.9949463617428683,1.0,1.0125594298630463,4.0,0.9635378751997637,24.0
2015-02-02,1.0,1.0,0.9966964501432213,1.0,1.007360752674883,5.0,0.9596245849037776,24.0
2015-02-09,1.0,1.0,1.016675782648316,2.0,1.0408273585747572,6.0,0.9942641232439132,24.0
2015-02-16,1.0,1.0,0.990753329980795,2.0,1.0215393237521344,7.0,0.9784494872096647,25.0
2015-02-23,1.0,1.0,1.0177245159147101,2.0,1.0558544589484473,8.0,1.014770541250064,26.0
2015-03-02,1.0,0.0,1.0082453718080664,1.0,1.0668279277563457,8.0,1.032516281172009,26.0
2015-03-09,1.0,0.0,0.9817355273178046,0.0,1.0243130515449959,8.0,0.99593508545916,26.0
2015-03-16,1.0,1.0,1.0117723243066956,1.0,1.0421148443283905,8.0,1.0190247527654357,27.0
2015-03-23,1.0,0.0,0.9891584859238414,1.0,1.0176776730076134,7.0,0.9965232235545167,27.0
2015-03-30,1.0,0.0,0.9881812403911502,0.0,0.9923845119315998,7.0,0.9732631931329014,27.0
2015-04-06,1.0,0.0,1.004165350905536,0.0,0.9944717176410072,7.0,0.9805557491499993,27.0
2015-04-13,1.0,1.0,0.985000856660465,1.0,0.9629017346833862,7.0,0.9517095384602937,27.0
2015-04-20,1.0,1.0,1.0376545960014674,2.0,1.0345826693627227,7.0,1.0244624794928432,28.0
2015-04-27,1.0,0.0,0.9767454425568521,1.0,0.9868836032014148,7.0,0.9772341720457566,27.0
2015-05-04,1.0,0.0,1.000297343054764,0.0,0.9862633329944492,6.0,0.9782764056110796,26.0
2015-05-11,1.0,1.0,0.9959237709550471,1.0,0.9801423188962396,6.0,0.9711986547364544,26.0
2015-05-18,1.0,0.0,1.00582892534093,1.0,0.9912666837885669,5.0,0.9831128335841175,26.0
2015-05-25,1.0,0.0,0.9925388161865379,0.0,0.9800100165849055,4.0,0.9691911119627977,25.0
2015-06-01,1.0,1.0,1.0011450823079378,1.0,0.9868427884653418,5.0,0.972174914697649,25.0
2015-06-08,1.0,1.0,0.9990616287338775,2.0,0.9868875856434305,6.0,0.9718873494530226,25.0
2015-06-15,1.0,0.0,1.0040784738127895,1.0,0.9981213408158812,5.0,0.9815117943524808,24.0
2015-06-22,1.0,0.0,0.9953200171100449,0.0,0.9909700669607738,5.0,0.9740030383895424,23.0
2015-06-29,1.0,0.0,0.9921428638832165,0.0,0.9770128086666494,5.0,0.9612837632462711,22.0
2015-07-06,1.0,1.0,1.0063880509487102,1.0,0.9907707025064012,6.0,0.9756969741421767,23.0
2015-07-13,1.0,1.0,1.1186973119235593,2.0,1.2310498432175192,6.0,1.2335956750548733,24.0
2015-07-20,1.0,0.0,0.9619202590000849,1.0,1.1311745909269808,5.0,1.1407353964342306,23.0
2015-07-27,1.0,1.0,1.001641104344126,1.0,1.1211710777165085,6.0,1.142241437371114,23.0
2015-08-03,1.0,1.0,1.0076849097744573,2.0,1.1235008764934153,7.0,1.157636574198042,24.0
2015-08-10,1.0,0.0,1.0168830508747724,1.0,1.1429228630533876,6.0,1.1936085564306083,23.0
2015-08-17,1.0,0.0,0.9648393437350538,0.0,1.055065299018554,6.0,1.111392746890667,22.0
2015-08-24,1.0,0.0,1.0144022424966535,0.0,1.0719415847417018,6.0,1.141539737084685,21.0
2015-08-31,1.0,0.0,0.9758910992347768,0.0,1.012548755071378,5.0,1.0875467183176475,20.0
2015-09-07,1.0,1.0,1.0204407770478061,1.0,1.042180394176298,5.0,1.1308774363493426,21.0
2015-09-14,1.0,0.0,1.0027728607974395,1.0,1.0356949290797874,5.0,1.1348880091107352,21.0
2015-09-21,1.0,0.0,0.9860782079644692,0.0,0.99711852799903,5.0,1.1009834517508579,21.0
2015-09-28,1.0,1.0,1.0120593059054155,1.0,1.008379037059563,6.0,1.1231279380871644,22.0
2015-10-05,1.0,1.0,1.013144209798138,2.0,1.0209063735735346,6.0,1.1487120807107971,22.0
2015-10-12,1.0,1.0,1.0142363830987713,2.0,1.0517712212757877,6.0,1.1774927988149324,22.0
2015-10-19,1.0,1.0,1.0291745769019154,2.0,1.104401349014126,7.0,1.2410922057711462,23.0
2015-10-26,1.0,1.0,1.0062358303277414,2.0,1.1068491616144336,7.0,1.249251314058664,24.0
2015-11-02,1.0,1.0,1.015887067828553,2.0,1.1292678053780911,7.0,1.2806848720446333,25.0
2015-11-09,1.0,1.0,0.9884474169122176,2.0,1.0957064745312148,8.0,1.2437626843770098,26.0
2015-11-16,1.0,1.0,1.0268730096190635,2.0,1.1369605814629151,9.0,1.3019416282308935,27.0
2015-11-23,1.0,1.0,0.995792557596393,2.0,1.1120234927356418,10.0,1.2807607516272856,28.0
2015-11-30,1.0,0.0,1.010909178688569,1.0,1.1154286385921077,10.0,1.2978522815442044,27.0
2015-12-07,1.0,0.0,0.9814436088442563,0.0,1.0613543708102393,9.0,1.2418901888653204,26.0
2015-12-14,1.0,1.0,1.0002976546701048,1.0,1.04922647780555,10.0,1.2336745715534319,27.0
2015-12-21,1.0,1.0,1.006110038958524,2.0,1.046539845033971,11.0,1.2383623680911737,28.0
2015-12-28,1.0,0.0,1.0069529495014735,1.0,1.0463413715624408,10.0,1.2453102328591787,27.0
2016-01-04,1.0,0.0,0.9698577940089873,0.0,0.9777606148742486,9.0,1.1657007509976527,26.0
2016-01-11,1.0,1.0,0.9857905422192109,1.0,0.9471474952116076,9.0,1.127101097184108,27.0
2016-01-18,1.0,1.0,1.0216947369484528,2.0,0.9867481402868237,9.0,1.1696595387752657,27.0
2016-01-25,1.0,0.0,1.0120555554198711,1.0,1.0074412979898424,8.0,1.1906991956154365,26.0
2016-02-01,1.0,0.0,0.9583742541789804,0.0,0.9318001494179964,7.0,1.0904267727417751,25.0
2016-02-08,1.0,1.0,0.9991434336447602,1.0,0.9335923311763356,7.0,1.0842181859394235,25.0
2016-02-15,1.0,1.0,1.013380988621844,2.0,0.964569047630547,7.0,1.1088783943965252,26.0
2016-02-22,1.0,1.0,1.002958792763064,2.0,0.9749578747030112,7.0,1.1098673492384319,27.0
2016-02-29,1.0,1.0,1.0041102368729893,2.0,0.9888875617305183,8.0,1.1136969733328141,27.0
2016-03-07,1.0,1.0,1.0110801369025584,2.0,1.0123524426055097,9.0,1.132268167992321,28.0
2016-03-14,1.0,1.0,1.0073612960749168,2.0,1.0275556839776567,9.0,1.141820817476594,29.0
2016-03-21,1.0,1.0,0.9984384319675202,2.0,1.025791518486579,9.0,1.131367977792698,30.0
2016-03-28,1.0,1.0,1.0098369831443497,2.0,1.0471814177330903,10.0,1.1458330359478015,30.0
2016-04-04,1.0,1.0,0.9927739888807975,2.0,1.0294270573823725,11.0,1.1233627708027014,30.0
2016-04-11,1.0,0.0,1.0132496784567881,1.0,1.0498126529327576,10.0,1.1458302457299334,30.0
2016-04-18,1.0,0.0,0.9727765307667594,0.0,0.9948543010198447,9.0,1.0792134788374486,30.0
2016-04-25,1.0,0.0,0.981753556692181,0.0,0.9643271827737313,9.0,1.0355860254832876,29.0
2016-05-02,1.0,1.0,1.0128976446860292,1.0,0.9866178484864028,10.0,1.057244824700019,30.0
2016-05-09,1.0,0.0,0.9997960594347515,1.0,0.9832322138489797,9.0,1.0512272764796593,30.0
2016-05-16,1.0,1.0,0.999232694198267,1.0,0.9808030081673412,9.0,1.044167075352349,30.0
2016-05-23,1.0,1.0,1.0158901819941737,2.0,1.0095158235865447,9.0,1.0715705314938713,30.0
2016-05-30,1.0,0.0,0.9929072324352985,1.0,0.9940897341015574,8.0,1.0507705314655669,30.0
2016-06-06,1.0,0.0,0.9979677526521505,0.0,0.9908347020780466,7.0,1.0408239489312856,30.0
2016-06-13,1.0,0.0,0.9803773937047776,0.0,0.9573509992514746,6.0,0.9959121870922937,30.0
2016-06-20,1.0,1.0,0.9879292880921078,1.0,0.9405307250981328,6.0,0.9681115251143833,30.0
2016-06-27,1.0,1.0,1.0174544679027044,2.0,0.9792666881960136,6.0,1.0017527230889407,30.0
2016-07-04,1.0,1.0,1.0045699575404354,2.0,0.9918399434264014,6.0,1.0085788955323518,31.0
2016-07-11,1.0,1.0,1.0099755663279035,2.0,1.0161289838886949,7.0,1.0261395177288541,31.0
2016-07-18,1.0,1.0,1.0156503286827754,2.0,1.045718428421483,8.0,1.0555358147014307,31.0
2016-07-25,1.0,1.0,1.0172341649166265,2.0,1.073583688444588,9.0,1.089099621797567,32.0
2016-08-01,1.0,1.0,1.0086588889646413,2.0,1.084058605653156,9.0,1.1028214432679935,33.0
2016-08-08,1.0,0.0,1.000638788295558,1.0,1.07713203047464,9.0,1.0994928390001593,33.0
2016-08-15,1.0,0.0,0.9949956450030901,0.0,1.0590464973355314,8.0,1.0832293732438556,33.0
2016-08-22,1.0,0.0,0.9961940928686772,0.0,1.0469592559637493,7.0,1.0707144331616445,32.0
2016-08-29,1.0,0.0,1.0012459528563837,0.0,1.0442036014690168,7.0,1.069154878051638,32.0
2016-09-05,1.0,0.0,0.9922932216276921,0.0,1.023940695022213,7.0,1.0485092239357459,32.0
2016-09-12,1.0,1.0,1.0060318804005814,1.0,1.0281428130937975,8.0,1.0570921637453536,32.0
2016-09-19,1.0,1.0,1.011582626844358,2.0,1.0402887456322707,8.0,1.0776210625098337,32.0
2016-09-26,1.0,0.0,0.9938562056244733,1.0,1.0194892248350969,7.0,1.0611157034731777,31.0
2016-10-03,1.0,1.0,0.9985764151414463,1.0,1.0095170658020318,7.0,1.0559917994458234,31.0
2016-10-10,1.0,1.0,1.0022205932709822,2.0,1.008083834405771,7.0,1.0587384318821544,31.0
2016-10-17,1.0,1.0,1.0132074258347294,2.0,1.0292629743255395,7.0,1.085142736391058,31.0
2016-10-24,1.0,0.0,0.9974917923991761,1.0,1.0214236445553853,6.0,1.0774203554564865,30.0
2016-10-31,1.0,0.0,0.9785859742577079,0.0,0.9805518460449317,5.0,1.0320923970205023,29.0
2016-11-07,1.0,0.0,0.9947230743836256,0.0,0.9730700372750882,5.0,1.02115301841942,28.0
2016-11-14,1.0,1.0,1.0043048834098904,1.0,0.98293609561284,6.0,1.030157867302472,29.0
2016-11-21,1.0,0.0,1.0007488957771842,1.0,0.9851792704643185,6.0,1.0310648633691462,29.0
2016-11-28,1.0,1.0,0.9926067253986111,1.0,0.972747353021897,7.0,1.0156231761002266,29.0
2016-12-05,1.0,1.0,1.0251917320175425,2.0,1.0200109993451267,8.0,1.0669354033152374,29.0
2016-12-12,1.0,1.0,1.000955647931422,2.0,1.0197403493823267,8.0,1.0680548862306425,30.0
2016-12-19,1.0,0.0,0.9994369332952743,1.0,1.0182886067607735,7.0,1.0646831946517745,30.0
2016-12-26,1.0,1.0,0.9884167036030013,1.0,0.9955084362507621,8.0,1.038135337498864,30.0
2017-01-02,1.0,1.0,1.0217557920680636,2.0,1.0365924552215666,8.0,1.0819561873589494,30.0
2017-01-09,1.0,0.0,1.0010718769200169,1.0,1.0358100083440378,7.0,1.0823916365085229,30.0
2017-01-16,1.0,1.0,0.9982267771643032,1.0,1.0315682383908649,7.0,1.0750611572098665,31.0
2017-01-23,1.0,0.0,1.0112323815093647,1.0,1.052107856710232,7.0,1.095364041884503,30.0
2017-01-30,1.0,0.0,0.9865706600106994,0.0,1.020265561149133,7.0,1.0634876415791226,29.0
2017-02-06,1.0,1.0,1.007541015742629,1.0,1.0297554303877707,8.0,1.076546463120049,29.0
2017-02-13,1.0,1.0,1.0087711968809887,2.0,1.0411350837570288,8.0,1.0922120897820786,29.0
2017-02-20,1.0,1.0,1.0003440506024708,2.0,1.0351480371820878,9.0,1.0900360843428145,29.0
2017-02-27,1.0,1.0,1.0002654170755272,2.0,1.0279357242572338,9.0,1.0879963316332102,29.0
2017-03-06,1.0,1.0,1.0084732072441407,2.0,1.0401514474381368,9.0,1.1034651462820035,29.0
2017-03-13,1.0,0.0,1.0052319025587455,1.0,1.0450123998777847,8.0,1.1120974443566887,28.0
2017-03-20,1.0,0.0,0.977384433590413,0.0,0.9964856443180372,8.0,1.060823987017798,27.0
2017-03-27,1.0,1.0,1.0092032218516096,1.0,1.0095116914496098,8.0,1.0785488336833011,28.0
2017-04-03,1.0,0.0,0.9970439515616499,1.0,1.0018241351044896,7.0,1.069246747214175,28.0
2017-04-10,1.0,1.0,0.9993265499522975,1.0,0.9990118757021075,8.0,1.0642048334946494,29.0
2017-04-17,1.0,1.0,1.0117773955337135,2.0,1.0191937969670664,8.0,1.0858644067279706,29.0
2017-04-24,1.0,1.0,1.0358860040270501,2.0,1.0867149842624277,9.0,1.1608656746930832,30.0
2017-05-01,1.0,1.0,1.011548788040893,2.0,1.099363947688327,10.0,1.1814103574654526,30.0
2017-05-08,1.0,1.0,1.0027375302779482,2.0,1.0935743809343978,10.0,1.181885512326564,30.0
2017-05-15,1.0,1.0,1.000959157517768,2.0,1.0852990262736488,10.0,1.1778332726642902,31.0
2017-05-22,1.0,1.0,1.0196590996267223,2.0,1.1145971665690682,10.0,1.2173333930480605,32.0
2017-05-29,1.0,0.0,1.0021211070131637,1.0,1.1050458998966872,9.0,1.2138724525508071,32.0
2017-06-05,1.0,0.0,0.9866159981956648,0.0,1.0659579273414768,8.0,1.1737874942721391,31.0
2017-06-12,1.0,1.0,0.9946814163208102,1.0,1.046757805584756,9.0,1.1545032551787318,31.0
2017-06-19,1.0,0.0,1.013545932550428,1.0,1.0617547380856796,9.0,1.1786820152413808,30.0
2017-06-26,1.0,0.0,0.9696636805169453,0.0,0.9925851268031849,8.0,1.1041821806290808,29.0
2017-07-03,1.0,1.0,1.0053958805729135,1.0,0.995499216543408,9.0,1.1114133327665807,29.0
2017-07-10,1.0,1.0,1.0199511243057984,2.0,1.0247178156193975,9.0,1.1514480678281156,29.0
2017-07-17,1.0,0.0,1.0087769818375945,1.0,1.0318278454185037,8.0,1.1664809454576595,28.0
2017-07-24,1.0,0.0,0.9836036462484337,0.0,0.9956480690129673,7.0,1.1245769348165504,28.0
2017-07-31,1.0,0.0,0.9927413236954186,0.0,0.9812318080609248,6.0,1.104344563346336,28.0
2017-08-07,1.0,0.0,0.9926344363209452,0.0,0.9682871258883875,5.0,1.0844564393434262,28.0
2017-08-14,1.0,1.0,0.9979617018666989,1.0,0.9661847598444457,5.0,1.0764899392068776,29.0
2017-08-21,1.0,1.0,1.0028578067487077,2.0,0.9761507635374252,5.0,1.0786762362381803,30.0
2017-08-28,1.0,1.0,1.0115744095177999,2.0,1.0021555820330317,6.0,1.099575569965863,30.0
2017-09-04,1.0,0.0,0.9941840521816784,1.0,0.9924702801779517,6.0,1.0833112724945178,29.0
2017-09-11,1.0,1.0,0.9966373968107239,1.0,0.9874038317784744,6.0,1.072463814245783,30.0
2017-09-18,1.0,1.0,1.004456883388844,2.0,0.999301252703643,7.0,1.078210116994193,30.0
2017-09-25,1.0,1.0,1.016200156214161,2.0,1.0279248553973455,8.0,1.1090685160050362,30.0
2017-10-02,1.0,1.0,1.0102063818112719,2.0,1.043934336214649,8.0,1.1272609921452026,30.0
2017-10-09,1.0,1.0,1.005481148082075,2.0,1.052532397932296,8.0,1.1346088270885186,31.0
2017-10-16,1.0,1.0,0.9992517108064971,2.0,1.0496462885615516,9.0,1.127067056061416,32.0
2017-10-23,1.0,1.0,1.0154772038077537,2.0,1.0758148438339188,10.0,1.1555117926764524,33.0
2017-10-30,1.0,1.0,1.0064384019781132,2.0,1.0805877717880112,11.0,1.1633147649816584,33.0
2017-11-06,1.0,0.0,0.9978597855357225,1.0,1.0662142119770583,11.0,1.1514339323990228,33.0
2017-11-13,1.0,1.0,0.9956134222875327,1.0,1.0478377991496992,11.0,1.134550442591272,33.0
2017-11-20,1.0,0.0,1.0104481259125353,1.0,1.0595133179036407,10.0,1.1520618145607975,32.0
2017-11-27,1.0,0.0,0.9851568730530819,0.0,1.0226868861633545,9.0,1.112955671143312,31.0
2017-12-04,1.0,1.0,1.0131300179679579,1.0,1.0409383255655489,10.0,1.1363823365325334,32.0
2017-12-11,1.0,1.0,1.012916167977537,2.0,1.0564422053557134,10.0,1.1586975310805676,32.0
2017-12-18,1.0,0.0,0.9980840946889493,1.0,1.0419318864332399,9.0,1.1479175684715581,31.0
2017-12-25,1.0,1.0,0.9934868805177899,1.0,1.021704609852252,9.0,1.1272385560310547,32.0
2018-01-01,1.0,1.0,1.0259840000840834,2.0,1.0663386790163876,9.0,1.1798267294952043,32.0
2018-01-08,1.0,1.0,1.0090043037936045,2.0,1.0751090123539708,9.0,1.1936276980093685,33.0
2018-01-15,1.0,1.0,1.0067484812330032,2.0,1.077858807321892,9.0,1.2012611681185066,34.0
2018-01-22,1.0,0.0,1.0165690457486973,1.0,1.1016069496404821,8.0,1.2323129583603247,33.0
2018-01-29,1.0,0.0,0.9720510323096888,0.0,1.035775325585014,7.0,1.1584104367729096,32.0
2018-02-05,1.0,0.0,0.9655204380023684,0.0,0.9660576552154153,7.0,1.076498865275153,31.0
2018-02-12,1.0,1.0,1.0267375826112572,1.0,1.0136416466832967,7.0,1.129420149266947,31.0
2018-02-19,1.0,0.0,1.0143995851480958,1.0,1.0368959163704508,7.0,1.1556609607547572,30.0
2018-02-26,1.0,1.0,0.978297225918088,1.0,0.9880365766408981,8.0,1.1014402494768294,31.0
2018-03-05,1.0,1.0,1.036231105751092,2.0,1.053198647630011,8.0,1.175955357403799,32.0
2018-03-12,1.0,0.0,0.9894109610291623,1.0,1.0260014905777057,7.0,1.1442092579167178,31.0
2018-03-19,1.0,0.0,0.947081997903393,0.0,0.9253499569050846,7.0,1.0251298440545942,31.0
2018-03-26,1.0,0.0,1.004977223580468,0.0,0.9355597726805303,6.0,1.0310765053653028,30.0
2018-04-02,1.0,0.0,0.9878606924812167,0.0,0.9192211697084285,5.0,1.0030588843772765,29.0
2018-04-09,1.0,1.0,1.0109168030675388,1.0,0.9456872671448102,5.0,1.022688813527096,29.0
2018-04-16,1.0,1.0,1.020782672092888,2.0,0.9903474746719446,5.0,1.0630188376811431,29.0
2018-04-23,1.0,0.0,0.9795959102865809,1.0,0.9606855229914533,5.0,1.018532006780163,28.0
2018-04-30,1.0,1.0,1.0087380882255172,1.0,0.9821102012526615,6.0,1.0341533672210457,28.0
2018-05-07,1.0,1.0,1.0233173412966867,2.0,1.024538146116076,7.0,1.0808281548906564,28.0
2018-05-14,1.0,0.0,0.9852630261122306,1.0,0.9968138545648176,6.0,1.0475631734191027,28.0
2018-05-21,1.0,1.0,1.0043416975101587,1.0,1.0092177849481987,7.0,1.0540932731262063,29.0
2018-05-28,1.0,1.0,1.0199711869718484,2.0,1.0472825927055054,7.0,1.0932036150859625,29.0
2018-06-04,1.0,1.0,1.0006115107803422,2.0,1.0515281758948114,7.0,1.091232118192433,30.0
2018-06-11,1.0,1.0,1.0138091529980044,2.0,1.079688322035262,8.0,1.1164978855109395,31.0
2018-06-18,1.0,0.0,1.0013952984475771,1.0,1.0723551295274223,8.0,1.1145015315593343,30.0
2018-06-25,1.0,0.0,0.9824625006151708,0.0,1.0292288524116204,8.0,1.0727800218546795,29.0
2018-07-02,1.0,1.0,1.010869643152593,1.0,1.0420050984632085,9.0,1.09284268581474,30.0
2018-07-09,1.0,1.0,1.020888906563856,2.0,1.0744154629610574,9.0,1.1340971325869984,31.0
2018-07-16,1.0,1.0,0.9983527761459101,2.0,1.0626115660542117,9.0,1.124852525293576,32.0
2018-07-23,1.0,1.0,1.022113473381711,2.0,1.0949257496961387,10.0,1.1685355585719732,33.0
2018-07-30,1.0,0.0,0.993993216367318,1.0,1.069090726486957,9.0,1.1478009021639357,32.0
2018-08-06,1.0,0.0,1.0056473736380387,0.0,1.0712027856446182,8.0,1.153874715525951,31.0
2018-08-13,1.0,0.0,0.9849706964262389,0.0,1.0302479281615633,8.0,1.1142272255213377,30.0
2018-08-20,1.0,1.0,1.008130961404642,1.0,1.0372153084160238,8.0,1.126347485233259,31.0
2018-08-27,1.0,0.0,0.9989913147457121,1.0,1.0284904728469795,7.0,1.1179314530026134,30.0
2018-09-03,1.0,0.0,0.9776082513305706,0.0,0.9806401472149117,6.0,1.0643469398675496,29.0
2018-09-10,1.0,1.0,1.0032943005906891,1.0,0.9858284754733875,6.0,1.0672203140459562,29.0
2018-09-17,1.0,1.0,0.997246251234799,2.0,0.9797416381868556,7.0,1.057754194616928,29.0
2018-09-24,1.0,0.0,1.011603853886018,1.0,0.9977280355113293,7.0,1.0786026994983224,28.0
2018-10-01,1.0,0.0,0.9846351507113892,0.0,0.9664643661383251,6.0,1.042770961082695,27.0
2018-10-08,1.0,0.0,0.979152620829196,0.0,0.9317032829294032,5.0,0.9985467555202499,26.0
2018-10-15,1.0,0.0,0.9938274426533394,0.0,0.9255572960988061,4.0,0.9851612496333388,25.0
2018-10-22,1.0,0.0,0.9884728728795943,0.0,0.9143796025049139,3.0,0.9619576907669983,25.0
2018-10-29,1.0,0.0,0.9935752147265379,0.0,0.9126456290922191,3.0,0.9490163919632363,24.0
2018-11-05,1.0,1.0,1.0039360742121117,1.0,0.9304464954219213,4.0,0.9560785656484314,25.0
2018-11-12,1.0,0.0,0.9978097996432296,1.0,0.9351352544124676,4.0,0.9510243566197253,25.0
2018-11-19,1.0,1.0,0.9819648237929897,1.0,0.9141923815467521,4.0,0.9175448180393941,25.0
2018-11-26,1.0,1.0,1.0333048527481232,2.0,0.9855618084922854,5.0,0.9802365644087156,25.0
2018-12-03,1.0,0.0,0.972853230541179,1.0,0.9418336715781034,5.0,0.9288142929714626,25.0
2018-12-10,1.0,0.0,1.002655540839254,0.0,0.9555600554826699,4.0,0.9338323966648026,24.0
2018-12-17,1.0,0.0,0.9690548433016177,0.0,0.9101716356504668,3.0,0.8797063700203902,23.0
2018-12-24,1.0,1.0,1.0285328804117335,1.0,0.9745301513372984,4.0,0.9328091065213545,23.0
2018-12-31,1.0,1.0,1.0159550950194962,2.0,1.0124725629326567,5.0,0.9642165186622847,23.0
2019-01-07,1.0,1.0,0.9936463303272178,2.0,1.003548785672152,6.0,0.9540800994829896,24.0
2019-01-14,1.0,1.0,1.0190540010846698,2.0,1.04239786267531,7.0,0.9913884836234315,25.0
2019-01-21,1.0,1.0,0.9966792399648761,2.0,1.0340240196334598,8.0,0.983880791778276,26.0
2019-01-28,1.0,1.0,1.008974710733137,2.0,1.0487030552851857,9.0,1.0014127252465033,26.0
2019-02-04,1.0,1.0,0.9928869653810087,2.0,1.0317232750666614,9.0,0.9878323483101222,27.0
2019-02-11,1.0,1.0,1.0084166830656287,2.0,1.0452866343359541,10.0,1.0039729625564175,27.0
2019-02-18,1.0,1.0,0.9985252142531863,2.0,1.0357401737517045,10.0,1.001913311715535,27.0
2019-02-25,1.0,1.0,1.0136006522207814,2.0,1.060758320335796,10.0,1.0294447151561243,28.0
2019-03-04,1.0,1.0,1.0005825018684134,2.0,1.0540244036807112,11.0,1.0284039256233541,29.0
2019-03-11,1.0,1.0,1.0181108521724567,2.0,1.0819745365511246,12.0,1.063418316323677,30.0
2019-03-18,1.0,0.0,1.0088035108826354,1.0,1.0839830356576738,12.0,1.078465044986903,30.0
2019-03-25,1.0,1.0,0.9864680167336662,1.0,1.0451891256843888,12.0,1.0469689231255996,30.0
2019-04-01,1.0,1.0,1.0142157191886905,2.0,1.0653733608423162,12.0,1.074591571719007,30.0
2019-04-08,1.0,1.0,1.0044206077906268,2.0,1.0632362260107742,12.0,1.0805212903551555,31.0
2019-04-15,1.0,1.0,1.007537968768239,2.0,1.069468011622143,12.0,1.093284633945606,31.0
2019-04-22,1.0,0.0,1.014275183806651,1.0,1.0873347821343522,11.0,1.1215007833877666,30.0
2019-04-29,1.0,0.0,0.9646888349938484,0.0,1.0082154470172446,10.0,1.0428104818954909,30.0
2019-05-06,1.0,0.0,0.9910072523520099,0.0,0.9857801144354513,9.0,1.022627875942545,29.0
2019-05-13,1.0,0.0,0.999153266002333,0.0,0.9810037390917482,8.0,1.0201305557472489,28.0
2019-05-20,1.0,0.0,0.9874421079151033,0.0,0.9552380095792348,7.0,0.994606953413402,27.0
2019-05-27,1.0,0.0,0.9866612973408434,0.0,0.9323482779408142,6.0,0.9692498864087029,26.0
2019-06-03,1.0,0.0,0.9826747718868407,0.0,0.905078677092158,5.0,0.9377100285425107,26.0
2019-06-10,1.0,1.0,1.0089756268542744,1.0,0.9274764190153452,5.0,0.955204726299726,27.0
2019-06-17,1.0,0.0,1.0165501545318476,1.0,0.9639915568253736,5.0,0.9876723466451189,26.0
2019-06-24,1.0,1.0,0.9814008598520179,1.0,0.9344948140070947,5.0,0.9534149912649063,26.0
2019-07-01,1.0,1.0,1.022906183792373,2.0,0.9832507028841868,5.0,0.9990568745044357,26.0
2019-07-08,1.0,0.0,1.0058467259430621,1.0,0.9996916786429634,4.0,1.012481381584212,25.0
2019-07-15,1.0,1.0,0.9934945242745535,1.0,0.9938628257374647,4.0,1.001050582100105,26.0
2019-07-22,1.0,1.0,1.0505395822891235,2.0,1.1012909636883672,5.0,1.107370899803316,27.0
2019-07-29,1.0,0.0,0.9769186784705255,1.0,1.0509877662271796,5.0,1.057535567181933,27.0
2019-08-05,1.0,0.0,0.9974895064598582,0.0,1.0440457453594683,5.0,1.0528477432095098,26.0
2019-08-12,1.0,0.0,0.9955994422335119,0.0,1.0338279468777567,5.0,1.0443734701109126,26.0
2019-08-19,1.0,1.0,0.9887027539549501,1.0,1.0095152094279776,6.0,1.0212852620823225,27.0
2019-08-26,1.0,1.0,1.0157348703245217,2.0,1.0358902427865166,7.0,1.0536475853965659,27.0
2019-09-02,1.0,1.0,1.0070329193575116,2.0,1.0408682965625935,8.0,1.0678373671028194,27.0
2019-09-09,1.0,1.0,1.014166575037611,2.0,1.0599219858458904,8.0,1.0976306575523596,28.0
2019-09-16,1.0,0.0,0.9961003888427307,1.0,1.0442659122930555,8.0,1.087705118892355,28.0
2019-09-23,1.0,0.0,0.9980285556433783,0.0,1.0304532623526577,7.0,1.081225414444054,28.0
2019-09-30,1.0,0.0,0.9933897221062932,0.0,1.0118516230802048,6.0,1.0649094574369005,28.0
2019-10-07,1.0,1.0,1.0026603833606726,1.0,1.0126503836433773,7.0,1.0678821262790847,29.0
2019-10-14,1.0,1.0,1.0122067397438488,2.0,1.0300607516539173,7.0,1.090677712697633,30.0
2019-10-21,1.0,1.0,1.0078227563518851,2.0,1.0453247444712157,7.0,1.1040289884354746,30.0
2019-10-28,1.0,1.0,1.003391272721787,2.0,1.0471311567552997,8.0,1.1074401463769472,31.0
2019-11-04,1.0,1.0,1.0145564132545368,2.0,1.0697214998678868,9.0,1.1344856896513844,31.0
2019-11-11,1.0,0.0,1.0088805481225838,1.0,1.0782505261283637,9.0,1.1500316223714868,30.0
2019-11-18,1.0,0.0,0.9849707704388797,0.0,1.0370377929705377,8.0,1.1110216895982417,30.0
2019-11-25,1.0,1.0,1.003699594738109,1.0,1.0372745694031742,8.0,1.1142485773953077,31.0
2019-12-02,1.0,1.0,1.013479064253565,2.0,1.0568513249831586,8.0,1.1376818665184982,32.0
2019-12-09,1.0,1.0,1.0026818735610017,2.0,1.0556045947535275,8.0,1.1377995348612673,32.0
2019-12-16,1.0,1.0,1.0006524563107697,2.0,1.0494177674571,9.0,1.133946104309324,32.0
2019-12-23,1.0,1.0,1.000851369367162,2.0,1.0432934019406728,10.0,1.1302811539264972,32.0
2019-12-30,1.0,1.0,1.0032331162003056,2.0,1.040691995759627,11.0,1.1326437967439447,32.0
2020-01-06,1.0,1.0,1.0247528585724364,2.0,1.0799054919333582,11.0,1.1834651709508086,32.0
2020-01-13,1.0,1.0,1.0174081966098258,2.0,1.1031146340835072,11.0,1.2179460283976036,32.0
2020-01-20,1.0,0.0,0.9953581616346387,1.0,1.080437151506576,10.0,1.1993568547280482,31.0
2020-01-27,1.0,1.0,0.9888036257440918,1.0,1.0469896456065808,10.0,1.1666805521301498,31.0
2020-02-03,1.0,1.0,1.0154455522704615,2.0,1.0697561712402812,10.0,1.1961081313419655,31.0
2020-02-10,1.0,1.0,1.0138368078620577,2.0,1.0885204034481217,11.0,1.2221674654549175,31.0
2020-02-17,1.0,0.0,0.9881464362477974,1.0,1.0520246352784786,11.0,1.1869927452780948,30.0
2020-02-24,1.0,0.0,0.9483862184465364,0.0,0.9469831847798618,10.0,1.0678326699285299,29.0
2020-03-02,1.0,0.0,0.9844867378624703,0.0,0.9201629000493661,9.0,1.0336762400788242,29.0
2020-03-09,1.0,0.0,0.9687547008833154,0.0,0.870482399669814,8.0,0.9703211618780505,28.0
2020-03-16,1.0,0.0,0.93568640650644,0.0,0.7771093269347827,7.0,0.854887297740933,27.0
2020-03-23,1.0,1.0,1.0175856349318158,1.0,0.8159001471852805,7.0,0.8870085569763743,27.0
2020-03-30,1.0,1.0,0.9941908768734306,2.0,0.8186310826758771,7.0,0.8787062484035737,27.0
2020-04-06,1.0,1.0,1.049178743163351,2.0,0.9147670658169322,7.0,0.9705473084410409,28.0
2020-04-13,1.0,1.0,1.028781017716056,2.0,0.980207497329907,7.0,1.0264602093456403,29.0
2020-04-20,1.0,1.0,0.9984624859614982,2.0,0.9880778433304568,8.0,1.0214288344845244,30.0
2020-04-27,1.0,1.0,1.0158851226691776,2.0,1.0269080217418904,8.0,1.0517449166059336,31.0
2020-05-04,1.0,1.0,1.025013107221465,2.0,1.0854977899505498,8.0,1.1012384286249146,32.0
2020-05-11,1.0,1.0,0.9945030876066959,2.0,1.0832419531470614,8.0,1.0845599591445616,33.0
2020-05-18,1.0,1.0,1.0133747439450602,2.0,1.1176765095229935,9.0,1.1079375922634165,34.0
2020-05-25,1.0,1.0,1.0065155663194432,2.0,1.1261863508864551,10.0,1.1164436875831336,34.0
2020-06-01,1.0,0.0,1.0033027688541283,1.0,1.124110384413735,10.0,1.118311764905605,34.0
2020-06-08,1.0,0.0,0.9911592162456337,0.0,1.091712562082282,10.0,1.0930640854432605,33.0
2020-06-15,1.0,0.0,1.0065169389781432,0.0,1.082907220385559,10.0,1.1022866184581153,32.0
2020-06-22,1.0,1.0,0.9742730331807411,1.0,1.01388520313083,10.0,1.0435374717317096,33.0
2020-06-29,1.0,1.0,1.0371025825902331,2.0,1.0695198302200346,10.0,1.1182148668977632,33.0
2020-07-06,1.0,1.0,1.025624974464555,2.0,1.1052691597211761,10.0,1.1718179007233775,33.0
2020-07-13,1.0,0.0,0.9914335787800664,1.0,1.072751224130242,9.0,1.14630857152776,33.0
2020-07-20,1.0,0.0,0.9987844559756285,0.0,1.0567651210698572,8.0,1.1379502174683966,33.0
2020-07-27,1.0,0.0,0.9903467268778522,0.0,1.0275877154813078,7.0,1.111083010290507,33.0
2020-08-03,1.0,1.0,1.0038724406379598,1.0,1.029752464290107,7.0,1.1139926961185331,33.0
2020-08-10,1.0,1.0,1.0044100361320147,2.0,1.031519467775012,7.0,1.1185318626710798,33.0
2020-08-17,1.0,1.0,1.0235384045260272,2.0,1.0716629359448935,7.0,1.1659622345951173,33.0
2020-08-24,1.0,1.0,1.0198428654611098,2.0,1.1026596773385668,7.0,1.2059670934941231,33.0
2020-08-31,1.0,0.0,0.9835046426721191,1.0,1.0585377460292726,7.0,1.1606793837894305,33.0
2020-09-07,1.0,0.0,0.9774018643735267,0.0,1.0062151572312499,7.0,1.1046157283613782,33.0
2020-09-14,1.0,0.0,0.9796256149606174,0.0,0.9646438346101727,7.0,1.056649944843372,33.0
2020-09-21,1.0,0.0,0.9948261045872755,0.0,0.9506036917139571,6.0,1.0423095736910708,32.0
2020-09-28,1.0,1.0,1.0046359520761194,1.0,0.9597636692466301,6.0,1.0487969764232838,32.0
2020-10-05,1.0,1.0,1.019101195722691,2.0,0.9984833779480766,6.0,1.0857383974056136,32.0
2020-10-12,1.0,1.0,1.0187129576999365,2.0,1.0335547767956221,7.0,1.1223345042991342,32.0
2020-10-19,1.0,1.0,1.0211542938877298,2.0,1.0712365326104467,8.0,1.1653634768521544,32.0
2020-10-26,1.0,1.0,0.9938718515454434,2.0,1.050902069876972,9.0,1.1465079411886836,33.0
2020-11-02,1.0,1.0,1.04160509491162,2.0,1.1271216067667786,9.0,1.237883442936258,34.0
2020-11-09,1.0,0.0,1.0043150382833363,1.0,1.1220211319380327,8.0,1.2403843034992263,33.0
2020-11-16,1.0,1.0,0.9901028872728477,1.0,1.0914535746130276,8.0,1.2092931438131638,33.0
2020-11-23,1.0,1.0,1.0144256237929696,2.0,1.1154069604484709,8.0,1.2370451680703205,33.0
2020-11-30,1.0,0.0,1.0096101153875408,1.0,1.1243064528840605,8.0,1.252783109318682,32.0
2020-12-07,1.0,0.0,0.9871958411497556,0.0,1.0825091146533259,8.0,1.2139541350872556,31.0
2020-12-14,1.0,0.0,0.9855498948693506,0.0,1.0385162012817923,8.0,1.1734484995051466,30.0
2020-12-21,1.0,1.0,1.002259447352722,1.0,1.029259944454704,9.0,1.1738435773852494,30.0
2020-12-28,1.0,1.0,1.0037327694794318,2.0,1.023299475785054,9.0,1.1783206644550914,30.0
2021-01-04,1.0,0.0,1.015546079349185,1.0,1.0419484808751667,8.0,1.2099934579181955,30.0
2021-01-11,1.0,1.0,0.9799571320779678,1.0,0.9938096483478862,8.0,1.1577616566659905,30.0
2021-01-18,1.0,1.0,1.0453255558497758,2.0,1.075857879317445,8.0,1.2606050891800482,30.0
2021-01-25,1.0,1.0,0.9825224575487209,2.0,1.0292756625305888,8.0,1.2122332260476176,30.0
2021-02-01,1.0,1.0,1.0666693715892133,2.0,1.1595058337886346,8.0,1.374292780290747,31.0
2021-02-08,1.0,1.0,1.0014540134212824,2.0,1.1469337560557802,9.0,1.3646224273876717,32.0
2021-02-15,1.0,0.0,0.9992937469243847,1.0,1.1283325034163165,8.0,1.3486537640131742,32.0
2021-02-22,1.0,1.0,0.9844659407273855,1.0,1.0829133512601234,8.0,1.2938226285716905,33.0
2021-03-01,1.0,1.0,1.0172914534660684,2.0,1.10830634780148,9.0,1.3219516035727874,34.0
2021-03-08,1.0,0.0,0.9888213710123112,1.0,1.0716625756945746,9.0,1.2774862343828643,33.0
2021-03-15,1.0,0.0,0.9954398556460421,0.0,1.048842092580933,9.0,1.2512315568020318,32.0
2021-03-22,1.0,1.0,0.9981243894613853,1.0,1.0328147290090206,9.0,1.2340905510253006,32.0
2021-03-29,1.0,1.0,1.0244890172034964,2.0,1.0685765908718572,9.0,1.2827603838061339,32.0
2021-04-05,1.0,1.0,1.0334860823130838,2.0,1.1219707837605013,10.0,1.3552745035775744,32.0
2021-04-12,1.0,1.0,1.0025918343154177,2.0,1.104385992308092,10.0,1.3467138929863791,32.0
2021-04-19,1.0,1.0,1.0038022436379814,2.0,1.0960299255459107,10.0,1.3424081850634437,32.0
2021-04-26,1.0,1.0,1.0200659301938693,2.0,1.1175422299698177,10.0,1.3807818596126693,32.0
2021-05-03,1.0,0.0,0.997623133124123,1.0,1.100440011305264,9.0,1.3588462579528553,31.0
2021-05-10,1.0,0.0,0.9824957189077881,0.0,1.054685517164134,8.0,1.2990350341031156,30.0
2021-05-17,1.0,1.0,1.0062086157887808,1.0,1.0588156633802108,9.0,1.3020237388103908,31.0
2021-05-24,1.0,1.0,1.0139720126042693,2.0,1.0748349572773177,9.0,1.3242422410380257,32.0
2021-05-31,1.0,1.0,1.0082659356316626,2.0,1.0800430192813764,9.0,1.3314018274758177,33.0
2021-06-07,1.0,1.0,1.012519932768639,2.0,1.0907236467542312,10.0,1.3482639364000861,33.0
2021-06-14,1.0,1.0,0.9994865741524442,2.0,1.0728417118194817,11.0,1.331926998548596,33.0
2021-06-21,1.0,1.0,1.0056520880699393,2.0,1.0673484194589749,11.0,1.3329559247644152,33.0
2021-06-28,1.0,1.0,1.006741873401648,2.0,1.066781079776349,11.0,1.3362011347618437,34.0
2021-07-05,1.0,1.0,1.003312120935362,2.0,1.0635109655335997,11.0,1.3301742380359556,35.0
2021-07-12,1.0,1.0,1.008687213558434,2.0,1.0706876413694588,11.0,1.3376419203400856,36.0
2021-07-19,1.0,1.0,1.022140682016435,2.0,1.1039658380922297,11.0,1.3805420749710284,36.0
2021-07-26,1.0,0.0,0.9904957886976415,1.0,1.07344561611024,10.0,1.3385018059974765,35.0
2021-08-02,1.0,1.0,1.006666504508247,1.0,1.076610847411254,11.0,1.341065200369801,35.0
2021-08-09,1.0,1.0,1.004973861536359,2.0,1.0727241648606023,12.0,1.339739475001523,35.0
2021-08-16,1.0,1.0,1.0001119428713252,2.0,1.0595832595464638,12.0,1.3249353609302312,36.0
2021-08-23,1.0,1.0,1.0216034632833868,2.0,1.0909773146175188,12.0,1.3655372985159349,37.0
2021-08-30,1.0,0.0,1.0007758987863449,1.0,1.0787758397035325,11.0,1.3493593845435519,37.0
2021-09-06,1.0,0.0,0.9900452442448894,0.0,1.0477658046775085,10.0,1.305799902353676,37.0
2021-09-13,1.0,1.0,0.998385570620799,1.0,1.035044421462518,10.0,1.2853779264148757,37.0
2021-09-20,1.0,0.0,1.0041165401297674,1.0,1.0344962245180958,9.0,1.2804438722032088,36.0
2021-09-27,1.0,0.0,0.9778910733383916,0.0,0.9854849970763067,8.0,1.2124649600545991,35.0
2021-10-04,1.0,1.0,1.012995535350677,1.0,1.0055809580820276,8.0,1.2316972678609992,35.0
2021-10-11,1.0,0.0,1.0057466280947573,1.0,1.0117127778548818,7.0,1.232790029059285,34.0
2021-10-18,1.0,1.0,0.9891187905153371,1.0,0.9894927279939635,7.0,1.195733750319422,34.0
2021-10-25,1.0,1.0,1.033620230376764,2.0,1.0508122201513217,8.0,1.2659557201030138,35.0
2021-11-01,1.0,1.0,1.003262074890527,2.0,1.0506992489220521,8.0,1.260864563126749,35.0
2021-11-08,1.0,1.0,1.0013533406593127,2.0,1.0471730140673752,8.0,1.2515959586760603,35.0
2021-11-15,1.0,0.0,1.0010247292845527,1.0,1.0428570881652937,7.0,1.2419989976361117,35.0
2021-11-22,1.0,0.0,0.9755890959454705,0.0,0.994083897965209,6.0,1.1723749891359758,35.0
2021-11-29,1.0,1.0,0.9989993666559407,1.0,0.9932955785315322,7.0,1.1593766772779208,36.0
2021-12-06,1.0,1.0,1.0211353217715478,2.0,1.0324509756662044,8.0,1.1974160157199132,36.0
2021-12-13,1.0,0.0,0.9798543651964041,1.0,0.9909646331581097,7.0,1.1399854861724765,35.0
2021-12-20,1.0,1.0,1.0149666338067393,1.0,1.0186261358661859,8.0,1.164074268571149,36.0
2021-12-27,1.0,0.0,0.9915599324794598,1.0,0.9972120008422828,8.0,1.1342037406394199,35.0
2022-01-03,1.0,0.0,0.9727531457397853,0.0,0.9458418631412312,7.0,1.067017745470074,34.0
2022-01-10,1.0,0.0,1.0100508964416592,0.0,0.9660168391508669,7.0,1.0806052445221632,33.0
2022-01-17,1.0,0.0,0.9640782648848514,0.0,0.9031180195729837,6.0,1.0017611317396689,32.0
2022-01-24,1.0,1.0,1.0121402215518596,1.0,0.9327778495277761,6.0,1.021963094962921,32.0
2022-01-31,1.0,1.0,1.0352019813609021,2.0,1.0042103462303233,6.0,1.0901927357433936,33.0
2022-02-07,1.0,0.0,0.967937472585125,1.0,0.9497752772689638,5.0,1.017447603689948,32.0
2022-02-14,1.0,1.0,0.9861581985739645,1.0,0.9337512698418965,6.0,0.9859201198944975,32.0
2022-02-21,1.0,1.0,1.0152913235765961,2.0,0.9671635177381946,7.0,1.0117354191016428,33.0
2022-02-28,1.0,0.0,0.9910085010732996,1.0,0.9554206152363006,6.0,0.9892450429843415,33.0
2022-03-07,1.0,1.0,0.9937299490417812,1.0,0.953163663127698,6.0,0.9727368228005688,33.0
2022-03-14,1.0,1.0,1.0236683448212276,2.0,1.0027588958163607,7.0,1.0153702923041572,33.0
2022-03-21,1.0,1.0,1.0169587179421953,2.0,1.0406548838869665,7.0,1.0461747660068281,33.0
2022-03-28,1.0,0.0,0.9970891562283666,1.0,1.0369482425246488,7.0,1.036147772525709,32.0
2022-04-04,1.0,0.0,0.9756489139539933,0.0,0.9893263811108688,7.0,0.984239803374741,31.0
2022-04-11,1.0,0.0,0.9741353086521275,0.0,0.9461738769401774,7.0,0.9336840187648706,30.0
2022-04-18,1.0,0.0,0.9690562122962414,0.0,0.8947371209829954,7.0,0.877676228108455,30.0
2022-04-25,1.0,0.0,0.9801880415072266,0.0,0.8691362376085492,6.0,0.8436790597029358,30.0
2022-05-02,1.0,1.0,1.0030070452636746,1.0,0.8885138796122418,6.0,0.8489670658064609,30.0
2022-05-09,1.0,0.0,1.0036847093827268,1.0,0.9045008547463045,6.0,0.8557569635520015,29.0
2022-05-16,1.0,0.0,0.9681063320913652,0.0,0.8594452317696356,5.0,0.8044262779648302,28.0
2022-05-23,1.0,1.0,1.0156947843833604,1.0,0.8986580403501738,5.0,0.8316581760863556,28.0
2022-05-30,1.0,0.0,1.0077629136599926,1.0,0.9226474876341622,5.0,0.8460441333074962,27.0
2022-06-06,1.0,0.0,0.9861211367901281,0.0,0.908103376648911,4.0,0.8247777485285717,26.0
2022-06-13,1.0,1.0,0.9837569075535574,1.0,0.8953151315841967,4.0,0.8008845511918984,26.0
2022-06-20,1.0,1.0,1.0471392909086252,2.0,0.9985533666658781,4.0,0.8815709994452445,26.0
2022-06-27,1.0,1.0,0.9584524991521555,2.0,0.9381092671648662,5.0,0.8139951690306055,26.0
2022-07-04,1.0,1.0,1.0483643424657412,2.0,1.0430140883390533,6.0,0.8991015023235377,26.0
2022-07-11,1.0,0.0,0.9682250902859693,1.0,0.9883308977622173,6.0,0.8465678823108143,26.0
2022-07-18,1.0,1.0,0.9800702867467135,1.0,0.956967109934233,7.0,0.817001169917973,26.0
2022-07-25,1.0,1.0,1.0367999945746529,2.0,1.0289210829959916,8.0,0.8823257734235477,26.0
2022-08-01,1.0,1.0,1.0067274198541625,2.0,1.0410503828855118,8.0,0.897021394720461,26.0
2022-08-08,1.0,0.0,1.0183916646102111,1.0,1.0755916037446018,8.0,0.9337383202141841,25.0
2022-08-15,1.0,0.0,0.9811853690288985,0.0,1.029747521872518,8.0,0.9029157858777891,25.0
2022-08-22,1.0,0.0,0.9702728640813522,0.0,0.9712684218360209,7.0,0.8547849002598235,25.0
2022-08-29,1.0,1.0,0.9880898140440025,1.0,0.9521656080034047,8.0,0.8388875193020648,25.0
2022-09-05,1.0,0.0,1.0140615008935625,1.0,0.9790926719876181,8.0,0.8669452939286686,25.0
2022-09-12,1.0,0.0,0.962165165609858,0.0,0.9103037707744718,7.0,0.8078496305634519,25.0
2022-09-19,1.0,0.0,0.9780078935643761,0.0,0.8826780371872613,6.0,0.7780412869723877,24.0
2022-09-26,1.0,1.0,0.9845382108960425,1.0,0.8634424998111012,6.0,0.7597751544470006,25.0
2022-10-03,1.0,1.0,1.017473932902181,2.0,0.9070612701054594,6.0,0.7916863773791445,25.0
2022-10-10,1.0,1.0,0.9878526079306306,2.0,0.8950653582273557,7.0,0.7790124236131944,25.0
2022-10-17,1.0,0.0,1.0216450366077283,1.0,0.9392483370432777,6.0,0.819759095855198,24.0
2022-10-24,1.0,0.0,0.9752600151594054,0.0,0.9068479208873711,5.0,0.7869232362183977,23.0
2022-10-31,1.0,1.0,0.9460933819913986,1.0,0.8330438183217186,5.0,0.7137793149417184,24.0
2022-11-07,1.0,1.0,1.0546802943466407,2.0,0.9475687316418395,6.0,0.8024416783448055,25.0
2022-11-14,1.0,1.0,1.0055004352006047,2.0,0.9729481784961516,7.0,0.8173828291247639,25.0
2022-11-21,1.0,1.0,0.9989764351275594,2.0,0.9812458738401836,8.0,0.8227352620684691,25.0
2022-11-28,1.0,0.0,1.0162777974699693,1.0,1.0199113127411512,7.0,0.8560206216974685,25.0
2022-12-05,1.0,0.0,0.9599793601074584,0.0,0.9553253407330148,7.0,0.7974618936299314,24.0
2022-12-12,1.0,0.0,0.9879845643407501,0.0,0.9421401904703902,7.0,0.7857728606786195,24.0
2022-12-19,1.0,0.0,0.9941882821586352,0.0,0.9382573857490727,7.0,0.783084513015056,24.0
2022-12-26,1.0,0.0,0.9939509678720617,0.0,0.9325351546952649,6.0,0.7806179681236147,24.0
2023-01-02,1.0,1.0,0.9967776602848862,1.0,0.9351709337832709,6.0,0.7813682946034958,25.0
2023-01-09,1.0,1.0,1.0256410213168548,2.0,0.9879212407082846,6.0,0.8284388271787074,25.0
2023-01-16,1.0,1.0,1.033735920792205,2.0,1.0588128891307251,7.0,0.8932619309630059,25.0
2023-01-23,1.0,1.0,1.007150359120209,2.0,1.0704369117075991,8.0,0.9116105180961765,26.0
2023-01-30,1.0,0.0,1.0219006561916522,1.0,1.1016913665751547,7.0,0.9568076276092922,25.0
2023-02-06,1.0,0.0,0.9482207091386403,0.0,0.9947165891010845,6.0,0.8688669500589831,24.0
2023-02-13,1.0,0.0,0.9985747992778553,0.0,0.9944602175005546,5.0,0.8723919520638126,24.0
2023-02-20,1.0,0.0,0.9715124605221129,0.0,0.9456796763929712,4.0,0.830363152176177,23.0
2023-02-27,1.0,1.0,1.025467624438561,1.0,1.0006549189297973,5.0,0.880766788242667,23.0
2023-03-06,1.0,1.0,0.9837323973047947,2.0,0.9702558850996417,6.0,0.8607151102695146,23.0
2023-03-13,1.0,1.0,1.0591822860184947,2.0,1.082030859543578,7.0,0.9760617985717132,24.0
