Date,Close_Ratio_1,Trend_1,Close_Ratio_4,Trend_4,Close_Ratio_50,Trend_50,Close_Ratio_100,Trend_100
2012-05-28,1.0,1.0,0.9561010793577991,2.0,0.9524487921702525,27.0,1.0386957595730224,53.0
2012-06-04,1.0,1.0,1.040830340210555,3.0,1.016023793081389,27.0,1.104740849034617,53.0
2012-06-11,1.0,1.0,1.014328128480675,4.0,1.0096747601421507,27.0,1.0947702663936112,53.0
2012-06-18,1.0,1.0,1.1085049905995465,4.0,1.1368302054641466,28.0,1.2311539206317121,54.0
2012-06-25,1.0,0.0,1.0007196020737212,3.0,1.0500986522164613,27.0,1.1353698912892345,54.0
2012-07-02,1.0,1.0,0.9839656790804621,3.0,1.0388452342887122,27.0,1.119851977655664,55.0
2012-07-09,1.0,1.0,1.0512583207412118,3.0,1.1434655941046277,28.0,1.2305711970348436,56.0
2012-07-16,1.0,0.0,0.9909600296759805,2.0,1.05601272342553,28.0,1.1370015692137048,55.0
2012-07-23,1.0,0.0,0.9328274936106936,2.0,0.9781951234434562,28.0,1.0517647391919305,54.0
2012-07-30,1.0,1.0,0.8881290565631841,2.0,0.9009753104796362,29.0,0.9697792764114256,54.0
2012-08-06,1.0,1.0,1.0105477446522921,2.0,0.9851471582271154,29.0,1.0610437038820772,55.0
2012-08-13,1.0,0.0,1.0283562469864498,2.0,0.9829613585414485,29.0,1.059851259163027,55.0
2012-08-20,1.0,0.0,1.01096650790242,2.0,0.9621407809099575,28.0,1.038392558704854,54.0
2012-08-27,1.0,0.0,0.9670252696494857,1.0,0.9285303345263453,27.0,1.0011055161950309,53.0
2012-09-03,1.0,1.0,1.00017043534745,1.0,0.953708725128137,28.0,1.0270247091213387,54.0
2012-09-10,1.0,1.0,1.032268989595629,2.0,0.9836670711735876,28.0,1.0597638501496565,54.0
2012-09-17,1.0,0.0,1.015218006896673,2.0,0.9697884464167698,27.0,1.043476869470342,53.0
2012-09-24,1.0,0.0,0.9838709800981923,2.0,0.9451320104658337,26.0,1.0151298765136345,52.0
2012-10-01,1.0,0.0,0.9745319969587455,1.0,0.9320256929777592,25.0,1.0000657613072774,51.0
2012-10-08,1.0,0.0,0.9545024516559015,0.0,0.8929842268747387,24.0,0.9575247231302638,50.0
2012-10-15,1.0,0.0,0.9771905072934747,0.0,0.898868994464764,23.0,0.9620718679473944,49.0
2012-10-22,1.0,1.0,0.9809223862130335,1.0,0.8908177263440223,23.0,0.9522085390369794,49.0
2012-10-29,1.0,1.0,1.0358166503831978,2.0,0.943180854805101,24.0,1.0066658312410353,50.0
2012-11-05,1.0,1.0,1.060510621425568,3.0,0.989704567790064,24.0,1.0558387824518014,51.0
2012-11-12,1.0,1.0,1.0751310941216903,4.0,1.0403123110659878,25.0,1.1085851196128478,52.0
2012-11-19,1.0,1.0,1.0430971333953694,4.0,1.0490400900286254,26.0,1.1178879152298191,53.0
2012-11-26,1.0,1.0,1.055967656216318,4.0,1.1000379305815455,27.0,1.1737514651818823,54.0
2012-12-03,1.0,0.0,1.0357683662191404,3.0,1.1069071458878472,26.0,1.183462739534712,54.0
2012-12-10,1.0,0.0,1.0097811604862266,2.0,1.091532462491195,26.0,1.167734432705201,54.0
2012-12-17,1.0,0.0,1.0014727788723583,1.0,1.0926644866973338,26.0,1.1698684232018355,54.0
2012-12-24,1.0,1.0,0.9828403443247199,1.0,1.0604882461153329,27.0,1.139419584003473,54.0
2012-12-31,1.0,0.0,1.016022879310118,1.0,1.0927155240647515,26.0,1.1754814851827975,54.0
2013-01-07,1.0,1.0,0.9785177655949723,2.0,1.0430136191853074,26.0,1.1208669863544376,55.0
2013-01-14,1.0,1.0,1.0224359921569202,3.0,1.09170702765358,26.0,1.1711776896627653,55.0
2013-01-21,1.0,1.0,1.0656292425803675,3.0,1.1651719748936125,26.0,1.248973919152369,55.0
2013-01-28,1.0,1.0,1.0735057037528803,4.0,1.2042357648215172,26.0,1.2877497451842235,55.0
2013-02-04,1.0,0.0,1.053140186108565,3.0,1.229546702823469,26.0,1.3126599036128805,55.0
2013-02-11,1.0,0.0,0.9775665884357585,2.0,1.158433808923082,25.0,1.233256440597119,55.0
2013-02-18,1.0,0.0,0.9585240620882304,1.0,1.1283808898485879,24.0,1.196967422739828,54.0
2013-02-25,1.0,1.0,0.9426007214821907,1.0,1.0832119238192368,25.0,1.1455378292045828,54.0
2013-03-04,1.0,1.0,1.0520272662720689,2.0,1.1993392344504201,25.0,1.266810836279388,55.0
2013-03-11,1.0,0.0,0.9767507742128438,2.0,1.1015390581422055,24.0,1.1583900785114827,54.0
2013-03-18,1.0,1.0,1.0099977735489976,3.0,1.1415282030221687,25.0,1.1981610669364282,54.0
2013-03-25,1.0,1.0,1.0221892077818295,3.0,1.17795922444528,26.0,1.2355542313465224,54.0
2013-04-01,1.0,1.0,1.0946615908759922,3.0,1.2796164275232411,27.0,1.3427937511827657,55.0
2013-04-08,1.0,1.0,1.0962852830429792,4.0,1.3445736225628553,28.0,1.4126165110547397,55.0
2013-04-15,1.0,1.0,1.1198783244720798,4.0,1.4556490141565204,29.0,1.5345130917113468,55.0
2013-04-22,1.0,1.0,1.1121366972349316,4.0,1.5404424830745507,30.0,1.6313003923423044,55.0
2013-04-29,1.0,1.0,1.1057619713263402,4.0,1.6150044616504304,31.0,1.7246177773289109,56.0
2013-05-06,1.0,1.0,1.3329859216281672,4.0,2.211084076557385,31.0,2.389847632108254,57.0
2013-05-13,1.0,1.0,1.335717693216779,4.0,2.5428674596732557,31.0,2.792256106151659,58.0
2013-05-20,1.0,1.0,1.2139173083738617,4.0,2.601077156024347,31.0,2.9010020241455488,58.0
2013-05-27,1.0,1.0,1.0769484790108976,4.0,2.527404252764945,31.0,2.8625220979526307,58.0
2013-06-03,1.0,1.0,1.050929567255365,4.0,2.5481335500947315,31.0,2.925123482340305,59.0
2013-06-10,1.0,0.0,1.0101213780927318,3.0,2.4212316438939028,31.0,2.8165297698129756,58.0
2013-06-17,1.0,1.0,0.9963718199375353,3.0,2.3261302848717524,31.0,2.741382123526762,58.0
2013-06-24,1.0,1.0,1.049334066771206,3.0,2.425743112125073,31.0,2.8933558515804214,59.0
2013-07-01,1.0,1.0,1.1241750099082088,3.0,2.6092566643089623,32.0,3.1549328382726287,60.0
2013-07-08,1.0,0.0,1.1372291671310846,3.0,2.704424479220459,32.0,3.322242114055544,60.0
2013-07-15,1.0,0.0,1.0035427973281885,2.0,2.3993296430815985,31.0,2.9864825460923066,60.0
2013-07-22,1.0,1.0,1.0370697417341461,2.0,2.4945248522935177,31.0,3.1458408507836335,60.0
2013-07-29,1.0,1.0,1.067760190581749,2.0,2.554164914504517,32.0,3.263969988349591,61.0
2013-08-05,1.0,1.0,1.133186413242732,3.0,2.707993329925038,33.0,3.5107766689649633,61.0
2013-08-12,1.0,1.0,1.0099753240017255,4.0,2.416239991771681,34.0,3.1737448278138833,61.0
2013-08-19,1.0,1.0,1.0882926473817123,4.0,2.6350238176779683,34.0,3.51088041525936,62.0
2013-08-26,1.0,1.0,1.0801483211605154,4.0,2.6327679995035207,34.0,3.5546920089156733,62.0
2013-09-02,1.0,0.0,1.0438723710403368,3.0,2.4946959533836557,34.0,3.411547420775536,61.0
2013-09-09,1.0,1.0,0.9982060758965302,3.0,2.3765634656234376,35.0,3.289909160129501,61.0
2013-09-16,1.0,1.0,1.0710468346608015,3.0,2.5209910389483756,36.0,3.5354946814079526,61.0
2013-09-23,1.0,0.0,1.0803622391770618,2.0,2.5114985658612197,36.0,3.569465481205271,60.0
2013-09-30,1.0,0.0,1.004314575423424,2.0,2.288707456282114,36.0,3.2924550896891467,59.0
2013-10-07,1.0,1.0,0.9738817299106565,2.0,2.1765713884910056,36.0,3.1673894387647965,59.0
2013-10-14,1.0,0.0,0.9994823122575056,1.0,2.152804632373849,35.0,3.166070412470865,59.0
2013-10-21,1.0,0.0,0.952156482867802,1.0,1.9284367023079623,34.0,2.8607224050258666,58.0
2013-10-28,1.0,0.0,0.9347916374583035,1.0,1.7902600422344563,33.0,2.6762756034301307,58.0
2013-11-04,1.0,0.0,0.8447900982098524,0.0,1.4881177131393166,32.0,2.237105640909677,58.0
2013-11-11,1.0,0.0,0.8951968513856613,0.0,1.429798885069142,31.0,2.1589441372875857,58.0
2013-11-18,1.0,0.0,0.8717479332646797,0.0,1.2581132639823558,31.0,1.9062785686357377,57.0
2013-11-25,1.0,1.0,0.9752135923306434,1.0,1.2941903919579059,32.0,1.968419941494252,58.0
2013-12-02,1.0,1.0,1.0536368423297748,2.0,1.3679312961301748,33.0,2.088633110301218,59.0
2013-12-09,1.0,1.0,1.106676398372744,3.0,1.4376405616234873,33.0,2.203267652660699,60.0
2013-12-16,1.0,1.0,1.0313753842891866,4.0,1.3657538381810774,34.0,2.100893796864525,60.0
2013-12-23,1.0,1.0,1.0433402242093497,4.0,1.4091231644275446,34.0,2.177571884754549,60.0
2013-12-30,1.0,0.0,1.0112751107880449,3.0,1.3652861936530238,33.0,2.118938878214496,59.0
2014-01-06,1.0,1.0,0.9885354322578441,3.0,1.3043370113111659,33.0,2.031543992820489,59.0
2014-01-13,1.0,1.0,1.1032266908683122,3.0,1.4867017433394198,33.0,2.326383251233873,59.0
2014-01-20,1.0,1.0,1.0914376012959441,3.0,1.4915300935107925,34.0,2.3440143698498934,60.0
2014-01-27,1.0,1.0,1.0802393541637074,4.0,1.512400306592929,35.0,2.38818974198251,60.0
2014-02-03,1.0,1.0,1.0471124818074293,4.0,1.5170368585554128,36.0,2.4074848256924315,60.0
2014-02-10,1.0,1.0,1.0703996958417858,4.0,1.5704072435414194,36.0,2.505805263403226,61.0
2014-02-17,1.0,1.0,1.0807327046768527,4.0,1.6166477653038875,36.0,2.5920223603572334,61.0
2014-02-24,1.0,1.0,1.1669149666731928,4.0,1.8291052530753233,37.0,2.951680370587937,61.0
2014-03-03,1.0,0.0,1.095666658693298,3.0,1.783701256626638,36.0,2.894664055972785,61.0
2014-03-10,1.0,0.0,0.9917238126254926,2.0,1.6277551792313125,35.0,2.6539032532489633,61.0
2014-03-17,1.0,0.0,0.962855428992551,1.0,1.5715587558406277,34.0,2.572156008876776,61.0
2014-03-24,1.0,0.0,0.924916182280597,0.0,1.4251336723241264,33.0,2.33944605660704,61.0
2014-03-31,1.0,0.0,0.9598173391169909,0.0,1.393448498074513,32.0,2.2923488293715724,61.0
2014-04-07,1.0,0.0,0.9508322687694915,0.0,1.3116868265339408,31.0,2.1610397051925943,61.0
2014-04-14,1.0,0.0,0.9588384821534305,0.0,1.2521124652340394,30.0,2.0636898381752893,61.0
2014-04-21,1.0,1.0,0.9820879745403472,1.0,1.24369589923279,30.0,2.045480515801326,61.0
2014-04-28,1.0,0.0,1.0381217598583015,1.0,1.2933027699845974,29.0,2.1190426049266327,60.0
2014-05-05,1.0,0.0,0.9215057057994805,1.0,1.1060661122858502,28.0,1.8036152234098242,59.0
2014-05-12,1.0,1.0,0.9766244531654912,2.0,1.149418422525658,28.0,1.8657999912106442,59.0
2014-05-19,1.0,1.0,1.0469299975936892,2.0,1.2283468741338253,28.0,1.9855522605096543,59.0
2014-05-26,1.0,1.0,1.053480156311245,3.0,1.2156490898394523,29.0,1.9569741642990337,60.0
2014-06-02,1.0,0.0,1.021944060189069,3.0,1.20270250508506,28.0,1.9285571710832472,59.0
2014-06-09,1.0,1.0,0.9952028742235627,3.0,1.1790954833697684,28.0,1.8823207739331813,59.0
2014-06-16,1.0,1.0,1.0779505766550566,3.0,1.2952423481760527,28.0,2.0565117157006747,60.0
2014-06-23,1.0,0.0,1.0826502283637205,2.0,1.3322588550429957,28.0,2.101885035643855,60.0
2014-06-30,1.0,0.0,1.0140215657770246,2.0,1.2621743649316575,28.0,1.9804622518234103,59.0
2014-07-07,1.0,0.0,0.952501561759757,1.0,1.1893298749890753,27.0,1.8542524826675202,58.0
2014-07-14,1.0,1.0,0.9708978040103623,1.0,1.1890003853345958,27.0,1.8405893650601823,59.0
2014-07-21,1.0,1.0,1.0037150718867462,2.0,1.1990393694912909,27.0,1.8404080033613441,60.0
2014-07-28,1.0,1.0,1.0425591346482124,3.0,1.2389328892389786,27.0,1.8884283585094548,61.0
2014-08-04,1.0,1.0,1.0730061764121481,4.0,1.305886869924039,27.0,1.9737689688191284,61.0
2014-08-11,1.0,1.0,1.0838279758238856,4.0,1.365567094826418,27.0,2.0464734273373115,61.0
2014-08-18,1.0,1.0,1.0269249349695029,4.0,1.3258965161600407,28.0,1.9707194449759609,62.0
2014-08-25,1.0,1.0,1.0406899110867192,4.0,1.3777890055191038,28.0,2.032376299287257,63.0
2014-09-01,1.0,1.0,1.0409802055583857,4.0,1.4035937851720166,28.0,2.0519014715713753,64.0
2014-09-08,1.0,0.0,1.0311429298996937,3.0,1.40023988701173,28.0,2.0275608245583063,64.0
2014-09-15,1.0,0.0,0.9554812740047594,2.0,1.2903983575115618,28.0,1.8520449621171418,64.0
2014-09-22,1.0,0.0,0.928367767967486,1.0,1.2188660711805839,27.0,1.7340504497397835,63.0
2014-09-29,1.0,0.0,0.9812655565183694,0.0,1.2525312203436063,27.0,1.7664855662716208,62.0
2014-10-06,1.0,0.0,0.9495009986877518,0.0,1.1550928032992354,27.0,1.6167004811226882,61.0
2014-10-13,1.0,0.0,0.9417511625126633,0.0,1.1020965063876658,27.0,1.5318971888143167,60.0
2014-10-20,1.0,1.0,0.9854635528266977,1.0,1.1290486815650402,28.0,1.5627792406723426,60.0
2014-10-27,1.0,1.0,1.0270574459033366,2.0,1.1483417801272318,29.0,1.583822284953816,60.0
2014-11-03,1.0,1.0,1.0171285513786426,3.0,1.1284740360920642,30.0,1.5530258546321305,61.0
2014-11-10,1.0,1.0,1.0603594881811502,4.0,1.200472580006618,30.0,1.6485410314252376,62.0
2014-11-17,1.0,0.0,0.9875529088221724,3.0,1.1157671638141051,29.0,1.5268961498613962,62.0
2014-11-24,1.0,0.0,0.9917864750413468,2.0,1.1138462266685052,28.0,1.5176708127709317,61.0
2014-12-01,1.0,0.0,0.9228103838534079,1.0,1.0116352981076753,27.0,1.3723832297973009,61.0
2014-12-08,1.0,0.0,0.9019509891840328,0.0,0.9313643196866466,26.0,1.256454527246814,60.0
2014-12-15,1.0,1.0,0.9805929586280856,1.0,0.9805087638787903,27.0,1.3162902091711117,60.0
2014-12-22,1.0,1.0,1.0381171455965312,2.0,1.0112245744129083,27.0,1.3520041307908537,60.0
2014-12-29,1.0,0.0,1.0043736550568487,2.0,0.9692095067674449,26.0,1.2876691351571203,59.0
2015-01-05,1.0,0.0,0.9468089868391241,2.0,0.9107238569270242,25.0,1.201583580716469,59.0
2015-01-12,1.0,0.0,0.911933476807905,1.0,0.8499609877736484,24.0,1.1124747763214016,59.0
2015-01-19,1.0,1.0,0.9815074399221111,1.0,0.8849981769448545,24.0,1.1489037349438345,60.0
2015-01-26,1.0,1.0,1.0121547785630007,2.0,0.8947318632250819,24.0,1.1509892934448769,60.0
2015-02-02,1.0,1.0,1.066378894049985,3.0,0.9545500168931595,24.0,1.2164750807397051,60.0
2015-02-09,1.0,0.0,0.9867557935696569,3.0,0.8981059845507338,23.0,1.1297646916066302,60.0
2015-02-16,1.0,0.0,1.031597439693077,2.0,0.9593622149354892,23.0,1.1917995242563184,59.0
2015-02-23,1.0,0.0,0.9664678005654428,1.0,0.9007149269993427,23.0,1.106164344034957,58.0
2015-03-02,1.0,0.0,0.9479525509432833,0.0,0.8614828831464807,23.0,1.046023840673016,57.0
2015-03-09,1.0,1.0,0.9398637738913598,1.0,0.8401460566874489,24.0,1.0100707330210676,57.0
2015-03-16,1.0,0.0,1.0106380037885072,1.0,0.8831147667290355,24.0,1.0519310915761768,56.0
2015-03-23,1.0,0.0,0.9665116740344001,1.0,0.8261827435514202,24.0,0.9755361672512913,55.0
2015-03-30,1.0,1.0,1.0016256511742785,2.0,0.8535206214202398,25.0,0.9999800544981302,55.0
2015-04-06,1.0,1.0,1.0746771180374093,2.0,0.9415178920566202,25.0,1.0964661819636168,55.0
2015-04-13,1.0,1.0,1.0421701426412928,3.0,0.9235093860728314,26.0,1.0686926872677687,55.0
2015-04-20,1.0,1.0,1.0563400867718868,4.0,0.972351466579395,27.0,1.1218130035515745,55.0
2015-04-27,1.0,1.0,1.0486806450218609,4.0,1.0031048310094512,27.0,1.1532478838310904,55.0
2015-05-04,1.0,1.0,1.0659788559627108,4.0,1.0473334145319542,27.0,1.1989966714055156,55.0
2015-05-11,1.0,1.0,1.0703830992802892,4.0,1.0974781041138015,27.0,1.2515503026798456,56.0
2015-05-18,1.0,1.0,1.0330584444492268,4.0,1.088783327238921,28.0,1.2367503440524255,56.0
2015-05-25,1.0,1.0,1.0195328976794509,4.0,1.0979927560944687,28.0,1.243174390571391,56.0
2015-06-01,1.0,0.0,1.0000501858311273,3.0,1.0888614708253521,27.0,1.2270965845781268,55.0
2015-06-08,1.0,1.0,1.0044072809876403,3.0,1.094523122216622,28.0,1.2274285776441842,56.0
2015-06-15,1.0,1.0,1.0364214650423123,3.0,1.142810688620852,29.0,1.2763756698419102,57.0
2015-06-22,1.0,1.0,1.0378170125404702,3.0,1.1578135954877402,30.0,1.2900075349074867,57.0
2015-06-29,1.0,0.0,1.0563702544818514,3.0,1.2075823460301225,29.0,1.343243797569389,56.0
2015-07-06,1.0,0.0,0.969899978367725,2.0,1.1141617039071,28.0,1.2368334409770003,55.0
2015-07-13,1.0,1.0,1.0163934721287151,2.0,1.1766560934841641,28.0,1.3026099929346626,55.0
2015-07-20,1.0,0.0,0.9836922433840766,1.0,1.1353477018124638,27.0,1.252588046790498,54.0
2015-07-27,1.0,0.0,0.9992772585161132,1.0,1.1381101105535918,26.0,1.2503476828415714,53.0
2015-08-03,1.0,0.0,0.9249663852384935,1.0,1.038287933142811,25.0,1.1352603628702296,53.0
2015-08-10,1.0,0.0,0.956135294136177,0.0,1.0434000713671374,24.0,1.1341358208684473,52.0
2015-08-17,1.0,1.0,0.939445170674221,1.0,0.9942534847795461,24.0,1.0740177796224013,52.0
2015-08-24,1.0,1.0,1.030064936305835,2.0,1.0733968268675307,25.0,1.1533503335171185,53.0
2015-08-31,1.0,1.0,1.003515465665062,3.0,1.0466744987979275,26.0,1.1197799147752667,54.0
2015-09-07,1.0,1.0,1.0304090814784375,4.0,1.0822855440873695,27.0,1.1544203375405444,54.0
2015-09-14,1.0,1.0,1.0411577040644402,4.0,1.1266516735098688,28.0,1.1980380262711137,55.0
2015-09-21,1.0,0.0,1.0177676126819284,3.0,1.108696310148774,28.0,1.1762658626462712,55.0
2015-09-28,1.0,0.0,0.975318654202795,2.0,1.0665402262778276,28.0,1.1290878415580332,55.0
2015-10-05,1.0,0.0,0.89548488387664,1.0,0.9519336409581668,27.0,1.002713002815982,55.0
2015-10-12,1.0,0.0,0.9536431987599209,0.0,0.9804370304014685,26.0,1.0271550553469235,55.0
2015-10-19,1.0,0.0,0.9248086665621522,0.0,0.9054752682515201,25.0,0.9423324231477088,55.0
2015-10-26,1.0,1.0,0.9583197992447763,1.0,0.9001558790699692,25.0,0.9292619136137129,55.0
2015-11-02,1.0,1.0,1.0617439601624965,2.0,1.0116948813111217,26.0,1.0390279878423543,55.0
2015-11-09,1.0,0.0,0.968664179469073,2.0,0.9050467664462781,26.0,0.9240169203292028,54.0
2015-11-16,1.0,1.0,1.015637759341806,3.0,0.9613577491833643,27.0,0.9778430401068261,54.0
2015-11-23,1.0,1.0,1.0395772054258725,3.0,1.009873339466789,28.0,1.0257303160155573,54.0
2015-11-30,1.0,0.0,1.0363589682678842,2.0,1.0035397449815011,27.0,1.0166441880900725,54.0
2015-12-07,1.0,1.0,0.9655847605006355,3.0,0.9462336199546458,27.0,0.9546839946067559,54.0
2015-12-14,1.0,1.0,1.0136013172023786,3.0,1.0038575912142265,28.0,1.0111185539288297,54.0
2015-12-21,1.0,1.0,1.015246049370132,3.0,1.0022490346034594,29.0,1.0091231058833117,54.0
2015-12-28,1.0,0.0,1.0457268936041884,3.0,1.0390430666916246,29.0,1.0477515274225777,53.0
2016-01-04,1.0,0.0,0.9253979902007362,2.0,0.9126865958253229,28.0,0.9201268790635126,52.0
2016-01-11,1.0,0.0,0.924867757923843,1.0,0.8865835825004393,27.0,0.8936551132419257,51.0
2016-01-18,1.0,0.0,0.9436840857546419,0.0,0.8771542164429199,26.0,0.8832893542588451,50.0
2016-01-25,1.0,0.0,0.9445007165365404,0.0,0.8289048614583983,26.0,0.8357476355007568,49.0
2016-02-01,1.0,0.0,0.8542832407429746,0.0,0.7082634291784999,26.0,0.7133421858057287,49.0
2016-02-08,1.0,1.0,0.8540691640034624,1.0,0.6609209293288302,27.0,0.6649590535709298,50.0
2016-02-15,1.0,1.0,0.9924041549644769,2.0,0.7306665885802204,28.0,0.7353918245109079,51.0
2016-02-22,1.0,1.0,1.1354091891974112,3.0,0.8347630252472581,28.0,0.841101813595929,52.0
2016-02-29,1.0,1.0,1.1342172455039368,4.0,0.881460586554635,29.0,0.888824071987219,53.0
2016-03-07,1.0,1.0,1.0843152954505377,4.0,0.907992938476688,30.0,0.9172336739921625,54.0
2016-03-14,1.0,1.0,1.1194535921565683,4.0,1.0147331003038946,30.0,1.027232643281913,55.0
2016-03-21,1.0,1.0,1.0482952315735412,4.0,0.9915201619257338,30.0,1.0039722529346289,55.0
2016-03-28,1.0,1.0,1.049448943141267,4.0,1.031592496285862,30.0,1.0461187366203988,56.0
2016-04-04,1.0,1.0,1.0549807659834973,4.0,1.0828044184745216,30.0,1.0977910735430179,57.0
2016-04-11,1.0,1.0,1.04961232816794,4.0,1.0993182862056325,30.0,1.1142032941134756,57.0
2016-04-18,1.0,0.0,1.0191582418429088,3.0,1.0944152192763097,29.0,1.1086218641644405,56.0
2016-04-25,1.0,0.0,0.9639171601438882,2.0,1.0391139527143272,28.0,1.050355196967474,55.0
2016-05-02,1.0,0.0,0.8918719732688244,1.0,0.9302661746788777,27.0,0.9373911044567079,55.0
2016-05-09,1.0,1.0,0.9055558424915262,1.0,0.9019557091729945,27.0,0.9054188269860668,55.0
2016-05-16,1.0,1.0,0.9972158631252536,2.0,0.9594059832916951,28.0,0.9610648285300815,55.0
2016-05-23,1.0,0.0,1.0303744212533965,2.0,0.973772232249219,27.0,0.9737871179898328,55.0
2016-05-30,1.0,0.0,1.0069431409011556,2.0,0.9597373598067476,26.0,0.9565333664357333,55.0
2016-06-06,1.0,0.0,0.9932584609696689,1.0,0.9629375595553786,25.0,0.9556322936838318,55.0
2016-06-13,1.0,0.0,0.9835556887428138,0.0,0.9537447017016781,25.0,0.9413182397627485,54.0
2016-06-20,1.0,1.0,0.9128071997587736,1.0,0.8599733048726687,26.0,0.8449323112434006,54.0
2016-06-27,1.0,1.0,1.0261757608700037,2.0,0.9689540838475906,26.0,0.947771865427444,54.0
2016-07-04,1.0,1.0,1.029956021330134,3.0,0.9744488956693398,27.0,0.950301797492537,54.0
2016-07-11,1.0,1.0,1.0410589720983618,4.0,0.994812842722375,28.0,0.967936403779657,54.0
2016-07-18,1.0,1.0,1.014989448068995,4.0,1.0050898738242442,29.0,0.9776306474745736,54.0
2016-07-25,1.0,1.0,1.0502326388832233,4.0,1.0625078276795314,30.0,1.0342866793780392,54.0
2016-08-01,1.0,0.0,1.0139174933038713,3.0,1.041036812161979,29.0,1.0154365667289103,53.0
2016-08-08,1.0,0.0,0.98875862793401,2.0,1.0231513929520206,28.0,0.9982866994866524,53.0
2016-08-15,1.0,0.0,0.9831445359151079,1.0,1.0219543016460104,27.0,0.9971017584176912,53.0
2016-08-22,1.0,0.0,0.9770494261308225,0.0,1.0019520962395487,26.0,0.9760506473844794,53.0
2016-08-29,1.0,0.0,0.9110297247822975,0.0,0.9059818172285135,25.0,0.8797510425316188,53.0
2016-09-05,1.0,1.0,0.9291004086484809,1.0,0.8959447704173288,26.0,0.8666638584621361,54.0
2016-09-12,1.0,1.0,1.0048431536482934,2.0,0.9499917187266451,27.0,0.9162753990650414,55.0
2016-09-19,1.0,0.0,1.0306794161942463,2.0,0.960649706249369,27.0,0.9265690101576324,54.0
2016-09-26,1.0,0.0,1.0058791050574958,2.0,0.9468276798956334,27.0,0.9128295592783255,53.0
2016-10-03,1.0,0.0,0.9667482088756038,1.0,0.9134522336287388,27.0,0.8813513021253874,52.0
2016-10-10,1.0,1.0,0.9769326559258831,1.0,0.9138725028256212,27.0,0.8833649264996006,52.0
2016-10-17,1.0,1.0,1.0039134512202026,2.0,0.933322581840339,27.0,0.9011873142852823,53.0
2016-10-24,1.0,0.0,1.0084470118472857,2.0,0.9333915725811344,27.0,0.9024576578431767,53.0
2016-10-31,1.0,0.0,0.9683788321084974,2.0,0.8919210684400101,26.0,0.861279212672981,53.0
2016-11-07,1.0,0.0,0.9679920350484307,1.0,0.8861310739769861,25.0,0.8529506482145383,53.0
2016-11-14,1.0,1.0,0.96855166328991,1.0,0.8732178022501149,26.0,0.8382369009957457,53.0
2016-11-21,1.0,0.0,1.0339252089532165,1.0,0.92989448681489,25.0,0.8921867052688135,52.0
2016-11-28,1.0,0.0,0.9656511494265232,1.0,0.8621074315654088,24.0,0.8247320236205095,52.0
2016-12-05,1.0,1.0,1.0177408460248487,2.0,0.9163297408175239,24.0,0.873981270458359,53.0
2016-12-12,1.0,1.0,1.0480984613361506,2.0,0.9689555278775079,25.0,0.92047394386963,54.0
2016-12-19,1.0,1.0,1.0809140255862746,3.0,1.0206463985155647,26.0,0.9692646721874182,54.0
2016-12-26,1.0,1.0,1.040233670051044,4.0,1.0214705481863784,27.0,0.9704099835290567,54.0
2017-01-02,1.0,1.0,1.0669865701744166,4.0,1.091940190313583,28.0,1.0394312835045996,54.0
2017-01-09,1.0,1.0,1.064008341809318,4.0,1.1286033690155761,29.0,1.077438751574162,55.0
2017-01-16,1.0,1.0,1.0580859438400159,4.0,1.1527489553093706,30.0,1.1076842499688697,56.0
2017-01-23,1.0,1.0,1.0491062039692793,4.0,1.1801376306459777,30.0,1.1423242131547338,57.0
2017-01-30,1.0,1.0,1.0188090314687888,4.0,1.1633795116536039,30.0,1.1320711951698383,58.0
2017-02-06,1.0,1.0,1.057628916517634,4.0,1.2372009154071248,30.0,1.2083145957406853,58.0
2017-02-13,1.0,0.0,1.041291323949362,3.0,1.2428550381023795,29.0,1.2177261861456694,58.0
2017-02-20,1.0,0.0,0.9792434596196204,2.0,1.1680437693731511,28.0,1.145909493790213,58.0
2017-02-27,1.0,0.0,0.958334533339215,1.0,1.1414112425312184,27.0,1.1186770857147248,57.0
2017-03-06,1.0,1.0,0.9514587882588058,1.0,1.1040615199819857,27.0,1.0820586855983985,57.0
2017-03-13,1.0,1.0,1.0318023518999546,2.0,1.1821901428710917,27.0,1.1583265799724038,57.0
2017-03-20,1.0,1.0,1.0320809784613154,3.0,1.188288384489371,27.0,1.1633746922659498,57.0
2017-03-27,1.0,1.0,1.0635838125008046,4.0,1.253958322042577,27.0,1.2274690138458781,57.0
2017-04-03,1.0,1.0,1.0946720660765619,4.0,1.3572110557315626,28.0,1.3305128167784792,57.0
2017-04-10,1.0,1.0,1.0592334432251924,4.0,1.3560664653167225,29.0,1.333698327423781,57.0
2017-04-17,1.0,1.0,1.0268472174926644,4.0,1.3522650239187732,30.0,1.3373225209320545,57.0
2017-04-24,1.0,1.0,1.0245227243800594,4.0,1.3767729535166382,30.0,1.370592913429112,57.0
2017-05-01,1.0,1.0,1.0011201466157573,4.0,1.3413415528297803,30.0,1.3421630233877468,58.0
2017-05-08,1.0,1.0,1.0370441078884927,4.0,1.4005429130473257,31.0,1.409262184848272,58.0
2017-05-15,1.0,1.0,0.9882835554242408,4.0,1.3297312665032148,32.0,1.3457854170369468,58.0
2017-05-22,1.0,1.0,1.02476501606461,4.0,1.3784069489523403,33.0,1.404213455007655,58.0
2017-05-29,1.0,1.0,1.0451858295567427,4.0,1.4257331541599336,34.0,1.4639601961609368,59.0
2017-06-05,1.0,1.0,1.0721154222749327,4.0,1.4786552340149,34.0,1.5327333431406427,60.0
2017-06-12,1.0,1.0,1.0659319301085264,4.0,1.5174668192526872,34.0,1.5865462367823582,60.0
2017-06-19,1.0,0.0,1.0563215341933438,3.0,1.5456495800271226,33.0,1.6298032422745132,60.0
2017-06-26,1.0,0.0,0.9814490289939048,2.0,1.4412077751459242,32.0,1.53076422325808,60.0
2017-07-03,1.0,0.0,0.8763359390279194,1.0,1.2393629586146186,31.0,1.3219630913156903,60.0
2017-07-10,1.0,1.0,0.9459330718438456,1.0,1.2875000016856888,31.0,1.378490655149551,61.0
2017-07-17,1.0,1.0,0.9869197417059437,2.0,1.2800434158012945,32.0,1.3754507247189316,61.0
2017-07-24,1.0,1.0,1.0274517579192066,3.0,1.2949915219100079,33.0,1.3983156539276653,61.0
2017-07-31,1.0,1.0,1.0589544622279117,4.0,1.365476975346458,34.0,1.4823457104080546,61.0
2017-08-07,1.0,0.0,1.0386214330340342,3.0,1.3548558494642677,34.0,1.4797182110633604,60.0
2017-08-14,1.0,0.0,0.9946540019513703,2.0,1.300703301734563,34.0,1.4315348588742172,59.0
2017-08-21,1.0,1.0,0.987172837280138,2.0,1.2881008247092143,34.0,1.4286013077618793,60.0
2017-08-28,1.0,0.0,1.0091000628771938,1.0,1.3008594011199843,33.0,1.4523419754576754,60.0
2017-09-04,1.0,1.0,0.9851467946861481,2.0,1.2445501213230286,34.0,1.396302206998279,61.0
2017-09-11,1.0,1.0,1.0648928562282518,3.0,1.359189498522064,35.0,1.5348134835783442,62.0
2017-09-18,1.0,0.0,0.9822760058870995,2.0,1.2426724249641217,35.0,1.4106611509799971,62.0
2017-09-25,1.0,1.0,0.9639677670211257,3.0,1.1950809266036024,35.0,1.3631731317485394,62.0
2017-10-02,1.0,1.0,0.999048194484846,3.0,1.2367798484694283,35.0,1.419174111981297,62.0
2017-10-09,1.0,0.0,1.012558364041709,2.0,1.2190923836020169,35.0,1.4056705675382397,62.0
2017-10-16,1.0,0.0,0.9869516977741849,2.0,1.1707885520108616,35.0,1.3575662521205538,61.0
2017-10-23,1.0,0.0,0.9311240290689335,1.0,1.0788998409466217,35.0,1.257832750955431,60.0
2017-10-30,1.0,0.0,0.9222147963826677,0.0,1.0208914500998398,34.0,1.196343559643531,60.0
2017-11-06,1.0,1.0,0.9505195941312241,1.0,1.0034343086654651,35.0,1.1802614766908548,60.0
2017-11-13,1.0,1.0,1.0122088009985684,2.0,1.0342237111167578,36.0,1.2232091112104666,60.0
2017-11-20,1.0,0.0,1.0181660004455118,2.0,1.027542252151739,35.0,1.2211214899886054,59.0
2017-11-27,1.0,0.0,0.9887107805257475,2.0,0.991452032601223,34.0,1.183169983441335,59.0
2017-12-04,1.0,1.0,1.0065960989095208,2.0,1.0126005742100124,34.0,1.2114956419848164,60.0
2017-12-11,1.0,1.0,1.072728146839243,2.0,1.0944737265363298,34.0,1.313378848125886,61.0
2017-12-18,1.0,0.0,1.008129827481412,2.0,1.0300018320907744,33.0,1.2377839469329615,61.0
2017-12-25,1.0,0.0,0.9616022771014672,2.0,0.981558598380988,32.0,1.1796728513316657,61.0
2018-01-01,1.0,1.0,0.9766616718252372,2.0,0.9935456306857332,32.0,1.192531408233711,62.0
2018-01-08,1.0,1.0,1.043068230809406,2.0,1.0496968751253757,32.0,1.257740265194868,62.0
2018-01-15,1.0,1.0,1.065372078299769,3.0,1.0860884043824044,32.0,1.3004398177406122,62.0
2018-01-22,1.0,0.0,1.0191205720659626,3.0,1.0590020270471436,31.0,1.2666238590597967,61.0
2018-01-29,1.0,0.0,1.001573412535454,2.0,1.057111446312351,31.0,1.2632884892195295,60.0
2018-02-05,1.0,0.0,0.9217840817245283,1.0,0.9514877312349563,31.0,1.1365014114048382,59.0
2018-02-12,1.0,1.0,1.007091826723325,1.0,1.0230680189224761,32.0,1.2236835944369497,59.0
2018-02-19,1.0,0.0,1.0495561214772278,1.0,1.0665188830673755,31.0,1.2782899146780027,58.0
2018-02-26,1.0,0.0,1.0055510601535722,1.0,1.0107218851256583,30.0,1.2125233833019615,57.0
2018-03-05,1.0,0.0,0.9695146735658646,1.0,0.9829494067660485,29.0,1.1804657973482846,56.0
2018-03-12,1.0,0.0,0.962349023517841,0.0,0.9629727731817255,28.0,1.1566770487754177,55.0
2018-03-19,1.0,0.0,0.9385144746152162,0.0,0.9036633941515141,27.0,1.0835085777094606,55.0
2018-03-26,1.0,0.0,0.8752909065840556,0.0,0.7993601322678205,26.0,0.9554006700789709,55.0
2018-04-02,1.0,1.0,1.007472722749028,1.0,0.8993313594572999,26.0,1.0712355338709394,56.0
2018-04-09,1.0,0.0,1.0291696349760133,1.0,0.903201607760954,25.0,1.0714019615267287,55.0
2018-04-16,1.0,0.0,1.0042819441462862,1.0,0.8737799573757655,24.0,1.0327946950191038,54.0
2018-04-23,1.0,1.0,0.9935470878067225,2.0,0.8869816292260858,24.0,1.0438203686103065,55.0
2018-04-30,1.0,1.0,0.9979724661706946,2.0,0.8879084391249943,24.0,1.041080772102443,56.0
2018-05-07,1.0,0.0,1.0210009759744372,2.0,0.9102756280286869,23.0,1.0626597544728527,56.0
2018-05-14,1.0,0.0,0.9495990347725003,2.0,0.8401866525313915,22.0,0.9749877795126479,56.0
2018-05-21,1.0,1.0,0.9692219398457267,2.0,0.8503987536844597,22.0,0.9791820769387689,56.0
2018-05-28,1.0,1.0,1.0163074945923167,2.0,0.8942936249642819,22.0,1.0220230993628379,56.0
2018-06-04,1.0,1.0,1.0905377303895127,3.0,0.9774226295769949,23.0,1.1086042229709498,56.0
2018-06-11,1.0,1.0,1.1493622214097565,4.0,1.1023030427910836,24.0,1.2439991799807002,56.0
2018-06-18,1.0,0.0,1.0255440968503573,3.0,1.0254905196711028,24.0,1.1543020848275491,55.0
2018-06-25,1.0,0.0,1.0143373336868193,2.0,1.0531555412002034,23.0,1.1821239282159755,54.0
2018-07-02,1.0,0.0,0.9195846748138057,1.0,0.9497297623980225,22.0,1.061869217099515,54.0
2018-07-09,1.0,1.0,0.9778663618535297,1.0,0.9813606775478962,22.0,1.0926390598067055,55.0
2018-07-16,1.0,0.0,0.9766565424811577,1.0,0.9676608750247861,21.0,1.0712607743886104,55.0
2018-07-23,1.0,1.0,0.959783006419994,2.0,0.9205008117864413,22.0,1.0125645676247854,56.0
2018-07-30,1.0,1.0,1.0899045025534484,3.0,1.0783924005776042,23.0,1.180252044290312,57.0
2018-08-06,1.0,0.0,1.0818155674721435,2.0,1.100557566837037,22.0,1.198523968095148,56.0
2018-08-13,1.0,0.0,0.9354379550437832,2.0,0.9487253626559902,22.0,1.026519839226963,55.0
2018-08-20,1.0,0.0,0.969444009186771,1.0,1.003795424477726,21.0,1.0805285510689682,55.0
2018-08-27,1.0,0.0,0.9386761084630544,0.0,0.9425802664130086,20.0,1.0064139297789418,55.0
2018-09-03,1.0,0.0,0.8824525317206885,0.0,0.8270720771767881,20.0,0.8762871992215217,55.0
2018-09-10,1.0,1.0,0.9982078336816254,1.0,0.9301698487431361,20.0,0.9794595707348741,55.0
2018-09-17,1.0,0.0,1.0320911157809232,1.0,0.94590298052448,19.0,0.9891501341961737,54.0
2018-09-24,1.0,0.0,0.943660809239867,1.0,0.8421710672881159,19.0,0.8737453128293582,54.0
2018-10-01,1.0,0.0,0.9346844709125038,1.0,0.8376320720096134,19.0,0.8624075503674522,54.0
2018-10-08,1.0,0.0,0.9543795307553106,0.0,0.8307944596288954,19.0,0.8500060700374665,54.0
2018-10-15,1.0,1.0,0.9947393025173472,1.0,0.8371886347387963,20.0,0.8519151283460876,54.0
2018-10-22,1.0,1.0,1.1906839410552514,2.0,1.0635719456325543,20.0,1.0794774448482003,55.0
2018-10-29,1.0,1.0,1.1584747063097434,3.0,1.1111838140000125,20.0,1.124026805083282,56.0
2018-11-05,1.0,1.0,1.08869251411328,4.0,1.1218193492206625,21.0,1.1315172601000636,56.0
2018-11-12,1.0,0.0,1.0254028322374424,3.0,1.1305237862009916,21.0,1.1382060516810901,55.0
2018-11-19,1.0,0.0,0.9464511511999307,2.0,1.0389410875987686,20.0,1.0429463670231311,54.0
2018-11-26,1.0,1.0,1.0150529088209652,2.0,1.117039260929594,20.0,1.116957740277725,54.0
2018-12-03,1.0,1.0,1.031175546241219,2.0,1.1385329606399475,21.0,1.136158478194854,54.0
2018-12-10,1.0,0.0,1.0448931623067024,2.0,1.1591420161956951,21.0,1.1560293563635418,53.0
2018-12-17,1.0,0.0,0.9176070647908087,2.0,1.01332727071355,20.0,1.008418507533694,52.0
2018-12-24,1.0,0.0,0.9696221236263011,1.0,1.0581666555650588,19.0,1.0502038547152794,51.0
2018-12-31,1.0,1.0,0.9504277871697979,1.0,1.0089534880371664,19.0,0.9972273007914629,51.0
2019-01-07,1.0,0.0,1.0534283054346765,1.0,1.1025562332958776,19.0,1.0873840441294902,50.0
2019-01-14,1.0,0.0,0.9292587952135324,1.0,0.9622155749721303,19.0,0.9455852370388702,50.0
2019-01-21,1.0,1.0,0.9398141485859486,2.0,0.9464044510165577,20.0,0.9280925613029468,51.0
2019-01-28,1.0,1.0,0.9921112936252467,2.0,0.9962156143717609,20.0,0.9736459398598138,52.0
2019-02-04,1.0,0.0,1.0048385509575064,2.0,0.9786508489536322,20.0,0.9518124266509105,51.0
2019-02-11,1.0,0.0,1.0070241080361633,2.0,0.987028347470473,20.0,0.9569050885483464,50.0
2019-02-18,1.0,0.0,0.9657873126874953,1.0,0.9467773002037874,20.0,0.9150748042660917,49.0
2019-02-25,1.0,0.0,0.9800362099480744,0.0,0.9486531812281817,20.0,0.9148547675158605,48.0
2019-03-04,1.0,0.0,0.9619473436850325,0.0,0.9154059899980879,20.0,0.8823072948939992,47.0
2019-03-11,1.0,0.0,0.9587927487420171,0.0,0.8868137785725029,20.0,0.8560205143893713,46.0
2019-03-18,1.0,1.0,0.9456872025723407,1.0,0.8536298304835377,20.0,0.823194661603329,46.0
2019-03-25,1.0,1.0,1.0140222677549107,2.0,0.9042945799941553,21.0,0.8718285048452589,46.0
2019-04-01,1.0,0.0,1.004621990232726,2.0,0.8893397387405693,21.0,0.8574558150979771,45.0
2019-04-08,1.0,0.0,0.9850512766747526,2.0,0.8673377997011776,20.0,0.8363050616838635,44.0
2019-04-15,1.0,0.0,0.9974994704347777,1.0,0.8865486165574807,19.0,0.8546778441866092,43.0
2019-04-22,1.0,0.0,0.8948680220254617,0.0,0.7661514318772016,19.0,0.737525658306778,42.0
2019-04-29,1.0,1.0,0.9893224463168356,1.0,0.8321402376713044,20.0,0.8020452358886435,42.0
2019-05-06,1.0,0.0,0.9552619965455776,1.0,0.7835435154340976,19.0,0.7560687424262144,41.0
2019-05-13,1.0,0.0,0.897312721187007,1.0,0.694012384910904,18.0,0.6695265401670334,40.0
2019-05-20,1.0,0.0,0.8508273521586451,1.0,0.632205301045095,17.0,0.6085269186477372,40.0
2019-05-27,1.0,1.0,0.8962896340945128,1.0,0.6211930233521042,17.0,0.5944137385161408,41.0
2019-06-03,1.0,1.0,1.0337157949095037,2.0,0.692073135476797,18.0,0.6587997234533421,42.0
2019-06-10,1.0,1.0,1.0810729305587516,3.0,0.7336946556244635,19.0,0.6948944125120212,42.0
2019-06-17,1.0,1.0,1.0738105601844814,4.0,0.7619143089729898,20.0,0.7198128575626023,42.0
2019-06-24,1.0,1.0,1.0336517263847118,4.0,0.7724711729334056,20.0,0.7276388388808506,42.0
2019-07-01,1.0,1.0,1.0437235560183262,4.0,0.8103040343782396,21.0,0.7621014249375466,42.0
2019-07-08,1.0,1.0,1.0615268175051047,4.0,0.8550461742733414,21.0,0.8042347487355973,43.0
2019-07-15,1.0,0.0,1.0759517356856187,3.0,0.9064417762619605,20.0,0.8497120689354027,43.0
2019-07-22,1.0,0.0,0.9458316306701835,2.0,0.8078532524198826,20.0,0.7534925814754133,42.0
2019-07-29,1.0,1.0,0.9707137431997598,2.0,0.8343783865042541,21.0,0.7774188587894096,43.0
2019-08-05,1.0,0.0,0.9837478705765647,1.0,0.8420291163206547,21.0,0.7824550730774682,42.0
2019-08-12,1.0,0.0,0.9590442044614155,1.0,0.7926760138038295,21.0,0.7361988966568032,41.0
2019-08-19,1.0,1.0,0.9388357680118871,2.0,0.7647549902353921,22.0,0.7109373675600559,42.0
2019-08-26,1.0,1.0,1.011749404270297,2.0,0.8202908211267944,22.0,0.7616838643559093,42.0
2019-09-02,1.0,1.0,1.02872000877458,3.0,0.8313121394100418,23.0,0.7712660881632368,42.0
2019-09-09,1.0,1.0,1.0782050378423649,4.0,0.8974708851895502,24.0,0.8345784912248843,43.0
2019-09-16,1.0,0.0,1.0251362942063416,3.0,0.8820846256035907,24.0,0.8219125128801638,43.0
2019-09-23,1.0,0.0,1.0137325062359537,2.0,0.8887050566316631,24.0,0.8293009499506867,43.0
2019-09-30,1.0,1.0,0.9649148783185494,2.0,0.8512173917235316,24.0,0.7946853165967042,44.0
2019-10-07,1.0,1.0,1.0306526199666497,2.0,0.9173601830897989,24.0,0.8528192209340871,44.0
2019-10-14,1.0,1.0,1.050490564267776,3.0,0.9572263331297256,24.0,0.8857589386656608,44.0
2019-10-21,1.0,1.0,1.2331078956170654,4.0,1.2244378831128253,24.0,1.1306406506773545,45.0
2019-10-28,1.0,1.0,1.093310537930881,4.0,1.1727244653617293,25.0,1.0793230420438362,46.0
2019-11-04,1.0,1.0,1.0914830120146386,4.0,1.2608530352873832,26.0,1.160535187035439,46.0
2019-11-11,1.0,0.0,1.0585609846898134,3.0,1.3168965613848334,25.0,1.211909140034295,45.0
2019-11-18,1.0,0.0,0.9973795912283984,2.0,1.2476885266875144,24.0,1.1457686787307562,45.0
2019-11-25,1.0,1.0,0.9759445073814429,2.0,1.2393965532479287,25.0,1.1343781295807562,46.0
2019-12-02,1.0,1.0,0.9944635446596047,2.0,1.2602211377095367,26.0,1.1540688807894157,46.0
2019-12-09,1.0,1.0,1.0562162132764943,3.0,1.3421690855140989,27.0,1.2304383233795262,46.0
2019-12-16,1.0,1.0,1.134668213211666,4.0,1.5089980279037345,27.0,1.3898355157758402,46.0
2019-12-23,1.0,1.0,1.1249926078945909,4.0,1.5913865554497226,28.0,1.4703731714436796,47.0
2019-12-30,1.0,1.0,1.0822477561246915,4.0,1.6212127613908442,29.0,1.5084077578484458,48.0
2020-01-06,1.0,1.0,1.088479519513965,4.0,1.7269176854162485,29.0,1.6188110683938317,49.0
2020-01-13,1.0,1.0,1.0966466750195885,4.0,1.8177195496291396,29.0,1.718154049466861,49.0
2020-01-20,1.0,1.0,1.131631674708708,4.0,1.974710072671006,30.0,1.8874589142985858,50.0
2020-01-27,1.0,1.0,1.1806863895223454,4.0,2.2212806520266533,31.0,2.151331669423416,51.0
2020-02-03,1.0,1.0,1.2095102679887413,4.0,2.477481237903521,32.0,2.4397904679933236,52.0
2020-02-10,1.0,1.0,1.1579994976342407,4.0,2.563766551660249,33.0,2.5691460363930116,53.0
2020-02-17,1.0,0.0,1.162704386470462,3.0,2.7775225428113046,33.0,2.8387447513834427,53.0
2020-02-24,1.0,0.0,0.8571969106763943,2.0,2.0105585327481235,33.0,2.078295606439639,53.0
2020-03-02,1.0,0.0,0.9158405208717422,1.0,2.062870194708753,32.0,2.1615330072988703,52.0
2020-03-09,1.0,0.0,0.7755978180032593,0.0,1.578206433448813,31.0,1.6669462286769985,52.0
2020-03-16,1.0,0.0,0.7290695225456164,0.0,1.2235888241636208,31.0,1.2983392803708735,52.0
2020-03-23,1.0,1.0,0.9386174526716848,1.0,1.4516010475135055,32.0,1.5516481252596446,52.0
2020-03-30,1.0,1.0,0.9753723590327605,2.0,1.3390341824627736,33.0,1.4399498332463334,52.0
2020-04-06,1.0,1.0,1.1489297567330305,3.0,1.568865837609748,34.0,1.7049953700272964,53.0
2020-04-13,1.0,1.0,1.2991047887246172,4.0,2.009252473787786,34.0,2.2118460068104464,54.0
2020-04-20,1.0,0.0,1.1455539926955416,3.0,1.8838891636218837,34.0,2.1000275438447478,53.0
2020-04-27,1.0,1.0,1.0188569233749696,3.0,1.776718873698132,35.0,2.007212303933157,53.0
2020-05-04,1.0,1.0,1.0926400985942668,3.0,2.01181716659168,36.0,2.31201829184263,53.0
2020-05-11,1.0,0.0,1.049792131280127,2.0,1.904674051079119,35.0,2.227169808587885,52.0
2020-05-18,1.0,1.0,1.0416763940663465,3.0,1.891665105872117,35.0,2.2462734162653257,53.0
2020-05-25,1.0,1.0,1.0212599617962235,3.0,1.8796451202126758,35.0,2.2654475501216584,54.0
2020-06-01,1.0,1.0,1.0617164535926784,3.0,1.935831566571004,35.0,2.3658721452345475,55.0
2020-06-08,1.0,1.0,1.0772571094255383,4.0,1.9825957173331303,35.0,2.457949494289319,55.0
2020-06-15,1.0,1.0,1.0948250664174415,4.0,2.0548092125185997,35.0,2.5837312850518734,56.0
2020-06-22,1.0,1.0,1.015173533806135,4.0,1.9141418107406853,35.0,2.4358196681544984,56.0
2020-06-29,1.0,1.0,1.1778646945498454,4.0,2.3225416553601055,36.0,3.0020167338738672,56.0
2020-07-06,1.0,1.0,1.3107054811128727,4.0,2.8252199711468067,37.0,3.72646975199979,57.0
2020-07-13,1.0,0.0,1.151416693880065,3.0,2.623542501130356,36.0,3.519290135757471,57.0
2020-07-20,1.0,0.0,0.9994445595235946,2.0,2.3786901596935306,36.0,3.2395768894536405,57.0
2020-07-27,1.0,1.0,0.9711178177802336,2.0,2.307966338535916,37.0,3.1887225398000325,58.0
2020-08-03,1.0,1.0,1.001642744019884,2.0,2.253141809254809,37.0,3.1540301798439727,59.0
2020-08-10,1.0,1.0,1.1095009528922861,3.0,2.451850738500158,37.0,3.4814557939109667,59.0
2020-08-17,1.0,1.0,1.2454010434449856,4.0,2.8885112855630433,37.0,4.169571689391359,60.0
2020-08-24,1.0,1.0,1.2018243934326807,4.0,2.9548829072901404,37.0,4.330331391004897,61.0
2020-08-31,1.0,0.0,1.0450567313578802,3.0,2.660781670237361,37.0,3.9506251755348716,61.0
2020-09-07,1.0,1.0,0.9070179958247468,3.0,2.2768083454109633,38.0,3.416419204843175,62.0
2020-09-14,1.0,1.0,1.0553324474991947,3.0,2.5763295864650457,38.0,3.9128948183693133,62.0
2020-09-21,1.0,0.0,0.9931912212159496,2.0,2.278501888614774,37.0,3.499190494258102,61.0
2020-09-28,1.0,1.0,1.0140841384632668,3.0,2.231074489536006,37.0,3.4628964011231496,61.0
2020-10-05,1.0,1.0,1.0220302103867387,3.0,2.2438584688141985,37.0,3.513975538152408,61.0
2020-10-12,1.0,0.0,1.0368964373458074,2.0,2.1878810491408833,36.0,3.4566633027003406,61.0
2020-10-19,1.0,0.0,0.9842809722352958,2.0,2.0220551631698522,35.0,3.21706641623076,61.0
2020-10-26,1.0,1.0,0.9226196454278502,2.0,1.8101146228554208,36.0,2.897356001637059,61.0
2020-11-02,1.0,1.0,1.0247334867040314,2.0,1.9398574056769933,37.0,3.1266234568645315,61.0
2020-11-09,1.0,1.0,0.992034603188949,3.0,1.787822592825355,37.0,2.8999162870021045,62.0
2020-11-16,1.0,1.0,1.1412155696623552,4.0,2.066397938152286,37.0,3.3737658792820855,63.0
2020-11-23,1.0,1.0,1.2242739171005306,4.0,2.3693825140943194,37.0,3.8969463186074176,64.0
2020-11-30,1.0,1.0,1.1503905235704306,4.0,2.3256557020557462,37.0,3.848199971451851,64.0
2020-12-07,1.0,1.0,1.0680966751837082,4.0,2.275596078707966,37.0,3.787041625403892,65.0
2020-12-14,1.0,1.0,1.1165600655352246,4.0,2.4805022291174335,37.0,4.151275172105279,66.0
2020-12-21,1.0,1.0,1.031678216793365,4.0,2.2701606393148586,37.0,3.8155104232732135,66.0
2020-12-28,1.0,1.0,1.0562222169997446,4.0,2.324498902865931,37.0,3.9231275689389284,66.0
2021-01-04,1.0,1.0,1.1963051271831016,4.0,2.7593708578379226,37.0,4.6793907867295195,67.0
2021-01-11,1.0,0.0,1.075162174716013,3.0,2.4821427717808855,36.0,4.221374095017703,67.0
2021-01-18,1.0,0.0,1.0393034564333927,2.0,2.4414186864458562,35.0,4.158640350976656,67.0
2021-01-25,1.0,1.0,0.9485320331979383,2.0,2.207607859047724,35.0,3.7620275108728065,68.0
2021-02-01,1.0,1.0,1.0272286736054026,2.0,2.285454251172485,36.0,3.893496749164291,69.0
2021-02-08,1.0,0.0,0.9866889465317275,2.0,2.1113278826331796,36.0,3.6032451046925233,69.0
2021-02-15,1.0,0.0,0.9636220734462291,2.0,1.9564018598865385,36.0,3.342033941432562,68.0
2021-02-22,1.0,0.0,0.8645985247124053,1.0,1.6448366870223254,36.0,2.8148759157486456,67.0
2021-03-01,1.0,1.0,0.8331272373395426,1.0,1.4205518657703036,37.0,2.436587989514289,68.0
2021-03-08,1.0,1.0,1.0096198691767344,2.0,1.6030914416304338,37.0,2.7550118335045446,69.0
2021-03-15,1.0,0.0,0.9990198248045079,2.0,1.4751899540680822,36.0,2.540138991125215,69.0
2021-03-22,1.0,1.0,0.9647521111161255,3.0,1.3627832967330513,36.0,2.3478179516859226,70.0
2021-03-29,1.0,1.0,1.0068237269258373,3.0,1.4254967805446122,36.0,2.454262039289136,70.0
2021-04-05,1.0,1.0,1.0366452058237683,3.0,1.425713755677237,37.0,2.4536454900063758,71.0
2021-04-12,1.0,1.0,1.097083724015718,4.0,1.5195102686124957,37.0,2.6149887940403462,72.0
2021-04-19,1.0,0.0,1.0390498274193714,3.0,1.4641748035671527,36.0,2.5167985989794084,72.0
2021-04-26,1.0,0.0,0.9937386835083378,2.0,1.3933628255170327,36.0,2.3924188455000017,71.0
2021-05-03,1.0,0.0,0.9433495158951566,1.0,1.2946710569843816,35.0,2.220131761823574,70.0
2021-05-10,1.0,0.0,0.8733815970817695,0.0,1.117373364689317,34.0,1.9127594586105228,69.0
2021-05-17,1.0,1.0,0.9103168216810856,1.0,1.0840016815786875,34.0,1.8517996365988176,69.0
2021-05-24,1.0,1.0,1.0132362937131287,2.0,1.147972840372017,34.0,1.9569354868399362,69.0
2021-05-31,1.0,0.0,1.0005470097101965,2.0,1.084043462889255,33.0,1.8431535419618308,68.0
2021-06-07,1.0,1.0,1.010153030232582,3.0,1.0872141292718633,33.0,1.8446725329647333,68.0
2021-06-14,1.0,1.0,1.014555646869321,3.0,1.096223823043798,33.0,1.853219012386509,69.0
2021-06-21,1.0,1.0,1.0732233222485736,3.0,1.16673224735391,33.0,1.961081798624077,70.0
2021-06-28,1.0,0.0,1.0509410075729233,3.0,1.1636340858806757,33.0,1.945706872372081,69.0
2021-07-05,1.0,0.0,0.9987723513480333,2.0,1.1117752059420567,33.0,1.8504512454352686,69.0
2021-07-12,1.0,0.0,0.9716962050015644,1.0,1.0771771593136983,32.0,1.784425144314511,69.0
2021-07-19,1.0,1.0,0.9809678185925245,1.0,1.0632272355175698,32.0,1.7529126692009593,69.0
2021-07-26,1.0,1.0,1.0444760862470401,2.0,1.1223969262986304,32.0,1.8401115451912593,69.0
2021-08-02,1.0,1.0,1.0458132420812227,3.0,1.1311507396778346,32.0,1.8397769877134684,69.0
2021-08-09,1.0,0.0,1.0443526219233106,3.0,1.1501717061416918,31.0,1.854719560678542,68.0
2021-08-16,1.0,0.0,0.9774798224875522,2.0,1.0818869116156804,31.0,1.7309661778880827,68.0
2021-08-23,1.0,1.0,1.0139685683780943,2.0,1.1201534383034137,31.0,1.7814509051778564,69.0
2021-08-30,1.0,1.0,1.0321359623737623,2.0,1.1437294422095319,31.0,1.8045906389715767,69.0
2021-09-06,1.0,1.0,1.0290214861281703,3.0,1.1362843981763362,32.0,1.7811443945401901,69.0
2021-09-13,1.0,1.0,1.032880559346194,4.0,1.1597908878542238,32.0,1.806373756796368,69.0
2021-09-20,1.0,1.0,1.0312412746858621,4.0,1.1703770119167953,32.0,1.811278814718711,69.0
2021-09-27,1.0,1.0,1.0182276931135636,4.0,1.1598672827689815,33.0,1.7834954808224661,69.0
2021-10-04,1.0,1.0,1.0153073081039343,4.0,1.1625404137380446,34.0,1.7777543706309646,69.0
2021-10-11,1.0,1.0,1.0610390637344296,4.0,1.2311202532413326,34.0,1.8751924150132875,70.0
2021-10-18,1.0,1.0,1.0981764664305995,4.0,1.31009619175353,34.0,1.9861981897478196,71.0
2021-10-25,1.0,1.0,1.2200865627322612,4.0,1.572399883063603,34.0,2.377899415731644,71.0
2021-11-01,1.0,0.0,1.1955488282736908,3.0,1.6900219549954971,33.0,2.5458626199103955,70.0
2021-11-08,1.0,0.0,0.9659958845674618,2.0,1.4116332281407455,32.0,2.110539703035246,69.0
2021-11-15,1.0,1.0,1.0092464692154168,2.0,1.530704512883419,32.0,2.27318029334985,69.0
2021-11-22,1.0,0.0,0.9671895915981882,1.0,1.4382013499366244,31.0,2.1207252339759375,68.0
2021-11-29,1.0,0.0,0.9513775485903989,1.0,1.337823811383703,30.0,1.954011792934593,67.0
2021-12-06,1.0,0.0,0.9569840548459234,1.0,1.3281010423416322,29.0,1.9238510925138992,66.0
2021-12-13,1.0,1.0,0.9218556971507289,1.0,1.2106336370011734,29.0,1.736799177405125,66.0
2021-12-20,1.0,1.0,1.0586446229342943,2.0,1.378454623951707,29.0,1.9524678362175636,66.0
2021-12-27,1.0,0.0,1.037742639311922,2.0,1.3571645050106338,29.0,1.9015230480388454,65.0
2022-01-03,1.0,0.0,1.0060074033925168,2.0,1.3127881264719694,29.0,1.8191481335761375,64.0
2022-01-10,1.0,0.0,0.9995452605867392,1.0,1.3330147937708665,28.0,1.8304255634249127,63.0
2022-01-17,1.0,0.0,0.9260162970939145,0.0,1.1959773294944573,27.0,1.6244421171744217,63.0
2022-01-24,1.0,0.0,0.8754997693199349,0.0,1.0715548244914102,27.0,1.4389093769756767,63.0
2022-01-31,1.0,1.0,0.9814253181098532,1.0,1.1648168532816172,28.0,1.5491562755182007,64.0
2022-02-07,1.0,0.0,0.9626227752301557,1.0,1.0799081415551202,28.0,1.4249698012787197,64.0
2022-02-14,1.0,0.0,0.9831557569421899,1.0,1.069160728507723,27.0,1.4020437568171586,64.0
2022-02-21,1.0,0.0,0.9389334345440953,1.0,1.0074671429093112,26.0,1.3098201441866784,63.0
2022-02-28,1.0,0.0,0.996439957425532,0.0,1.0380839779887778,26.0,1.3397010371842402,62.0
2022-03-07,1.0,1.0,0.9639174891689777,1.0,0.9806198927609923,26.0,1.2573975254512262,62.0
2022-03-14,1.0,1.0,1.0814177718433333,2.0,1.1096262320544932,26.0,1.4144889391662485,62.0
2022-03-21,1.0,1.0,1.138855183173818,3.0,1.2285716718939144,26.0,1.557853362607045,63.0
2022-03-28,1.0,1.0,1.1428857403921628,4.0,1.3075068336062914,26.0,1.6478569733594388,63.0
2022-04-04,1.0,0.0,1.0188394964082224,3.0,1.2274969158867184,26.0,1.5379315524155541,62.0
2022-04-11,1.0,0.0,0.9596368288385182,2.0,1.171304152363395,26.0,1.4591515649348121,62.0
2022-04-18,1.0,0.0,0.9805054903885739,1.0,1.1857645318284016,26.0,1.4705181165512795,61.0
2022-04-25,1.0,0.0,0.8962354824083314,0.0,1.0205609802402726,26.0,1.2610495416410514,60.0
2022-05-02,1.0,0.0,0.92919282370191,0.0,1.0078442953607605,25.0,1.2412721126416273,59.0
2022-05-09,1.0,0.0,0.8767633755052278,0.0,0.893003218870802,24.0,1.094388381186405,58.0
2022-05-16,1.0,0.0,0.8377551594951681,0.0,0.7692068934476858,24.0,0.9379080706683735,57.0
2022-05-23,1.0,1.0,0.9933797217443618,1.0,0.8770781502828384,24.0,1.0646102944428368,57.0
2022-05-30,1.0,0.0,0.9715293554759212,1.0,0.8108250612592364,23.0,0.979674198088158,56.0
2022-06-06,1.0,0.0,0.9868933888078723,1.0,0.8024599906988947,22.0,0.9649118387924971,55.0
2022-06-13,1.0,1.0,0.9256160538958146,2.0,0.7494982632946463,23.0,0.8962881067836213,56.0
2022-06-20,1.0,1.0,1.0576975612101525,2.0,0.848020952506115,24.0,1.0096665327266137,57.0
2022-06-27,1.0,1.0,0.9860008602888009,3.0,0.7836890159533946,25.0,0.9288449259681187,57.0
2022-07-04,1.0,1.0,1.066518294914848,4.0,0.8625661593207228,25.0,1.01848449979838,57.0
2022-07-11,1.0,1.0,0.9963339484925154,4.0,0.8251477314377391,25.0,0.9699176549475171,57.0
2022-07-18,1.0,1.0,1.0995991615449618,4.0,0.9332287145091877,25.0,1.093925810281213,57.0
2022-07-25,1.0,1.0,1.1210845182297426,4.0,1.0145659348505365,26.0,1.1868714169670218,57.0
2022-08-01,1.0,1.0,1.0501535422311374,4.0,0.9797961904224439,27.0,1.1442065182961623,58.0
2022-08-08,1.0,1.0,1.0367371164714434,4.0,1.0157882809140082,27.0,1.1830402073817692,58.0
2022-08-15,1.0,0.0,1.0039339237136364,3.0,1.000867458967911,26.0,1.1629328724049195,57.0
2022-08-22,1.0,0.0,0.982440374566767,2.0,0.9691422265897937,25.0,1.1226097792366172,57.0
2022-08-29,1.0,1.0,0.9357948980273961,2.0,0.9079520882724935,25.0,1.04755414327263,57.0
2022-09-05,1.0,1.0,1.0381704084430212,2.0,1.0041724127962215,25.0,1.1548636405041612,57.0
2022-09-12,1.0,0.0,1.0448365567442934,2.0,1.0134176021010175,24.0,1.1619855727483148,57.0
2022-09-19,1.0,0.0,0.9588618617309265,2.0,0.9189806993276792,23.0,1.049224017416047,57.0
2022-09-26,1.0,0.0,0.9277638474569921,1.0,0.8862687013977942,22.0,1.0056033259444415,56.0
2022-10-03,1.0,0.0,0.8362511989661434,0.0,0.7493483307224311,21.0,0.843143217796478,55.0
2022-10-10,1.0,0.0,0.8465064652392249,0.0,0.6963958202013116,20.0,0.7727954901335541,54.0
2022-10-17,1.0,1.0,0.9449297662871287,1.0,0.7381755693354659,21.0,0.8068626827937153,54.0
2022-10-24,1.0,0.0,1.0494362891702156,1.0,0.792974059578136,21.0,0.8587658774917757,53.0
2022-10-31,1.0,0.0,0.97014331188888,1.0,0.7286042139275505,20.0,0.7794329243310271,52.0
2022-11-07,1.0,0.0,0.9261342112521274,1.0,0.6962709275316701,20.0,0.7364328174483186,51.0
2022-11-14,1.0,0.0,0.8874715282159459,0.0,0.6474810417320126,20.0,0.6784457983382255,50.0
2022-11-21,1.0,1.0,0.9542720677366088,1.0,0.6645325619293447,21.0,0.6894782639769327,50.0
2022-11-28,1.0,0.0,1.0339045967435718,1.0,0.7141628526730999,20.0,0.7358444565722011,49.0
2022-12-05,1.0,0.0,0.9718302291607308,1.0,0.664825983608798,19.0,0.6790724076403847,48.0
2022-12-12,1.0,0.0,0.8499575430129509,1.0,0.5663115522941724,19.0,0.5724859057107202,48.0
2022-12-19,1.0,0.0,0.7610190261038822,0.0,0.47202970771450053,19.0,0.47215331224957796,48.0
2022-12-26,1.0,0.0,0.8559962486722685,0.0,0.48049467982753474,19.0,0.47484127738657955,47.0
2023-01-02,1.0,0.0,0.8874062920752983,0.0,0.44806521804497734,19.0,0.4387223689586391,46.0
2023-01-09,1.0,1.0,1.0162103928540385,1.0,0.49129990467328216,20.0,0.4777397660664763,47.0
2023-01-16,1.0,1.0,1.0845831714093594,2.0,0.5431350338023783,20.0,0.5233464128233725,48.0
2023-01-23,1.0,1.0,1.3014374832725892,3.0,0.7306776794702647,21.0,0.6991175578091343,49.0
2023-01-30,1.0,1.0,1.218406278537982,4.0,0.786474510887916,22.0,0.7468640035312342,49.0
2023-02-06,1.0,1.0,1.1280024234329231,4.0,0.8200412889559853,23.0,0.7750759017160715,49.0
2023-02-13,1.0,0.0,1.0778186018355629,3.0,0.872775805738076,23.0,0.8203540868950386,49.0
2023-02-20,1.0,0.0,0.9942681387251754,2.0,0.829630285077591,22.0,0.775626968919854,48.0
2023-02-27,1.0,0.0,0.9891107029569473,1.0,0.840835172051701,21.0,0.7799122858458856,47.0
2023-03-06,1.0,0.0,0.8935370178534042,0.0,0.7477099786537157,20.0,0.685308510943056,46.0
